row_index,Date,Time,y_true_original,y_true_meaning,y_pred_original,y_pred_meaning,correct
0,2024-08-08,19:19:56,0,Vacancy,0,Vacancy,True
1,2024-08-08,19:20:12,1,Stationary human presence,1,Stationary human presence,True
2,2024-08-08,19:20:28,0,Vacancy,0,Vacancy,True
3,2024-08-08,19:20:44,0,Vacancy,1,Stationary human presence,False
4,2024-08-08,19:21:00,0,Vacancy,0,Vacancy,True
5,2024-08-08,19:21:16,0,Vacancy,0,Vacancy,True
6,2024-08-08,19:21:32,0,Vacancy,0,Vacancy,True
7,2024-08-08,19:21:48,0,Vacancy,0,Vacancy,True
8,2024-08-08,19:22:04,0,Vacancy,0,Vacancy,True
9,2024-08-08,19:22:20,0,Vacancy,0,Vacancy,True
10,2024-08-08,19:22:36,0,Vacancy,0,Vacancy,True
11,2024-08-08,19:22:52,0,Vacancy,0,Vacancy,True
12,2024-08-08,19:23:08,0,Vacancy,0,Vacancy,True
13,2024-08-08,19:23:24,0,Vacancy,0,Vacancy,True
14,2024-08-08,19:23:40,0,Vacancy,0,Vacancy,True
15,2024-08-08,19:23:56,0,Vacancy,0,Vacancy,True
16,2024-08-08,19:24:12,0,Vacancy,0,Vacancy,True
17,2024-08-08,19:24:28,0,Vacancy,0,Vacancy,True
18,2024-08-08,19:24:44,0,Vacancy,0,Vacancy,True
19,2024-08-08,19:25:00,0,Vacancy,0,Vacancy,True
20,2024-08-08,19:25:16,0,Vacancy,0,Vacancy,True
21,2024-08-08,19:25:32,0,Vacancy,0,Vacancy,True
22,2024-08-08,19:25:48,0,Vacancy,0,Vacancy,True
23,2024-08-08,19:26:04,0,Vacancy,0,Vacancy,True
24,2024-08-08,19:26:20,0,Vacancy,0,Vacancy,True
25,2024-08-08,19:26:36,0,Vacancy,0,Vacancy,True
26,2024-08-08,19:26:52,0,Vacancy,0,Vacancy,True
27,2024-08-08,19:27:08,0,Vacancy,0,Vacancy,True
28,2024-08-08,19:27:24,0,Vacancy,0,Vacancy,True
29,2024-08-08,19:27:40,0,Vacancy,0,Vacancy,True
30,2024-08-08,19:27:56,0,Vacancy,0,Vacancy,True
31,2024-08-08,19:28:12,0,Vacancy,0,Vacancy,True
32,2024-08-08,19:28:28,0,Vacancy,0,Vacancy,True
33,2024-08-08,19:28:44,0,Vacancy,0,Vacancy,True
34,2024-08-08,19:29:00,0,Vacancy,0,Vacancy,True
35,2024-08-08,19:29:16,0,Vacancy,0,Vacancy,True
36,2024-08-08,19:29:32,0,Vacancy,0,Vacancy,True
37,2024-08-08,19:29:48,0,Vacancy,0,Vacancy,True
38,2024-08-08,19:30:04,0,Vacancy,0,Vacancy,True
39,2024-08-08,19:30:20,0,Vacancy,0,Vacancy,True
40,2024-08-08,19:30:36,0,Vacancy,0,Vacancy,True
41,2024-08-08,19:30:52,0,Vacancy,0,Vacancy,True
42,2024-08-08,19:31:08,0,Vacancy,0,Vacancy,True
43,2024-08-08,19:31:24,0,Vacancy,0,Vacancy,True
44,2024-08-08,19:31:40,0,Vacancy,0,Vacancy,True
45,2024-08-08,19:31:56,0,Vacancy,0,Vacancy,True
46,2024-08-08,19:32:12,0,Vacancy,0,Vacancy,True
47,2024-08-08,19:32:28,0,Vacancy,0,Vacancy,True
48,2024-08-08,19:32:44,0,Vacancy,0,Vacancy,True
49,2024-08-08,19:33:00,0,Vacancy,0,Vacancy,True
50,2024-08-08,19:33:16,0,Vacancy,0,Vacancy,True
51,2024-08-08,19:33:32,0,Vacancy,0,Vacancy,True
52,2024-08-08,19:33:48,0,Vacancy,0,Vacancy,True
53,2024-08-08,19:34:04,0,Vacancy,0,Vacancy,True
54,2024-08-08,19:34:20,0,Vacancy,0,Vacancy,True
55,2024-08-08,19:34:36,0,Vacancy,0,Vacancy,True
56,2024-08-08,19:34:52,0,Vacancy,0,Vacancy,True
57,2024-08-08,19:35:08,0,Vacancy,0,Vacancy,True
58,2024-08-08,19:35:24,0,Vacancy,0,Vacancy,True
59,2024-08-08,19:35:40,0,Vacancy,0,Vacancy,True
60,2024-08-08,19:35:56,0,Vacancy,0,Vacancy,True
61,2024-08-08,19:36:12,0,Vacancy,0,Vacancy,True
62,2024-08-08,19:36:28,0,Vacancy,0,Vacancy,True
63,2024-08-08,19:36:44,0,Vacancy,0,Vacancy,True
64,2024-08-08,19:37:00,0,Vacancy,0,Vacancy,True
65,2024-08-08,19:37:16,0,Vacancy,0,Vacancy,True
66,2024-08-08,19:37:32,0,Vacancy,0,Vacancy,True
67,2024-08-08,19:37:48,0,Vacancy,0,Vacancy,True
68,2024-08-08,19:38:04,0,Vacancy,0,Vacancy,True
69,2024-08-08,19:38:20,3,Other activity/motion,3,Other activity/motion,True
70,2024-08-08,19:38:26,3,Other activity/motion,3,Other activity/motion,True
71,2024-08-08,19:38:31,3,Other activity/motion,3,Other activity/motion,True
72,2024-08-08,19:38:37,3,Other activity/motion,3,Other activity/motion,True
73,2024-08-08,19:38:43,3,Other activity/motion,3,Other activity/motion,True
74,2024-08-08,19:38:48,3,Other activity/motion,3,Other activity/motion,True
75,2024-08-08,19:38:53,3,Other activity/motion,3,Other activity/motion,True
76,2024-08-08,19:39:08,3,Other activity/motion,3,Other activity/motion,True
77,2024-08-08,19:39:24,3,Other activity/motion,0,Vacancy,False
78,2024-08-08,19:39:40,3,Other activity/motion,3,Other activity/motion,True
79,2024-08-08,19:39:46,3,Other activity/motion,3,Other activity/motion,True
80,2024-08-08,19:39:56,3,Other activity/motion,0,Vacancy,False
81,2024-08-08,19:40:02,3,Other activity/motion,3,Other activity/motion,True
82,2024-08-08,19:40:12,1,Stationary human presence,1,Stationary human presence,True
83,2024-08-08,19:40:28,3,Other activity/motion,3,Other activity/motion,True
84,2024-08-08,19:40:44,3,Other activity/motion,3,Other activity/motion,True
85,2024-08-08,19:40:50,3,Other activity/motion,3,Other activity/motion,True
86,2024-08-08,19:41:00,1,Stationary human presence,1,Stationary human presence,True
87,2024-08-08,19:41:16,3,Other activity/motion,3,Other activity/motion,True
88,2024-08-08,19:41:22,3,Other activity/motion,3,Other activity/motion,True
89,2024-08-08,19:41:32,3,Other activity/motion,3,Other activity/motion,True
90,2024-08-08,19:41:48,3,Other activity/motion,3,Other activity/motion,True
91,2024-08-08,19:42:04,1,Stationary human presence,1,Stationary human presence,True
92,2024-08-08,19:42:20,3,Other activity/motion,1,Stationary human presence,False
93,2024-08-08,19:42:36,3,Other activity/motion,3,Other activity/motion,True
94,2024-08-08,19:42:52,3,Other activity/motion,3,Other activity/motion,True
95,2024-08-08,19:42:58,3,Other activity/motion,3,Other activity/motion,True
96,2024-08-08,19:43:08,3,Other activity/motion,3,Other activity/motion,True
97,2024-08-08,19:43:14,3,Other activity/motion,3,Other activity/motion,True
98,2024-08-08,19:43:19,3,Other activity/motion,3,Other activity/motion,True
99,2024-08-08,19:43:25,3,Other activity/motion,3,Other activity/motion,True
100,2024-08-08,19:43:40,3,Other activity/motion,3,Other activity/motion,True
101,2024-08-08,19:43:56,3,Other activity/motion,3,Other activity/motion,True
102,2024-08-08,19:44:12,3,Other activity/motion,3,Other activity/motion,True
103,2024-08-08,19:44:18,3,Other activity/motion,3,Other activity/motion,True
104,2024-08-08,19:44:28,3,Other activity/motion,3,Other activity/motion,True
105,2024-08-08,19:44:44,3,Other activity/motion,0,Vacancy,False
106,2024-08-08,19:45:00,3,Other activity/motion,3,Other activity/motion,True
107,2024-08-08,19:45:16,0,Vacancy,0,Vacancy,True
108,2024-08-08,19:45:32,0,Vacancy,0,Vacancy,True
109,2024-08-08,19:45:48,3,Other activity/motion,3,Other activity/motion,True
110,2024-08-08,19:46:04,3,Other activity/motion,3,Other activity/motion,True
111,2024-08-08,19:46:10,3,Other activity/motion,3,Other activity/motion,True
112,2024-08-08,19:46:15,3,Other activity/motion,3,Other activity/motion,True
113,2024-08-08,19:46:21,0,Vacancy,3,Other activity/motion,False
114,2024-08-08,19:46:36,3,Other activity/motion,3,Other activity/motion,True
115,2024-08-08,19:46:42,3,Other activity/motion,3,Other activity/motion,True
116,2024-08-08,19:46:52,1,Stationary human presence,0,Vacancy,False
117,2024-08-08,19:47:08,0,Vacancy,0,Vacancy,True
118,2024-08-08,19:47:24,0,Vacancy,0,Vacancy,True
119,2024-08-08,19:47:40,0,Vacancy,0,Vacancy,True
120,2024-08-08,19:47:56,0,Vacancy,0,Vacancy,True
121,2024-08-08,19:48:12,0,Vacancy,0,Vacancy,True
122,2024-08-08,19:48:28,0,Vacancy,0,Vacancy,True
123,2024-08-08,19:48:44,0,Vacancy,0,Vacancy,True
124,2024-08-08,19:49:00,0,Vacancy,0,Vacancy,True
125,2024-08-08,19:49:16,0,Vacancy,0,Vacancy,True
126,2024-08-08,19:49:32,0,Vacancy,0,Vacancy,True
127,2024-08-08,19:49:48,0,Vacancy,0,Vacancy,True
128,2024-08-08,19:50:04,0,Vacancy,0,Vacancy,True
129,2024-08-08,19:50:20,0,Vacancy,0,Vacancy,True
130,2024-08-08,19:50:36,0,Vacancy,0,Vacancy,True
131,2024-08-08,19:50:52,0,Vacancy,0,Vacancy,True
132,2024-08-08,19:51:08,0,Vacancy,0,Vacancy,True
133,2024-08-08,19:51:24,0,Vacancy,0,Vacancy,True
134,2024-08-08,19:51:40,0,Vacancy,0,Vacancy,True
135,2024-08-08,19:51:56,0,Vacancy,0,Vacancy,True
136,2024-08-08,19:52:12,0,Vacancy,0,Vacancy,True
137,2024-08-08,19:52:28,0,Vacancy,0,Vacancy,True
138,2024-08-08,19:52:44,0,Vacancy,0,Vacancy,True
139,2024-08-08,19:53:00,0,Vacancy,0,Vacancy,True
140,2024-08-08,19:53:16,0,Vacancy,0,Vacancy,True
141,2024-08-08,19:53:32,0,Vacancy,0,Vacancy,True
142,2024-08-08,19:53:48,3,Other activity/motion,3,Other activity/motion,True
143,2024-08-08,19:54:04,3,Other activity/motion,3,Other activity/motion,True
144,2024-08-08,19:54:10,3,Other activity/motion,3,Other activity/motion,True
145,2024-08-08,19:54:15,3,Other activity/motion,3,Other activity/motion,True
146,2024-08-08,19:54:21,3,Other activity/motion,3,Other activity/motion,True
147,2024-08-08,19:54:36,3,Other activity/motion,3,Other activity/motion,True
148,2024-08-08,19:54:52,3,Other activity/motion,0,Vacancy,False
149,2024-08-08,19:55:08,3,Other activity/motion,3,Other activity/motion,True
150,2024-08-08,19:55:14,3,Other activity/motion,3,Other activity/motion,True
151,2024-08-08,19:55:24,3,Other activity/motion,3,Other activity/motion,True
152,2024-08-08,19:55:30,3,Other activity/motion,3,Other activity/motion,True
153,2024-08-08,19:55:35,3,Other activity/motion,3,Other activity/motion,True
154,2024-08-08,19:55:41,3,Other activity/motion,3,Other activity/motion,True
155,2024-08-08,19:55:56,3,Other activity/motion,3,Other activity/motion,True
156,2024-08-08,19:56:02,3,Other activity/motion,3,Other activity/motion,True
157,2024-08-08,19:56:08,3,Other activity/motion,3,Other activity/motion,True
158,2024-08-08,19:56:13,3,Other activity/motion,3,Other activity/motion,True
159,2024-08-08,19:56:28,3,Other activity/motion,3,Other activity/motion,True
160,2024-08-08,19:56:44,3,Other activity/motion,3,Other activity/motion,True
161,2024-08-08,19:56:50,3,Other activity/motion,3,Other activity/motion,True
162,2024-08-08,19:56:55,3,Other activity/motion,3,Other activity/motion,True
163,2024-08-08,19:57:01,3,Other activity/motion,3,Other activity/motion,True
164,2024-08-08,19:57:16,3,Other activity/motion,3,Other activity/motion,True
165,2024-08-08,19:57:32,3,Other activity/motion,0,Vacancy,False
166,2024-08-08,19:57:48,3,Other activity/motion,3,Other activity/motion,True
167,2024-08-08,19:57:54,3,Other activity/motion,3,Other activity/motion,True
168,2024-08-08,19:58:04,1,Stationary human presence,1,Stationary human presence,True
169,2024-08-08,19:58:20,3,Other activity/motion,3,Other activity/motion,True
170,2024-08-08,19:58:36,3,Other activity/motion,3,Other activity/motion,True
171,2024-08-08,19:58:52,3,Other activity/motion,3,Other activity/motion,True
172,2024-08-08,19:58:58,3,Other activity/motion,3,Other activity/motion,True
173,2024-08-08,19:59:09,1,Stationary human presence,3,Other activity/motion,False
174,2024-08-08,19:59:24,3,Other activity/motion,3,Other activity/motion,True
175,2024-08-08,19:59:41,3,Other activity/motion,3,Other activity/motion,True
176,2024-08-08,19:59:46,3,Other activity/motion,3,Other activity/motion,True
177,2024-08-08,19:59:52,3,Other activity/motion,3,Other activity/motion,True
178,2024-08-08,19:59:57,3,Other activity/motion,3,Other activity/motion,True
179,2024-08-08,20:00:04,3,Other activity/motion,3,Other activity/motion,True
180,2024-08-08,20:00:08,3,Other activity/motion,3,Other activity/motion,True
181,2024-08-08,20:00:14,3,Other activity/motion,3,Other activity/motion,True
182,2024-08-08,20:00:28,3,Other activity/motion,3,Other activity/motion,True
183,2024-08-08,20:00:45,1,Stationary human presence,0,Vacancy,False
184,2024-08-08,20:01:01,3,Other activity/motion,1,Stationary human presence,False
185,2024-08-08,20:01:17,3,Other activity/motion,3,Other activity/motion,True
186,2024-08-08,20:01:33,3,Other activity/motion,0,Vacancy,False
187,2024-08-08,20:01:49,3,Other activity/motion,3,Other activity/motion,True
188,2024-08-08,20:02:05,3,Other activity/motion,3,Other activity/motion,True
189,2024-08-08,20:02:21,3,Other activity/motion,3,Other activity/motion,True
190,2024-08-08,20:02:37,3,Other activity/motion,3,Other activity/motion,True
191,2024-08-08,20:02:42,3,Other activity/motion,3,Other activity/motion,True
192,2024-08-08,20:02:48,3,Other activity/motion,3,Other activity/motion,True
193,2024-08-08,20:02:53,3,Other activity/motion,3,Other activity/motion,True
194,2024-08-08,20:03:09,3,Other activity/motion,3,Other activity/motion,True
195,2024-08-08,20:03:25,3,Other activity/motion,3,Other activity/motion,True
196,2024-08-08,20:03:41,0,Vacancy,0,Vacancy,True
197,2024-08-08,20:03:57,3,Other activity/motion,3,Other activity/motion,True
198,2024-08-08,20:04:13,3,Other activity/motion,3,Other activity/motion,True
199,2024-08-08,20:04:18,3,Other activity/motion,3,Other activity/motion,True
200,2024-08-08,20:04:29,3,Other activity/motion,3,Other activity/motion,True
201,2024-08-08,20:04:34,3,Other activity/motion,3,Other activity/motion,True
202,2024-08-08,20:04:45,3,Other activity/motion,3,Other activity/motion,True
203,2024-08-08,20:05:01,3,Other activity/motion,3,Other activity/motion,True
204,2024-08-08,20:05:06,3,Other activity/motion,3,Other activity/motion,True
205,2024-08-08,20:05:17,3,Other activity/motion,3,Other activity/motion,True
206,2024-08-08,20:05:22,3,Other activity/motion,3,Other activity/motion,True
207,2024-08-08,20:05:33,3,Other activity/motion,3,Other activity/motion,True
208,2024-08-08,20:05:49,3,Other activity/motion,0,Vacancy,False
209,2024-08-08,20:05:54,3,Other activity/motion,3,Other activity/motion,True
210,2024-08-08,20:06:05,3,Other activity/motion,0,Vacancy,False
211,2024-08-08,20:06:21,3,Other activity/motion,0,Vacancy,False
212,2024-08-08,20:06:37,3,Other activity/motion,0,Vacancy,False
213,2024-08-08,20:06:53,3,Other activity/motion,3,Other activity/motion,True
214,2024-08-08,20:07:09,3,Other activity/motion,3,Other activity/motion,True
215,2024-08-08,20:07:25,0,Vacancy,0,Vacancy,True
216,2024-08-08,20:07:41,0,Vacancy,0,Vacancy,True
217,2024-08-08,20:07:57,0,Vacancy,0,Vacancy,True
218,2024-08-08,20:08:13,0,Vacancy,0,Vacancy,True
219,2024-08-08,20:08:29,0,Vacancy,0,Vacancy,True
220,2024-08-08,20:08:45,0,Vacancy,0,Vacancy,True
221,2024-08-08,20:09:01,0,Vacancy,0,Vacancy,True
222,2024-08-08,20:09:17,0,Vacancy,0,Vacancy,True
223,2024-08-08,20:09:33,0,Vacancy,0,Vacancy,True
224,2024-08-08,20:09:49,0,Vacancy,0,Vacancy,True
225,2024-08-08,20:10:05,0,Vacancy,0,Vacancy,True
226,2024-08-08,20:10:21,0,Vacancy,0,Vacancy,True
227,2024-08-08,20:10:37,0,Vacancy,0,Vacancy,True
228,2024-08-08,20:10:53,0,Vacancy,0,Vacancy,True
229,2024-08-08,20:11:09,0,Vacancy,0,Vacancy,True
230,2024-08-08,20:11:25,0,Vacancy,0,Vacancy,True
231,2024-08-08,20:11:41,0,Vacancy,0,Vacancy,True
232,2024-08-08,20:11:57,0,Vacancy,0,Vacancy,True
233,2024-08-08,20:12:13,0,Vacancy,0,Vacancy,True
234,2024-08-08,20:12:29,0,Vacancy,0,Vacancy,True
235,2024-08-08,20:12:45,0,Vacancy,0,Vacancy,True
236,2024-08-08,20:13:01,0,Vacancy,0,Vacancy,True
237,2024-08-08,20:13:17,0,Vacancy,0,Vacancy,True
238,2024-08-08,20:13:33,0,Vacancy,0,Vacancy,True
239,2024-08-08,20:13:49,0,Vacancy,0,Vacancy,True
240,2024-08-08,20:14:05,0,Vacancy,0,Vacancy,True
241,2024-08-08,20:14:21,0,Vacancy,0,Vacancy,True
242,2024-08-08,20:14:37,0,Vacancy,0,Vacancy,True
243,2024-08-08,20:14:53,0,Vacancy,0,Vacancy,True
244,2024-08-08,20:15:09,0,Vacancy,0,Vacancy,True
245,2024-08-08,20:15:25,0,Vacancy,0,Vacancy,True
246,2024-08-08,20:15:41,0,Vacancy,0,Vacancy,True
247,2024-08-08,20:15:57,0,Vacancy,0,Vacancy,True
248,2024-08-08,20:16:13,0,Vacancy,0,Vacancy,True
249,2024-08-08,20:16:29,0,Vacancy,0,Vacancy,True
250,2024-08-08,20:16:45,0,Vacancy,0,Vacancy,True
251,2024-08-08,20:17:01,0,Vacancy,0,Vacancy,True
252,2024-08-08,20:17:17,0,Vacancy,0,Vacancy,True
253,2024-08-08,20:17:33,0,Vacancy,0,Vacancy,True
254,2024-08-08,20:17:49,0,Vacancy,0,Vacancy,True
255,2024-08-08,20:18:05,0,Vacancy,0,Vacancy,True
256,2024-08-08,20:18:21,0,Vacancy,0,Vacancy,True
257,2024-08-08,20:18:37,0,Vacancy,0,Vacancy,True
258,2024-08-08,20:18:53,0,Vacancy,0,Vacancy,True
259,2024-08-08,20:19:09,0,Vacancy,0,Vacancy,True
260,2024-08-08,20:19:25,0,Vacancy,0,Vacancy,True
261,2024-08-08,20:19:41,0,Vacancy,0,Vacancy,True
262,2024-08-08,20:19:57,0,Vacancy,0,Vacancy,True
263,2024-08-08,20:20:13,0,Vacancy,0,Vacancy,True
264,2024-08-08,20:20:29,0,Vacancy,0,Vacancy,True
265,2024-08-08,20:20:45,0,Vacancy,0,Vacancy,True
266,2024-08-08,20:21:01,0,Vacancy,0,Vacancy,True
267,2024-08-08,20:21:17,0,Vacancy,0,Vacancy,True
268,2024-08-08,20:21:33,0,Vacancy,0,Vacancy,True
269,2024-08-08,20:21:49,0,Vacancy,0,Vacancy,True
270,2024-08-08,20:22:05,0,Vacancy,0,Vacancy,True
271,2024-08-08,20:22:21,0,Vacancy,0,Vacancy,True
272,2024-08-08,20:22:37,0,Vacancy,0,Vacancy,True
273,2024-08-08,20:22:53,0,Vacancy,0,Vacancy,True
274,2024-08-08,20:23:09,0,Vacancy,0,Vacancy,True
275,2024-08-08,20:23:25,0,Vacancy,0,Vacancy,True
276,2024-08-08,20:23:41,0,Vacancy,0,Vacancy,True
277,2024-08-08,20:23:57,0,Vacancy,0,Vacancy,True
278,2024-08-08,20:24:13,0,Vacancy,0,Vacancy,True
279,2024-08-08,20:24:29,0,Vacancy,0,Vacancy,True
280,2024-08-08,20:24:45,0,Vacancy,0,Vacancy,True
281,2024-08-08,20:25:01,0,Vacancy,0,Vacancy,True
282,2024-08-08,20:25:17,0,Vacancy,0,Vacancy,True
283,2024-08-08,20:25:33,0,Vacancy,0,Vacancy,True
284,2024-08-08,20:25:49,0,Vacancy,0,Vacancy,True
285,2024-08-08,20:26:05,0,Vacancy,0,Vacancy,True
286,2024-08-08,20:26:21,0,Vacancy,0,Vacancy,True
287,2024-08-08,20:26:37,0,Vacancy,0,Vacancy,True
288,2024-08-08,20:26:53,0,Vacancy,0,Vacancy,True
289,2024-08-08,20:27:09,0,Vacancy,0,Vacancy,True
290,2024-08-08,20:27:25,0,Vacancy,0,Vacancy,True
291,2024-08-08,20:27:41,0,Vacancy,0,Vacancy,True
292,2024-08-08,20:27:57,0,Vacancy,0,Vacancy,True
293,2024-08-08,20:28:13,0,Vacancy,0,Vacancy,True
294,2024-08-08,20:28:29,0,Vacancy,0,Vacancy,True
295,2024-08-08,20:28:45,0,Vacancy,0,Vacancy,True
296,2024-08-08,20:29:01,0,Vacancy,0,Vacancy,True
297,2024-08-08,20:29:17,0,Vacancy,0,Vacancy,True
298,2024-08-08,20:29:33,0,Vacancy,0,Vacancy,True
299,2024-08-08,20:29:49,0,Vacancy,0,Vacancy,True
300,2024-08-08,20:30:05,0,Vacancy,0,Vacancy,True
301,2024-08-08,20:30:21,0,Vacancy,0,Vacancy,True
302,2024-08-08,20:30:37,0,Vacancy,0,Vacancy,True
303,2024-08-08,20:30:53,0,Vacancy,0,Vacancy,True
304,2024-08-08,20:31:09,0,Vacancy,0,Vacancy,True
305,2024-08-08,20:31:25,0,Vacancy,0,Vacancy,True
306,2024-08-08,20:31:41,0,Vacancy,0,Vacancy,True
307,2024-08-08,20:31:57,0,Vacancy,0,Vacancy,True
308,2024-08-08,20:32:13,0,Vacancy,0,Vacancy,True
309,2024-08-08,20:32:29,0,Vacancy,0,Vacancy,True
310,2024-08-08,20:32:45,0,Vacancy,0,Vacancy,True
311,2024-08-08,20:33:01,0,Vacancy,0,Vacancy,True
312,2024-08-08,20:33:17,0,Vacancy,0,Vacancy,True
313,2024-08-08,20:33:33,0,Vacancy,0,Vacancy,True
314,2024-08-08,20:33:49,0,Vacancy,0,Vacancy,True
315,2024-08-08,20:34:05,0,Vacancy,0,Vacancy,True
316,2024-08-08,20:34:21,0,Vacancy,0,Vacancy,True
317,2024-08-08,20:34:37,0,Vacancy,0,Vacancy,True
318,2024-08-08,20:34:53,0,Vacancy,0,Vacancy,True
319,2024-08-08,20:35:09,0,Vacancy,0,Vacancy,True
320,2024-08-08,20:35:25,0,Vacancy,0,Vacancy,True
321,2024-08-08,20:35:41,0,Vacancy,0,Vacancy,True
322,2024-08-08,20:35:57,0,Vacancy,0,Vacancy,True
323,2024-08-08,20:36:13,0,Vacancy,0,Vacancy,True
324,2024-08-08,20:36:29,0,Vacancy,0,Vacancy,True
325,2024-08-08,20:36:45,0,Vacancy,0,Vacancy,True
326,2024-08-08,20:37:01,0,Vacancy,0,Vacancy,True
327,2024-08-08,20:37:17,0,Vacancy,0,Vacancy,True
328,2024-08-08,20:37:33,0,Vacancy,0,Vacancy,True
329,2024-08-08,20:37:49,0,Vacancy,0,Vacancy,True
330,2024-08-08,20:38:05,0,Vacancy,0,Vacancy,True
331,2024-08-08,20:38:21,0,Vacancy,0,Vacancy,True
332,2024-08-08,20:38:37,0,Vacancy,0,Vacancy,True
333,2024-08-08,20:38:53,0,Vacancy,0,Vacancy,True
334,2024-08-08,20:39:09,0,Vacancy,0,Vacancy,True
335,2024-08-08,20:39:25,0,Vacancy,0,Vacancy,True
336,2024-08-08,20:39:41,0,Vacancy,0,Vacancy,True
337,2024-08-08,20:39:57,0,Vacancy,0,Vacancy,True
338,2024-08-08,20:40:13,0,Vacancy,0,Vacancy,True
339,2024-08-08,20:40:29,0,Vacancy,0,Vacancy,True
340,2024-08-08,20:40:45,0,Vacancy,0,Vacancy,True
341,2024-08-08,20:41:01,0,Vacancy,0,Vacancy,True
342,2024-08-08,20:41:17,0,Vacancy,0,Vacancy,True
343,2024-08-08,20:41:33,0,Vacancy,0,Vacancy,True
344,2024-08-08,20:41:49,0,Vacancy,0,Vacancy,True
345,2024-08-08,20:42:05,0,Vacancy,0,Vacancy,True
346,2024-08-08,20:42:23,1,Stationary human presence,3,Other activity/motion,False
347,2024-08-08,20:42:37,0,Vacancy,0,Vacancy,True
348,2024-08-08,20:42:53,0,Vacancy,0,Vacancy,True
349,2024-08-08,20:43:09,0,Vacancy,0,Vacancy,True
350,2024-08-08,20:43:25,0,Vacancy,0,Vacancy,True
351,2024-08-08,20:43:41,0,Vacancy,0,Vacancy,True
352,2024-08-08,20:43:57,0,Vacancy,0,Vacancy,True
353,2024-08-08,20:44:13,0,Vacancy,0,Vacancy,True
354,2024-08-08,20:44:29,0,Vacancy,0,Vacancy,True
355,2024-08-08,20:44:45,0,Vacancy,0,Vacancy,True
356,2024-08-08,20:45:02,0,Vacancy,0,Vacancy,True
357,2024-08-08,20:45:18,0,Vacancy,0,Vacancy,True
358,2024-08-08,20:45:34,0,Vacancy,0,Vacancy,True
359,2024-08-08,20:45:50,0,Vacancy,0,Vacancy,True
360,2024-08-08,20:46:06,0,Vacancy,0,Vacancy,True
361,2024-08-08,20:46:22,0,Vacancy,0,Vacancy,True
362,2024-08-08,20:46:38,0,Vacancy,0,Vacancy,True
363,2024-08-08,20:46:54,0,Vacancy,0,Vacancy,True
364,2024-08-08,20:47:10,0,Vacancy,0,Vacancy,True
365,2024-08-08,20:47:26,0,Vacancy,0,Vacancy,True
366,2024-08-08,20:47:42,0,Vacancy,0,Vacancy,True
367,2024-08-08,20:47:58,0,Vacancy,0,Vacancy,True
368,2024-08-08,20:48:14,0,Vacancy,0,Vacancy,True
369,2024-08-08,20:48:30,0,Vacancy,0,Vacancy,True
370,2024-08-08,20:48:46,0,Vacancy,0,Vacancy,True
371,2024-08-08,20:49:02,0,Vacancy,0,Vacancy,True
372,2024-08-08,20:49:18,0,Vacancy,0,Vacancy,True
373,2024-08-08,20:49:34,0,Vacancy,0,Vacancy,True
374,2024-08-08,20:49:50,0,Vacancy,0,Vacancy,True
375,2024-08-08,20:50:06,0,Vacancy,0,Vacancy,True
376,2024-08-08,20:50:22,0,Vacancy,0,Vacancy,True
377,2024-08-08,20:50:38,0,Vacancy,0,Vacancy,True
378,2024-08-08,20:50:54,0,Vacancy,0,Vacancy,True
379,2024-08-08,20:51:10,0,Vacancy,0,Vacancy,True
380,2024-08-08,20:51:26,0,Vacancy,0,Vacancy,True
381,2024-08-08,20:51:42,0,Vacancy,0,Vacancy,True
382,2024-08-08,20:51:58,0,Vacancy,0,Vacancy,True
383,2024-08-08,20:52:14,0,Vacancy,0,Vacancy,True
384,2024-08-08,20:52:30,0,Vacancy,0,Vacancy,True
385,2024-08-08,20:52:46,0,Vacancy,0,Vacancy,True
386,2024-08-08,20:53:02,0,Vacancy,0,Vacancy,True
387,2024-08-08,20:53:18,0,Vacancy,0,Vacancy,True
388,2024-08-08,20:53:34,0,Vacancy,0,Vacancy,True
389,2024-08-08,20:53:50,0,Vacancy,0,Vacancy,True
390,2024-08-08,20:54:06,0,Vacancy,0,Vacancy,True
391,2024-08-08,20:54:22,0,Vacancy,0,Vacancy,True
392,2024-08-08,20:54:38,0,Vacancy,0,Vacancy,True
393,2024-08-08,20:54:54,0,Vacancy,0,Vacancy,True
394,2024-08-08,20:55:10,0,Vacancy,0,Vacancy,True
395,2024-08-08,20:55:26,0,Vacancy,0,Vacancy,True
396,2024-08-08,20:55:42,0,Vacancy,0,Vacancy,True
397,2024-08-08,20:55:58,0,Vacancy,0,Vacancy,True
398,2024-08-08,20:56:14,0,Vacancy,0,Vacancy,True
399,2024-08-08,20:56:30,0,Vacancy,0,Vacancy,True
400,2024-08-08,20:56:46,0,Vacancy,0,Vacancy,True
401,2024-08-08,20:57:02,0,Vacancy,0,Vacancy,True
402,2024-08-08,20:57:18,0,Vacancy,0,Vacancy,True
403,2024-08-08,20:57:34,0,Vacancy,0,Vacancy,True
404,2024-08-08,20:57:50,0,Vacancy,0,Vacancy,True
405,2024-08-08,20:58:06,0,Vacancy,0,Vacancy,True
406,2024-08-08,20:58:22,0,Vacancy,0,Vacancy,True
407,2024-08-08,20:58:38,0,Vacancy,0,Vacancy,True
408,2024-08-08,20:58:54,0,Vacancy,0,Vacancy,True
409,2024-08-08,20:59:10,0,Vacancy,0,Vacancy,True
410,2024-08-08,20:59:26,0,Vacancy,0,Vacancy,True
411,2024-08-08,20:59:42,0,Vacancy,0,Vacancy,True
412,2024-08-08,20:59:58,0,Vacancy,0,Vacancy,True
413,2024-08-08,21:00:14,0,Vacancy,0,Vacancy,True
414,2024-08-08,21:00:30,0,Vacancy,0,Vacancy,True
415,2024-08-08,21:00:46,0,Vacancy,0,Vacancy,True
416,2024-08-08,21:01:02,0,Vacancy,0,Vacancy,True
417,2024-08-08,21:01:18,0,Vacancy,0,Vacancy,True
418,2024-08-08,21:01:34,0,Vacancy,0,Vacancy,True
419,2024-08-08,21:01:50,0,Vacancy,0,Vacancy,True
420,2024-08-08,21:02:06,0,Vacancy,0,Vacancy,True
421,2024-08-08,21:02:22,0,Vacancy,0,Vacancy,True
422,2024-08-08,21:02:38,0,Vacancy,0,Vacancy,True
423,2024-08-08,21:02:54,0,Vacancy,0,Vacancy,True
424,2024-08-08,21:03:10,0,Vacancy,0,Vacancy,True
425,2024-08-08,21:03:26,0,Vacancy,0,Vacancy,True
426,2024-08-08,21:03:42,0,Vacancy,0,Vacancy,True
427,2024-08-08,21:03:58,0,Vacancy,0,Vacancy,True
428,2024-08-08,21:04:14,0,Vacancy,0,Vacancy,True
429,2024-08-08,21:04:30,0,Vacancy,0,Vacancy,True
430,2024-08-08,21:04:46,0,Vacancy,0,Vacancy,True
431,2024-08-08,21:05:02,0,Vacancy,0,Vacancy,True
432,2024-08-08,21:05:18,0,Vacancy,0,Vacancy,True
433,2024-08-08,21:05:34,0,Vacancy,0,Vacancy,True
434,2024-08-08,21:05:50,0,Vacancy,0,Vacancy,True
435,2024-08-08,21:06:06,0,Vacancy,0,Vacancy,True
436,2024-08-08,21:06:22,0,Vacancy,0,Vacancy,True
437,2024-08-08,21:06:38,0,Vacancy,0,Vacancy,True
438,2024-08-08,21:06:54,0,Vacancy,0,Vacancy,True
439,2024-08-08,21:07:10,0,Vacancy,0,Vacancy,True
440,2024-08-08,21:07:26,0,Vacancy,0,Vacancy,True
441,2024-08-08,21:07:42,0,Vacancy,0,Vacancy,True
442,2024-08-08,21:07:58,0,Vacancy,0,Vacancy,True
443,2024-08-08,21:08:14,0,Vacancy,0,Vacancy,True
444,2024-08-08,21:08:30,0,Vacancy,0,Vacancy,True
445,2024-08-08,21:08:46,0,Vacancy,0,Vacancy,True
446,2024-08-08,21:09:02,0,Vacancy,0,Vacancy,True
447,2024-08-08,21:09:18,0,Vacancy,0,Vacancy,True
448,2024-08-08,21:09:34,0,Vacancy,0,Vacancy,True
449,2024-08-08,21:09:50,0,Vacancy,0,Vacancy,True
450,2024-08-08,21:10:06,0,Vacancy,0,Vacancy,True
451,2024-08-08,21:10:22,0,Vacancy,0,Vacancy,True
452,2024-08-08,21:10:38,0,Vacancy,0,Vacancy,True
453,2024-08-08,21:10:54,0,Vacancy,0,Vacancy,True
454,2024-08-08,21:11:10,0,Vacancy,0,Vacancy,True
455,2024-08-08,21:11:26,0,Vacancy,0,Vacancy,True
456,2024-08-08,21:11:42,0,Vacancy,0,Vacancy,True
457,2024-08-08,21:11:58,0,Vacancy,0,Vacancy,True
458,2024-08-08,21:12:14,0,Vacancy,0,Vacancy,True
459,2024-08-08,21:12:30,0,Vacancy,0,Vacancy,True
460,2024-08-08,21:12:46,0,Vacancy,0,Vacancy,True
461,2024-08-08,21:13:02,0,Vacancy,0,Vacancy,True
462,2024-08-08,21:13:18,0,Vacancy,0,Vacancy,True
463,2024-08-08,21:13:34,0,Vacancy,0,Vacancy,True
464,2024-08-08,21:13:50,0,Vacancy,0,Vacancy,True
465,2024-08-08,21:14:06,0,Vacancy,0,Vacancy,True
466,2024-08-08,21:14:22,0,Vacancy,0,Vacancy,True
467,2024-08-08,21:14:38,0,Vacancy,0,Vacancy,True
468,2024-08-08,21:14:54,0,Vacancy,0,Vacancy,True
469,2024-08-08,21:15:10,0,Vacancy,0,Vacancy,True
470,2024-08-08,21:15:26,0,Vacancy,0,Vacancy,True
471,2024-08-08,21:15:42,0,Vacancy,0,Vacancy,True
472,2024-08-08,21:15:58,0,Vacancy,0,Vacancy,True
473,2024-08-08,21:16:14,0,Vacancy,0,Vacancy,True
474,2024-08-08,21:16:30,0,Vacancy,0,Vacancy,True
475,2024-08-08,21:16:46,0,Vacancy,0,Vacancy,True
476,2024-08-08,21:17:02,0,Vacancy,0,Vacancy,True
477,2024-08-08,21:17:18,0,Vacancy,0,Vacancy,True
478,2024-08-08,21:17:34,0,Vacancy,0,Vacancy,True
479,2024-08-08,21:17:50,0,Vacancy,0,Vacancy,True
480,2024-08-08,21:18:06,0,Vacancy,0,Vacancy,True
481,2024-08-08,21:18:22,0,Vacancy,0,Vacancy,True
482,2024-08-08,21:18:38,0,Vacancy,0,Vacancy,True
483,2024-08-08,21:18:54,0,Vacancy,0,Vacancy,True
484,2024-08-08,21:19:10,0,Vacancy,0,Vacancy,True
485,2024-08-08,21:19:26,0,Vacancy,0,Vacancy,True
486,2024-08-08,21:19:42,0,Vacancy,0,Vacancy,True
487,2024-08-08,21:19:58,0,Vacancy,0,Vacancy,True
488,2024-08-08,21:20:14,0,Vacancy,0,Vacancy,True
489,2024-08-08,21:20:30,0,Vacancy,0,Vacancy,True
490,2024-08-08,21:20:46,0,Vacancy,0,Vacancy,True
491,2024-08-08,21:21:02,0,Vacancy,0,Vacancy,True
492,2024-08-08,21:21:18,0,Vacancy,0,Vacancy,True
493,2024-08-08,21:21:34,0,Vacancy,0,Vacancy,True
494,2024-08-08,21:21:50,0,Vacancy,0,Vacancy,True
495,2024-08-08,21:22:06,0,Vacancy,0,Vacancy,True
496,2024-08-08,21:22:22,0,Vacancy,0,Vacancy,True
497,2024-08-08,21:22:38,0,Vacancy,0,Vacancy,True
498,2024-08-08,21:22:54,0,Vacancy,0,Vacancy,True
499,2024-08-08,21:23:10,0,Vacancy,0,Vacancy,True
500,2024-08-08,21:23:26,0,Vacancy,0,Vacancy,True
501,2024-08-08,21:23:42,0,Vacancy,0,Vacancy,True
502,2024-08-08,21:23:58,0,Vacancy,0,Vacancy,True
503,2024-08-08,21:24:14,0,Vacancy,0,Vacancy,True
504,2024-08-08,21:24:30,0,Vacancy,0,Vacancy,True
505,2024-08-08,21:24:46,0,Vacancy,0,Vacancy,True
506,2024-08-08,21:25:02,0,Vacancy,0,Vacancy,True
507,2024-08-08,21:25:18,0,Vacancy,0,Vacancy,True
508,2024-08-08,21:25:34,0,Vacancy,0,Vacancy,True
509,2024-08-08,21:25:50,0,Vacancy,0,Vacancy,True
510,2024-08-08,21:26:06,0,Vacancy,0,Vacancy,True
511,2024-08-08,21:26:22,0,Vacancy,0,Vacancy,True
512,2024-08-08,21:26:38,0,Vacancy,0,Vacancy,True
513,2024-08-08,21:26:54,0,Vacancy,0,Vacancy,True
514,2024-08-08,21:27:10,0,Vacancy,0,Vacancy,True
515,2024-08-08,21:27:26,0,Vacancy,0,Vacancy,True
516,2024-08-08,21:27:42,0,Vacancy,0,Vacancy,True
517,2024-08-08,21:27:58,0,Vacancy,0,Vacancy,True
518,2024-08-08,21:28:14,0,Vacancy,0,Vacancy,True
519,2024-08-08,21:28:30,0,Vacancy,0,Vacancy,True
520,2024-08-08,21:28:47,0,Vacancy,0,Vacancy,True
521,2024-08-08,21:29:02,0,Vacancy,0,Vacancy,True
522,2024-08-08,21:29:19,0,Vacancy,0,Vacancy,True
523,2024-08-08,21:29:34,0,Vacancy,0,Vacancy,True
524,2024-08-08,21:29:51,0,Vacancy,0,Vacancy,True
525,2024-08-08,21:30:07,0,Vacancy,0,Vacancy,True
526,2024-08-08,21:30:22,0,Vacancy,0,Vacancy,True
527,2024-08-08,21:30:39,0,Vacancy,0,Vacancy,True
528,2024-08-08,21:30:55,0,Vacancy,0,Vacancy,True
529,2024-08-08,21:31:11,0,Vacancy,0,Vacancy,True
530,2024-08-08,21:31:27,0,Vacancy,0,Vacancy,True
531,2024-08-08,21:31:43,0,Vacancy,0,Vacancy,True
532,2024-08-08,21:31:59,0,Vacancy,0,Vacancy,True
533,2024-08-08,21:32:15,0,Vacancy,0,Vacancy,True
534,2024-08-08,21:32:31,0,Vacancy,0,Vacancy,True
535,2024-08-08,21:32:47,0,Vacancy,0,Vacancy,True
536,2024-08-08,21:33:03,0,Vacancy,0,Vacancy,True
537,2024-08-08,21:33:19,0,Vacancy,0,Vacancy,True
538,2024-08-08,21:33:35,0,Vacancy,0,Vacancy,True
539,2024-08-08,21:33:51,0,Vacancy,0,Vacancy,True
540,2024-08-08,21:34:07,0,Vacancy,0,Vacancy,True
541,2024-08-08,21:34:23,0,Vacancy,0,Vacancy,True
542,2024-08-08,21:34:39,0,Vacancy,0,Vacancy,True
543,2024-08-08,21:34:55,0,Vacancy,0,Vacancy,True
544,2024-08-08,21:35:11,0,Vacancy,0,Vacancy,True
545,2024-08-08,21:35:27,0,Vacancy,0,Vacancy,True
546,2024-08-08,21:35:43,0,Vacancy,0,Vacancy,True
547,2024-08-08,21:35:59,0,Vacancy,0,Vacancy,True
548,2024-08-08,21:36:15,0,Vacancy,0,Vacancy,True
549,2024-08-08,21:36:31,0,Vacancy,0,Vacancy,True
550,2024-08-08,21:36:47,0,Vacancy,0,Vacancy,True
551,2024-08-08,21:37:03,0,Vacancy,0,Vacancy,True
552,2024-08-08,21:37:19,0,Vacancy,0,Vacancy,True
553,2024-08-08,21:37:35,0,Vacancy,0,Vacancy,True
554,2024-08-08,21:37:51,0,Vacancy,0,Vacancy,True
555,2024-08-08,21:38:07,0,Vacancy,0,Vacancy,True
556,2024-08-08,21:38:23,0,Vacancy,0,Vacancy,True
557,2024-08-08,21:38:39,0,Vacancy,0,Vacancy,True
558,2024-08-08,21:38:55,0,Vacancy,0,Vacancy,True
559,2024-08-08,21:39:11,0,Vacancy,0,Vacancy,True
560,2024-08-08,21:39:27,0,Vacancy,0,Vacancy,True
561,2024-08-08,21:39:43,0,Vacancy,0,Vacancy,True
562,2024-08-08,21:39:59,0,Vacancy,0,Vacancy,True
563,2024-08-08,21:40:15,0,Vacancy,0,Vacancy,True
564,2024-08-08,21:40:31,0,Vacancy,0,Vacancy,True
565,2024-08-08,21:40:47,0,Vacancy,0,Vacancy,True
566,2024-08-08,21:41:03,0,Vacancy,0,Vacancy,True
567,2024-08-08,21:41:19,0,Vacancy,0,Vacancy,True
568,2024-08-08,21:41:35,0,Vacancy,0,Vacancy,True
569,2024-08-08,21:41:51,0,Vacancy,0,Vacancy,True
570,2024-08-08,21:42:07,0,Vacancy,0,Vacancy,True
571,2024-08-08,21:42:23,0,Vacancy,0,Vacancy,True
572,2024-08-08,21:42:39,0,Vacancy,0,Vacancy,True
573,2024-08-08,21:42:55,0,Vacancy,0,Vacancy,True
574,2024-08-08,21:43:11,0,Vacancy,0,Vacancy,True
575,2024-08-08,21:43:27,0,Vacancy,0,Vacancy,True
576,2024-08-08,21:43:43,0,Vacancy,0,Vacancy,True
577,2024-08-08,21:43:59,0,Vacancy,0,Vacancy,True
578,2024-08-08,21:44:15,0,Vacancy,0,Vacancy,True
579,2024-08-08,21:44:31,0,Vacancy,0,Vacancy,True
580,2024-08-08,21:44:47,0,Vacancy,0,Vacancy,True
581,2024-08-08,21:45:03,0,Vacancy,0,Vacancy,True
582,2024-08-08,21:45:19,0,Vacancy,0,Vacancy,True
583,2024-08-08,21:45:35,0,Vacancy,0,Vacancy,True
584,2024-08-08,21:45:51,0,Vacancy,0,Vacancy,True
585,2024-08-08,21:46:07,0,Vacancy,0,Vacancy,True
586,2024-08-08,21:46:26,0,Vacancy,3,Other activity/motion,False
587,2024-08-08,21:46:39,0,Vacancy,0,Vacancy,True
588,2024-08-08,21:46:55,0,Vacancy,0,Vacancy,True
589,2024-08-08,21:47:11,0,Vacancy,0,Vacancy,True
590,2024-08-08,21:47:27,0,Vacancy,0,Vacancy,True
591,2024-08-08,21:47:43,0,Vacancy,0,Vacancy,True
592,2024-08-08,21:47:59,0,Vacancy,0,Vacancy,True
593,2024-08-08,21:48:15,0,Vacancy,0,Vacancy,True
594,2024-08-08,21:48:31,0,Vacancy,0,Vacancy,True
595,2024-08-08,21:48:47,0,Vacancy,0,Vacancy,True
596,2024-08-08,21:49:03,0,Vacancy,0,Vacancy,True
597,2024-08-08,21:49:19,0,Vacancy,0,Vacancy,True
598,2024-08-08,21:49:35,0,Vacancy,0,Vacancy,True
599,2024-08-08,21:49:51,0,Vacancy,0,Vacancy,True
600,2024-08-08,21:50:07,0,Vacancy,0,Vacancy,True
601,2024-08-08,21:50:23,0,Vacancy,0,Vacancy,True
602,2024-08-08,21:50:39,0,Vacancy,0,Vacancy,True
603,2024-08-08,21:50:55,0,Vacancy,0,Vacancy,True
604,2024-08-08,21:51:11,0,Vacancy,0,Vacancy,True
605,2024-08-08,21:51:27,0,Vacancy,0,Vacancy,True
606,2024-08-08,21:51:43,0,Vacancy,0,Vacancy,True
607,2024-08-08,21:51:59,0,Vacancy,0,Vacancy,True
608,2024-08-08,21:52:15,0,Vacancy,0,Vacancy,True
609,2024-08-08,21:52:31,0,Vacancy,0,Vacancy,True
610,2024-08-08,21:52:47,0,Vacancy,0,Vacancy,True
611,2024-08-08,21:53:03,0,Vacancy,0,Vacancy,True
612,2024-08-08,21:53:19,0,Vacancy,0,Vacancy,True
613,2024-08-08,21:53:35,0,Vacancy,0,Vacancy,True
614,2024-08-08,21:53:51,0,Vacancy,0,Vacancy,True
615,2024-08-08,21:54:07,0,Vacancy,0,Vacancy,True
616,2024-08-08,21:54:23,0,Vacancy,0,Vacancy,True
617,2024-08-08,21:54:39,0,Vacancy,0,Vacancy,True
618,2024-08-08,21:54:55,0,Vacancy,0,Vacancy,True
619,2024-08-08,21:55:11,0,Vacancy,0,Vacancy,True
620,2024-08-08,21:55:27,0,Vacancy,0,Vacancy,True
621,2024-08-08,21:55:43,0,Vacancy,0,Vacancy,True
622,2024-08-08,21:55:59,0,Vacancy,0,Vacancy,True
623,2024-08-08,21:56:15,0,Vacancy,0,Vacancy,True
624,2024-08-08,21:56:31,0,Vacancy,0,Vacancy,True
625,2024-08-08,21:56:47,0,Vacancy,0,Vacancy,True
626,2024-08-08,21:57:03,0,Vacancy,0,Vacancy,True
627,2024-08-08,21:57:19,0,Vacancy,0,Vacancy,True
628,2024-08-08,21:57:35,0,Vacancy,0,Vacancy,True
629,2024-08-08,21:57:51,0,Vacancy,0,Vacancy,True
630,2024-08-08,21:58:07,0,Vacancy,0,Vacancy,True
631,2024-08-08,21:58:23,0,Vacancy,0,Vacancy,True
632,2024-08-08,21:58:39,0,Vacancy,0,Vacancy,True
633,2024-08-08,21:58:55,0,Vacancy,0,Vacancy,True
634,2024-08-08,21:59:11,0,Vacancy,0,Vacancy,True
635,2024-08-08,21:59:27,0,Vacancy,0,Vacancy,True
636,2024-08-08,21:59:43,0,Vacancy,0,Vacancy,True
637,2024-08-08,21:59:59,0,Vacancy,0,Vacancy,True
638,2024-08-08,22:00:15,0,Vacancy,0,Vacancy,True
639,2024-08-08,22:00:31,0,Vacancy,0,Vacancy,True
640,2024-08-08,22:00:47,0,Vacancy,0,Vacancy,True
641,2024-08-08,22:01:03,0,Vacancy,0,Vacancy,True
642,2024-08-08,22:01:19,0,Vacancy,0,Vacancy,True
643,2024-08-08,22:01:35,0,Vacancy,0,Vacancy,True
644,2024-08-08,22:01:51,0,Vacancy,0,Vacancy,True
645,2024-08-08,22:02:07,0,Vacancy,0,Vacancy,True
646,2024-08-08,22:02:23,0,Vacancy,0,Vacancy,True
647,2024-08-08,22:02:39,0,Vacancy,0,Vacancy,True
648,2024-08-08,22:02:55,0,Vacancy,0,Vacancy,True
649,2024-08-08,22:03:11,0,Vacancy,0,Vacancy,True
650,2024-08-08,22:03:27,0,Vacancy,0,Vacancy,True
651,2024-08-08,22:03:43,0,Vacancy,0,Vacancy,True
652,2024-08-08,22:03:59,0,Vacancy,0,Vacancy,True
653,2024-08-08,22:04:15,0,Vacancy,0,Vacancy,True
654,2024-08-08,22:04:31,0,Vacancy,0,Vacancy,True
655,2024-08-08,22:04:47,0,Vacancy,0,Vacancy,True
656,2024-08-08,22:05:03,0,Vacancy,0,Vacancy,True
657,2024-08-08,22:05:19,0,Vacancy,0,Vacancy,True
658,2024-08-08,22:05:35,0,Vacancy,0,Vacancy,True
659,2024-08-08,22:05:51,0,Vacancy,0,Vacancy,True
660,2024-08-08,22:06:07,0,Vacancy,0,Vacancy,True
661,2024-08-08,22:06:23,0,Vacancy,0,Vacancy,True
662,2024-08-08,22:06:39,0,Vacancy,0,Vacancy,True
663,2024-08-08,22:06:55,0,Vacancy,0,Vacancy,True
664,2024-08-08,22:07:11,0,Vacancy,0,Vacancy,True
665,2024-08-08,22:07:27,0,Vacancy,0,Vacancy,True
666,2024-08-08,22:07:43,0,Vacancy,0,Vacancy,True
667,2024-08-08,22:07:59,0,Vacancy,0,Vacancy,True
668,2024-08-08,22:08:15,0,Vacancy,0,Vacancy,True
669,2024-08-08,22:08:31,0,Vacancy,0,Vacancy,True
670,2024-08-08,22:08:47,0,Vacancy,0,Vacancy,True
671,2024-08-08,22:09:03,0,Vacancy,0,Vacancy,True
672,2024-08-08,22:09:19,0,Vacancy,0,Vacancy,True
673,2024-08-08,22:09:35,0,Vacancy,0,Vacancy,True
674,2024-08-08,22:09:51,0,Vacancy,0,Vacancy,True
675,2024-08-08,22:10:07,0,Vacancy,0,Vacancy,True
676,2024-08-08,22:10:23,0,Vacancy,0,Vacancy,True
677,2024-08-08,22:10:39,0,Vacancy,0,Vacancy,True
678,2024-08-08,22:10:55,0,Vacancy,0,Vacancy,True
679,2024-08-08,22:11:11,0,Vacancy,0,Vacancy,True
680,2024-08-08,22:11:27,0,Vacancy,0,Vacancy,True
681,2024-08-08,22:11:44,0,Vacancy,0,Vacancy,True
682,2024-08-08,22:11:59,0,Vacancy,0,Vacancy,True
683,2024-08-08,22:12:15,0,Vacancy,0,Vacancy,True
684,2024-08-08,22:12:31,0,Vacancy,0,Vacancy,True
685,2024-08-08,22:12:47,0,Vacancy,0,Vacancy,True
686,2024-08-08,22:13:04,0,Vacancy,0,Vacancy,True
687,2024-08-08,22:13:19,0,Vacancy,0,Vacancy,True
688,2024-08-08,22:13:36,0,Vacancy,0,Vacancy,True
689,2024-08-08,22:13:51,0,Vacancy,0,Vacancy,True
690,2024-08-08,22:14:08,0,Vacancy,0,Vacancy,True
691,2024-08-08,22:14:24,0,Vacancy,0,Vacancy,True
692,2024-08-08,22:14:40,0,Vacancy,0,Vacancy,True
693,2024-08-08,22:14:56,0,Vacancy,0,Vacancy,True
694,2024-08-08,22:15:11,0,Vacancy,0,Vacancy,True
695,2024-08-08,22:15:28,0,Vacancy,0,Vacancy,True
696,2024-08-08,22:15:43,0,Vacancy,0,Vacancy,True
697,2024-08-08,22:16:00,0,Vacancy,0,Vacancy,True
698,2024-08-08,22:16:16,0,Vacancy,0,Vacancy,True
699,2024-08-08,22:16:32,0,Vacancy,0,Vacancy,True
700,2024-08-08,22:16:48,0,Vacancy,0,Vacancy,True
701,2024-08-08,22:17:04,0,Vacancy,0,Vacancy,True
702,2024-08-08,22:17:20,0,Vacancy,0,Vacancy,True
703,2024-08-08,22:17:36,0,Vacancy,0,Vacancy,True
704,2024-08-08,22:17:52,0,Vacancy,0,Vacancy,True
705,2024-08-08,22:18:08,0,Vacancy,0,Vacancy,True
706,2024-08-08,22:18:24,0,Vacancy,0,Vacancy,True
707,2024-08-08,22:18:40,0,Vacancy,0,Vacancy,True
708,2024-08-08,22:18:56,0,Vacancy,0,Vacancy,True
709,2024-08-08,22:19:12,0,Vacancy,0,Vacancy,True
710,2024-08-08,22:19:28,0,Vacancy,0,Vacancy,True
711,2024-08-08,22:19:44,0,Vacancy,0,Vacancy,True
712,2024-08-08,22:20:00,0,Vacancy,0,Vacancy,True
713,2024-08-08,22:20:16,0,Vacancy,0,Vacancy,True
714,2024-08-08,22:20:32,0,Vacancy,0,Vacancy,True
715,2024-08-08,22:20:48,0,Vacancy,0,Vacancy,True
716,2024-08-08,22:21:04,0,Vacancy,0,Vacancy,True
717,2024-08-08,22:21:20,0,Vacancy,0,Vacancy,True
718,2024-08-08,22:21:36,0,Vacancy,0,Vacancy,True
719,2024-08-08,22:21:52,0,Vacancy,0,Vacancy,True
720,2024-08-08,22:22:08,0,Vacancy,0,Vacancy,True
721,2024-08-08,22:22:24,0,Vacancy,0,Vacancy,True
722,2024-08-08,22:22:40,0,Vacancy,0,Vacancy,True
723,2024-08-08,22:22:56,0,Vacancy,0,Vacancy,True
724,2024-08-08,22:23:12,0,Vacancy,0,Vacancy,True
725,2024-08-08,22:23:28,0,Vacancy,0,Vacancy,True
726,2024-08-08,22:23:44,0,Vacancy,0,Vacancy,True
727,2024-08-08,22:24:00,0,Vacancy,0,Vacancy,True
728,2024-08-08,22:24:16,0,Vacancy,0,Vacancy,True
729,2024-08-08,22:24:32,0,Vacancy,0,Vacancy,True
730,2024-08-08,22:24:48,0,Vacancy,0,Vacancy,True
731,2024-08-08,22:25:04,0,Vacancy,0,Vacancy,True
732,2024-08-08,22:25:20,0,Vacancy,0,Vacancy,True
733,2024-08-08,22:25:36,0,Vacancy,0,Vacancy,True
734,2024-08-08,22:25:52,0,Vacancy,0,Vacancy,True
735,2024-08-08,22:26:08,0,Vacancy,0,Vacancy,True
736,2024-08-08,22:26:24,0,Vacancy,0,Vacancy,True
737,2024-08-08,22:26:40,0,Vacancy,0,Vacancy,True
738,2024-08-08,22:26:56,0,Vacancy,0,Vacancy,True
739,2024-08-08,22:27:12,0,Vacancy,0,Vacancy,True
740,2024-08-08,22:27:28,0,Vacancy,0,Vacancy,True
741,2024-08-08,22:27:44,0,Vacancy,0,Vacancy,True
742,2024-08-08,22:28:00,0,Vacancy,0,Vacancy,True
743,2024-08-08,22:28:16,0,Vacancy,0,Vacancy,True
744,2024-08-08,22:28:32,0,Vacancy,0,Vacancy,True
745,2024-08-08,22:28:48,0,Vacancy,0,Vacancy,True
746,2024-08-08,22:29:04,0,Vacancy,0,Vacancy,True
747,2024-08-08,22:29:20,0,Vacancy,0,Vacancy,True
748,2024-08-08,22:29:36,0,Vacancy,0,Vacancy,True
749,2024-08-08,22:29:52,0,Vacancy,0,Vacancy,True
750,2024-08-08,22:30:08,0,Vacancy,0,Vacancy,True
751,2024-08-08,22:30:24,0,Vacancy,0,Vacancy,True
752,2024-08-08,22:30:40,0,Vacancy,0,Vacancy,True
753,2024-08-08,22:30:56,0,Vacancy,0,Vacancy,True
754,2024-08-08,22:31:12,0,Vacancy,0,Vacancy,True
755,2024-08-08,22:31:28,0,Vacancy,0,Vacancy,True
756,2024-08-08,22:31:44,0,Vacancy,0,Vacancy,True
757,2024-08-08,22:32:00,0,Vacancy,0,Vacancy,True
758,2024-08-08,22:32:16,0,Vacancy,0,Vacancy,True
759,2024-08-08,22:32:32,0,Vacancy,0,Vacancy,True
760,2024-08-08,22:32:48,0,Vacancy,0,Vacancy,True
761,2024-08-08,22:33:04,0,Vacancy,0,Vacancy,True
762,2024-08-08,22:33:20,0,Vacancy,0,Vacancy,True
763,2024-08-08,22:33:36,0,Vacancy,0,Vacancy,True
764,2024-08-08,22:33:52,0,Vacancy,0,Vacancy,True
765,2024-08-08,22:34:08,0,Vacancy,0,Vacancy,True
766,2024-08-08,22:34:24,0,Vacancy,0,Vacancy,True
767,2024-08-08,22:34:40,0,Vacancy,0,Vacancy,True
768,2024-08-08,22:34:56,0,Vacancy,0,Vacancy,True
769,2024-08-08,22:35:12,0,Vacancy,0,Vacancy,True
770,2024-08-08,22:35:28,0,Vacancy,0,Vacancy,True
771,2024-08-08,22:35:44,0,Vacancy,0,Vacancy,True
772,2024-08-08,22:36:00,0,Vacancy,0,Vacancy,True
773,2024-08-08,22:36:16,0,Vacancy,0,Vacancy,True
774,2024-08-08,22:36:32,0,Vacancy,0,Vacancy,True
775,2024-08-08,22:36:48,0,Vacancy,0,Vacancy,True
776,2024-08-08,22:37:04,0,Vacancy,0,Vacancy,True
777,2024-08-08,22:37:20,0,Vacancy,0,Vacancy,True
778,2024-08-08,22:37:36,0,Vacancy,0,Vacancy,True
779,2024-08-08,22:37:52,0,Vacancy,0,Vacancy,True
780,2024-08-08,22:38:08,0,Vacancy,0,Vacancy,True
781,2024-08-08,22:38:24,0,Vacancy,0,Vacancy,True
782,2024-08-08,22:38:40,0,Vacancy,0,Vacancy,True
783,2024-08-08,22:38:56,0,Vacancy,0,Vacancy,True
784,2024-08-08,22:39:12,0,Vacancy,0,Vacancy,True
785,2024-08-08,22:39:28,0,Vacancy,0,Vacancy,True
786,2024-08-08,22:39:44,0,Vacancy,0,Vacancy,True
787,2024-08-08,22:40:00,0,Vacancy,0,Vacancy,True
788,2024-08-08,22:40:16,0,Vacancy,0,Vacancy,True
789,2024-08-08,22:40:32,0,Vacancy,0,Vacancy,True
790,2024-08-08,22:40:48,0,Vacancy,0,Vacancy,True
791,2024-08-08,22:41:04,0,Vacancy,0,Vacancy,True
792,2024-08-08,22:41:20,0,Vacancy,0,Vacancy,True
793,2024-08-08,22:41:36,0,Vacancy,0,Vacancy,True
794,2024-08-08,22:41:52,0,Vacancy,0,Vacancy,True
795,2024-08-08,22:42:08,0,Vacancy,0,Vacancy,True
796,2024-08-08,22:42:24,0,Vacancy,0,Vacancy,True
797,2024-08-08,22:42:40,0,Vacancy,0,Vacancy,True
798,2024-08-08,22:42:56,0,Vacancy,0,Vacancy,True
799,2024-08-08,22:43:12,0,Vacancy,0,Vacancy,True
800,2024-08-08,22:43:28,0,Vacancy,0,Vacancy,True
801,2024-08-08,22:43:44,0,Vacancy,0,Vacancy,True
802,2024-08-08,22:44:00,0,Vacancy,0,Vacancy,True
803,2024-08-08,22:44:16,0,Vacancy,0,Vacancy,True
804,2024-08-08,22:44:32,0,Vacancy,0,Vacancy,True
805,2024-08-08,22:44:48,0,Vacancy,0,Vacancy,True
806,2024-08-08,22:45:04,0,Vacancy,0,Vacancy,True
807,2024-08-08,22:45:20,0,Vacancy,0,Vacancy,True
808,2024-08-08,22:45:36,0,Vacancy,0,Vacancy,True
809,2024-08-08,22:45:52,0,Vacancy,0,Vacancy,True
810,2024-08-08,22:46:08,0,Vacancy,0,Vacancy,True
811,2024-08-08,22:46:24,0,Vacancy,0,Vacancy,True
812,2024-08-08,22:46:40,0,Vacancy,0,Vacancy,True
813,2024-08-08,22:46:56,0,Vacancy,0,Vacancy,True
814,2024-08-08,22:47:12,0,Vacancy,0,Vacancy,True
815,2024-08-08,22:47:28,0,Vacancy,0,Vacancy,True
816,2024-08-08,22:47:44,0,Vacancy,0,Vacancy,True
817,2024-08-08,22:48:00,0,Vacancy,0,Vacancy,True
818,2024-08-08,22:48:16,0,Vacancy,0,Vacancy,True
819,2024-08-08,22:48:32,0,Vacancy,0,Vacancy,True
820,2024-08-08,22:48:48,0,Vacancy,0,Vacancy,True
821,2024-08-08,22:49:04,0,Vacancy,0,Vacancy,True
822,2024-08-08,22:49:20,0,Vacancy,0,Vacancy,True
823,2024-08-08,22:49:36,0,Vacancy,0,Vacancy,True
824,2024-08-08,22:49:52,0,Vacancy,0,Vacancy,True
825,2024-08-08,22:50:08,0,Vacancy,0,Vacancy,True
826,2024-08-08,22:50:40,0,Vacancy,0,Vacancy,True
827,2024-08-08,22:50:56,0,Vacancy,0,Vacancy,True
828,2024-08-08,22:51:12,0,Vacancy,0,Vacancy,True
829,2024-08-08,22:51:28,0,Vacancy,0,Vacancy,True
830,2024-08-08,22:51:44,0,Vacancy,0,Vacancy,True
831,2024-08-08,22:52:00,0,Vacancy,0,Vacancy,True
832,2024-08-08,22:52:16,0,Vacancy,0,Vacancy,True
833,2024-08-08,22:52:32,0,Vacancy,0,Vacancy,True
834,2024-08-08,22:52:48,0,Vacancy,0,Vacancy,True
835,2024-08-08,22:53:04,0,Vacancy,0,Vacancy,True
836,2024-08-08,22:53:20,0,Vacancy,0,Vacancy,True
837,2024-08-08,22:53:36,0,Vacancy,0,Vacancy,True
838,2024-08-08,22:53:52,0,Vacancy,0,Vacancy,True
839,2024-08-08,22:54:08,0,Vacancy,0,Vacancy,True
840,2024-08-08,22:54:24,0,Vacancy,0,Vacancy,True
841,2024-08-08,22:54:40,0,Vacancy,0,Vacancy,True
842,2024-08-08,22:54:56,0,Vacancy,0,Vacancy,True
843,2024-08-08,22:55:12,0,Vacancy,0,Vacancy,True
844,2024-08-08,22:55:28,0,Vacancy,0,Vacancy,True
845,2024-08-08,22:55:45,0,Vacancy,0,Vacancy,True
846,2024-08-08,22:56:00,0,Vacancy,0,Vacancy,True
847,2024-08-08,22:56:16,0,Vacancy,0,Vacancy,True
848,2024-08-08,22:56:32,0,Vacancy,0,Vacancy,True
849,2024-08-08,22:56:49,0,Vacancy,0,Vacancy,True
850,2024-08-08,22:57:04,0,Vacancy,0,Vacancy,True
851,2024-08-08,22:57:20,0,Vacancy,0,Vacancy,True
852,2024-08-08,22:57:37,0,Vacancy,0,Vacancy,True
853,2024-08-08,22:57:52,0,Vacancy,0,Vacancy,True
854,2024-08-08,22:58:09,0,Vacancy,0,Vacancy,True
855,2024-08-08,22:58:25,0,Vacancy,0,Vacancy,True
856,2024-08-08,22:58:41,0,Vacancy,0,Vacancy,True
857,2024-08-08,22:58:56,0,Vacancy,0,Vacancy,True
858,2024-08-08,22:59:13,0,Vacancy,0,Vacancy,True
859,2024-08-08,22:59:29,0,Vacancy,0,Vacancy,True
860,2024-08-08,22:59:45,0,Vacancy,0,Vacancy,True
861,2024-08-08,23:00:01,0,Vacancy,0,Vacancy,True
862,2024-08-08,23:00:17,0,Vacancy,0,Vacancy,True
863,2024-08-08,23:00:33,0,Vacancy,0,Vacancy,True
864,2024-08-08,23:00:49,0,Vacancy,0,Vacancy,True
865,2024-08-08,23:01:05,0,Vacancy,0,Vacancy,True
866,2024-08-08,23:01:21,0,Vacancy,0,Vacancy,True
867,2024-08-08,23:01:37,0,Vacancy,0,Vacancy,True
868,2024-08-08,23:01:53,0,Vacancy,0,Vacancy,True
869,2024-08-08,23:02:09,0,Vacancy,0,Vacancy,True
870,2024-08-08,23:02:25,0,Vacancy,0,Vacancy,True
871,2024-08-08,23:02:41,0,Vacancy,0,Vacancy,True
872,2024-08-08,23:02:57,0,Vacancy,0,Vacancy,True
873,2024-08-08,23:03:13,0,Vacancy,0,Vacancy,True
874,2024-08-08,23:03:29,0,Vacancy,0,Vacancy,True
875,2024-08-08,23:03:45,0,Vacancy,0,Vacancy,True
876,2024-08-08,23:04:01,0,Vacancy,0,Vacancy,True
877,2024-08-08,23:04:17,0,Vacancy,0,Vacancy,True
878,2024-08-08,23:04:33,0,Vacancy,0,Vacancy,True
879,2024-08-08,23:04:49,0,Vacancy,0,Vacancy,True
880,2024-08-08,23:05:05,0,Vacancy,0,Vacancy,True
881,2024-08-08,23:05:21,0,Vacancy,0,Vacancy,True
882,2024-08-08,23:05:37,0,Vacancy,0,Vacancy,True
883,2024-08-08,23:05:53,0,Vacancy,0,Vacancy,True
884,2024-08-08,23:06:09,0,Vacancy,0,Vacancy,True
885,2024-08-08,23:06:25,0,Vacancy,0,Vacancy,True
886,2024-08-08,23:06:41,0,Vacancy,0,Vacancy,True
887,2024-08-08,23:06:57,0,Vacancy,0,Vacancy,True
888,2024-08-08,23:07:13,0,Vacancy,0,Vacancy,True
889,2024-08-08,23:07:29,0,Vacancy,0,Vacancy,True
890,2024-08-08,23:07:45,0,Vacancy,0,Vacancy,True
891,2024-08-08,23:08:01,0,Vacancy,0,Vacancy,True
892,2024-08-08,23:08:17,0,Vacancy,0,Vacancy,True
893,2024-08-08,23:08:33,0,Vacancy,0,Vacancy,True
894,2024-08-08,23:08:49,0,Vacancy,0,Vacancy,True
895,2024-08-08,23:09:05,0,Vacancy,0,Vacancy,True
896,2024-08-08,23:09:21,0,Vacancy,0,Vacancy,True
897,2024-08-08,23:09:37,0,Vacancy,0,Vacancy,True
898,2024-08-08,23:09:53,0,Vacancy,0,Vacancy,True
899,2024-08-08,23:10:09,0,Vacancy,0,Vacancy,True
900,2024-08-08,23:10:25,0,Vacancy,0,Vacancy,True
901,2024-08-08,23:10:41,0,Vacancy,0,Vacancy,True
902,2024-08-08,23:10:57,0,Vacancy,0,Vacancy,True
903,2024-08-08,23:11:13,0,Vacancy,0,Vacancy,True
904,2024-08-08,23:11:29,0,Vacancy,0,Vacancy,True
905,2024-08-08,23:11:45,0,Vacancy,0,Vacancy,True
906,2024-08-08,23:12:01,0,Vacancy,0,Vacancy,True
907,2024-08-08,23:12:17,0,Vacancy,0,Vacancy,True
908,2024-08-08,23:12:33,0,Vacancy,0,Vacancy,True
909,2024-08-08,23:12:49,0,Vacancy,0,Vacancy,True
910,2024-08-08,23:13:05,0,Vacancy,0,Vacancy,True
911,2024-08-08,23:13:21,0,Vacancy,0,Vacancy,True
912,2024-08-08,23:13:37,0,Vacancy,0,Vacancy,True
913,2024-08-08,23:13:53,0,Vacancy,0,Vacancy,True
914,2024-08-08,23:14:09,0,Vacancy,0,Vacancy,True
915,2024-08-08,23:14:25,0,Vacancy,0,Vacancy,True
916,2024-08-08,23:14:41,0,Vacancy,0,Vacancy,True
917,2024-08-08,23:14:57,0,Vacancy,0,Vacancy,True
918,2024-08-08,23:15:13,0,Vacancy,0,Vacancy,True
919,2024-08-08,23:15:29,0,Vacancy,0,Vacancy,True
920,2024-08-08,23:15:45,0,Vacancy,0,Vacancy,True
921,2024-08-08,23:16:01,0,Vacancy,0,Vacancy,True
922,2024-08-08,23:16:17,0,Vacancy,0,Vacancy,True
923,2024-08-08,23:16:33,0,Vacancy,0,Vacancy,True
924,2024-08-08,23:16:49,0,Vacancy,0,Vacancy,True
925,2024-08-08,23:17:05,0,Vacancy,0,Vacancy,True
926,2024-08-08,23:17:21,0,Vacancy,0,Vacancy,True
927,2024-08-08,23:17:37,0,Vacancy,0,Vacancy,True
928,2024-08-08,23:17:53,0,Vacancy,0,Vacancy,True
929,2024-08-08,23:18:09,0,Vacancy,0,Vacancy,True
930,2024-08-08,23:18:25,0,Vacancy,0,Vacancy,True
931,2024-08-08,23:18:41,0,Vacancy,0,Vacancy,True
932,2024-08-08,23:18:57,0,Vacancy,0,Vacancy,True
933,2024-08-08,23:19:13,0,Vacancy,0,Vacancy,True
934,2024-08-08,23:19:29,0,Vacancy,0,Vacancy,True
935,2024-08-08,23:19:45,0,Vacancy,0,Vacancy,True
936,2024-08-08,23:20:01,0,Vacancy,0,Vacancy,True
937,2024-08-08,23:20:17,0,Vacancy,0,Vacancy,True
938,2024-08-08,23:20:33,0,Vacancy,0,Vacancy,True
939,2024-08-08,23:20:49,0,Vacancy,0,Vacancy,True
940,2024-08-08,23:21:05,0,Vacancy,0,Vacancy,True
941,2024-08-08,23:21:21,0,Vacancy,0,Vacancy,True
942,2024-08-08,23:21:37,0,Vacancy,0,Vacancy,True
943,2024-08-08,23:21:53,0,Vacancy,0,Vacancy,True
944,2024-08-08,23:22:09,0,Vacancy,0,Vacancy,True
945,2024-08-08,23:22:25,0,Vacancy,0,Vacancy,True
946,2024-08-08,23:22:41,0,Vacancy,0,Vacancy,True
947,2024-08-08,23:22:57,0,Vacancy,0,Vacancy,True
948,2024-08-08,23:23:13,0,Vacancy,0,Vacancy,True
949,2024-08-08,23:23:29,0,Vacancy,0,Vacancy,True
950,2024-08-08,23:23:45,0,Vacancy,0,Vacancy,True
951,2024-08-08,23:24:01,0,Vacancy,0,Vacancy,True
952,2024-08-08,23:24:17,0,Vacancy,0,Vacancy,True
953,2024-08-08,23:24:33,0,Vacancy,0,Vacancy,True
954,2024-08-08,23:24:49,0,Vacancy,0,Vacancy,True
955,2024-08-08,23:25:05,0,Vacancy,0,Vacancy,True
956,2024-08-08,23:25:21,0,Vacancy,0,Vacancy,True
957,2024-08-08,23:25:37,0,Vacancy,0,Vacancy,True
958,2024-08-08,23:25:53,0,Vacancy,0,Vacancy,True
959,2024-08-08,23:26:09,0,Vacancy,0,Vacancy,True
960,2024-08-08,23:26:25,0,Vacancy,0,Vacancy,True
961,2024-08-08,23:26:41,0,Vacancy,0,Vacancy,True
962,2024-08-08,23:26:57,0,Vacancy,0,Vacancy,True
963,2024-08-08,23:27:13,0,Vacancy,0,Vacancy,True
964,2024-08-08,23:27:29,0,Vacancy,0,Vacancy,True
965,2024-08-08,23:27:45,0,Vacancy,0,Vacancy,True
966,2024-08-08,23:28:01,0,Vacancy,0,Vacancy,True
967,2024-08-08,23:28:17,0,Vacancy,0,Vacancy,True
968,2024-08-08,23:28:33,0,Vacancy,0,Vacancy,True
969,2024-08-08,23:28:49,0,Vacancy,0,Vacancy,True
970,2024-08-08,23:29:05,0,Vacancy,0,Vacancy,True
971,2024-08-08,23:29:21,0,Vacancy,0,Vacancy,True
972,2024-08-08,23:29:37,0,Vacancy,0,Vacancy,True
973,2024-08-08,23:29:53,0,Vacancy,0,Vacancy,True
974,2024-08-08,23:30:09,0,Vacancy,0,Vacancy,True
975,2024-08-08,23:30:25,0,Vacancy,0,Vacancy,True
976,2024-08-08,23:30:41,0,Vacancy,0,Vacancy,True
977,2024-08-08,23:30:57,0,Vacancy,0,Vacancy,True
978,2024-08-08,23:31:13,0,Vacancy,0,Vacancy,True
979,2024-08-08,23:31:29,0,Vacancy,0,Vacancy,True
980,2024-08-08,23:31:45,0,Vacancy,0,Vacancy,True
981,2024-08-08,23:32:01,0,Vacancy,0,Vacancy,True
982,2024-08-08,23:32:17,0,Vacancy,0,Vacancy,True
983,2024-08-08,23:32:33,0,Vacancy,0,Vacancy,True
984,2024-08-08,23:32:49,0,Vacancy,0,Vacancy,True
985,2024-08-08,23:33:05,0,Vacancy,0,Vacancy,True
986,2024-08-08,23:33:21,0,Vacancy,0,Vacancy,True
987,2024-08-08,23:33:37,0,Vacancy,0,Vacancy,True
988,2024-08-08,23:33:53,0,Vacancy,0,Vacancy,True
989,2024-08-08,23:34:09,0,Vacancy,0,Vacancy,True
990,2024-08-08,23:34:25,0,Vacancy,0,Vacancy,True
991,2024-08-08,23:34:41,0,Vacancy,0,Vacancy,True
992,2024-08-08,23:34:57,0,Vacancy,0,Vacancy,True
993,2024-08-08,23:35:13,0,Vacancy,0,Vacancy,True
994,2024-08-08,23:35:29,0,Vacancy,0,Vacancy,True
995,2024-08-08,23:35:45,0,Vacancy,0,Vacancy,True
996,2024-08-08,23:36:01,0,Vacancy,0,Vacancy,True
997,2024-08-08,23:36:17,0,Vacancy,0,Vacancy,True
998,2024-08-08,23:36:33,0,Vacancy,0,Vacancy,True
999,2024-08-08,23:36:49,0,Vacancy,0,Vacancy,True
1000,2024-08-08,23:37:05,0,Vacancy,0,Vacancy,True
1001,2024-08-08,23:37:21,0,Vacancy,0,Vacancy,True
1002,2024-08-08,23:37:37,0,Vacancy,0,Vacancy,True
1003,2024-08-08,23:37:53,0,Vacancy,0,Vacancy,True
1004,2024-08-08,23:38:09,0,Vacancy,0,Vacancy,True
1005,2024-08-08,23:38:25,0,Vacancy,0,Vacancy,True
1006,2024-08-08,23:38:41,0,Vacancy,0,Vacancy,True
1007,2024-08-08,23:38:57,0,Vacancy,0,Vacancy,True
1008,2024-08-08,23:39:13,0,Vacancy,0,Vacancy,True
1009,2024-08-08,23:39:29,0,Vacancy,0,Vacancy,True
1010,2024-08-08,23:39:45,0,Vacancy,0,Vacancy,True
1011,2024-08-08,23:40:01,0,Vacancy,0,Vacancy,True
1012,2024-08-08,23:40:17,0,Vacancy,0,Vacancy,True
1013,2024-08-08,23:40:33,0,Vacancy,0,Vacancy,True
1014,2024-08-08,23:40:49,0,Vacancy,0,Vacancy,True
1015,2024-08-08,23:41:06,0,Vacancy,0,Vacancy,True
1016,2024-08-08,23:41:21,0,Vacancy,0,Vacancy,True
1017,2024-08-08,23:41:38,0,Vacancy,0,Vacancy,True
1018,2024-08-08,23:41:53,0,Vacancy,0,Vacancy,True
1019,2024-08-08,23:42:10,0,Vacancy,0,Vacancy,True
1020,2024-08-08,23:42:26,0,Vacancy,0,Vacancy,True
1021,2024-08-08,23:42:41,0,Vacancy,0,Vacancy,True
1022,2024-08-08,23:42:58,0,Vacancy,0,Vacancy,True
1023,2024-08-08,23:43:14,0,Vacancy,0,Vacancy,True
1024,2024-08-08,23:43:30,0,Vacancy,0,Vacancy,True
1025,2024-08-08,23:43:46,0,Vacancy,0,Vacancy,True
1026,2024-08-08,23:44:02,0,Vacancy,0,Vacancy,True
1027,2024-08-08,23:44:18,0,Vacancy,0,Vacancy,True
1028,2024-08-08,23:44:34,0,Vacancy,0,Vacancy,True
1029,2024-08-08,23:44:50,0,Vacancy,0,Vacancy,True
1030,2024-08-08,23:45:06,0,Vacancy,0,Vacancy,True
1031,2024-08-08,23:45:22,0,Vacancy,0,Vacancy,True
1032,2024-08-08,23:45:38,0,Vacancy,0,Vacancy,True
1033,2024-08-08,23:45:54,0,Vacancy,0,Vacancy,True
1034,2024-08-08,23:46:10,0,Vacancy,0,Vacancy,True
1035,2024-08-08,23:46:26,0,Vacancy,0,Vacancy,True
1036,2024-08-08,23:46:42,0,Vacancy,0,Vacancy,True
1037,2024-08-08,23:46:58,0,Vacancy,0,Vacancy,True
1038,2024-08-08,23:47:14,0,Vacancy,0,Vacancy,True
1039,2024-08-08,23:47:30,0,Vacancy,0,Vacancy,True
1040,2024-08-08,23:47:46,0,Vacancy,0,Vacancy,True
1041,2024-08-08,23:48:02,0,Vacancy,0,Vacancy,True
1042,2024-08-08,23:48:18,0,Vacancy,0,Vacancy,True
1043,2024-08-08,23:48:34,0,Vacancy,0,Vacancy,True
1044,2024-08-08,23:48:50,0,Vacancy,0,Vacancy,True
1045,2024-08-08,23:49:06,0,Vacancy,0,Vacancy,True
1046,2024-08-08,23:49:22,0,Vacancy,0,Vacancy,True
1047,2024-08-08,23:49:38,0,Vacancy,0,Vacancy,True
1048,2024-08-08,23:49:54,0,Vacancy,0,Vacancy,True
1049,2024-08-08,23:50:10,0,Vacancy,0,Vacancy,True
1050,2024-08-08,23:50:26,0,Vacancy,0,Vacancy,True
1051,2024-08-08,23:50:42,0,Vacancy,0,Vacancy,True
1052,2024-08-08,23:50:58,0,Vacancy,0,Vacancy,True
1053,2024-08-08,23:51:14,0,Vacancy,0,Vacancy,True
1054,2024-08-08,23:51:30,0,Vacancy,0,Vacancy,True
1055,2024-08-08,23:51:46,0,Vacancy,0,Vacancy,True
1056,2024-08-08,23:52:02,0,Vacancy,0,Vacancy,True
1057,2024-08-08,23:52:18,0,Vacancy,0,Vacancy,True
1058,2024-08-08,23:52:34,0,Vacancy,0,Vacancy,True
1059,2024-08-08,23:52:50,0,Vacancy,0,Vacancy,True
1060,2024-08-08,23:53:06,0,Vacancy,0,Vacancy,True
1061,2024-08-08,23:53:22,0,Vacancy,0,Vacancy,True
1062,2024-08-08,23:53:38,0,Vacancy,0,Vacancy,True
1063,2024-08-08,23:53:54,0,Vacancy,0,Vacancy,True
1064,2024-08-08,23:54:10,0,Vacancy,0,Vacancy,True
1065,2024-08-08,23:54:26,0,Vacancy,0,Vacancy,True
1066,2024-08-08,23:54:42,0,Vacancy,0,Vacancy,True
1067,2024-08-08,23:54:58,0,Vacancy,0,Vacancy,True
1068,2024-08-08,23:55:14,0,Vacancy,0,Vacancy,True
1069,2024-08-08,23:55:30,0,Vacancy,0,Vacancy,True
1070,2024-08-08,23:55:46,0,Vacancy,0,Vacancy,True
1071,2024-08-08,23:56:02,0,Vacancy,0,Vacancy,True
1072,2024-08-08,23:56:18,0,Vacancy,0,Vacancy,True
1073,2024-08-08,23:56:34,0,Vacancy,0,Vacancy,True
1074,2024-08-08,23:56:50,0,Vacancy,0,Vacancy,True
1075,2024-08-08,23:57:06,0,Vacancy,0,Vacancy,True
1076,2024-08-08,23:57:22,0,Vacancy,0,Vacancy,True
1077,2024-08-08,23:57:38,0,Vacancy,0,Vacancy,True
1078,2024-08-08,23:57:54,0,Vacancy,0,Vacancy,True
1079,2024-08-08,23:58:10,0,Vacancy,0,Vacancy,True
1080,2024-08-08,23:58:26,0,Vacancy,0,Vacancy,True
1081,2024-08-08,23:58:42,0,Vacancy,0,Vacancy,True
1082,2024-08-08,23:58:58,0,Vacancy,0,Vacancy,True
1083,2024-08-08,23:59:14,0,Vacancy,0,Vacancy,True
1084,2024-08-08,23:59:30,0,Vacancy,0,Vacancy,True
1085,2024-08-08,23:59:46,0,Vacancy,0,Vacancy,True
1086,2024-09-08,00:00:02,0,Vacancy,0,Vacancy,True
1087,2024-09-08,00:00:18,0,Vacancy,0,Vacancy,True
1088,2024-09-08,00:00:34,0,Vacancy,0,Vacancy,True
1089,2024-09-08,00:00:50,0,Vacancy,0,Vacancy,True
1090,2024-09-08,00:01:06,0,Vacancy,0,Vacancy,True
1091,2024-09-08,00:01:22,0,Vacancy,0,Vacancy,True
1092,2024-09-08,00:01:38,0,Vacancy,0,Vacancy,True
1093,2024-09-08,00:01:54,0,Vacancy,0,Vacancy,True
1094,2024-09-08,00:02:10,0,Vacancy,0,Vacancy,True
1095,2024-09-08,00:02:26,0,Vacancy,0,Vacancy,True
1096,2024-09-08,00:02:42,0,Vacancy,0,Vacancy,True
1097,2024-09-08,00:02:58,0,Vacancy,0,Vacancy,True
1098,2024-09-08,00:03:14,0,Vacancy,0,Vacancy,True
1099,2024-09-08,00:03:30,0,Vacancy,0,Vacancy,True
1100,2024-09-08,00:03:46,0,Vacancy,0,Vacancy,True
1101,2024-09-08,00:04:02,0,Vacancy,0,Vacancy,True
1102,2024-09-08,00:04:18,0,Vacancy,0,Vacancy,True
1103,2024-09-08,00:04:34,0,Vacancy,0,Vacancy,True
1104,2024-09-08,00:04:50,0,Vacancy,0,Vacancy,True
1105,2024-09-08,00:05:06,0,Vacancy,0,Vacancy,True
1106,2024-09-08,00:05:22,0,Vacancy,0,Vacancy,True
1107,2024-09-08,00:05:38,0,Vacancy,0,Vacancy,True
1108,2024-09-08,00:05:54,0,Vacancy,0,Vacancy,True
1109,2024-09-08,00:06:10,0,Vacancy,0,Vacancy,True
1110,2024-09-08,00:06:26,0,Vacancy,0,Vacancy,True
1111,2024-09-08,00:06:42,0,Vacancy,0,Vacancy,True
1112,2024-09-08,00:06:58,0,Vacancy,0,Vacancy,True
1113,2024-09-08,00:07:14,0,Vacancy,0,Vacancy,True
1114,2024-09-08,00:07:30,0,Vacancy,0,Vacancy,True
1115,2024-09-08,00:07:46,0,Vacancy,0,Vacancy,True
1116,2024-09-08,00:08:02,0,Vacancy,0,Vacancy,True
1117,2024-09-08,00:08:18,0,Vacancy,0,Vacancy,True
1118,2024-09-08,00:08:34,0,Vacancy,0,Vacancy,True
1119,2024-09-08,00:08:50,0,Vacancy,0,Vacancy,True
1120,2024-09-08,00:09:06,0,Vacancy,0,Vacancy,True
1121,2024-09-08,00:09:22,0,Vacancy,0,Vacancy,True
1122,2024-09-08,00:09:38,0,Vacancy,0,Vacancy,True
1123,2024-09-08,00:09:54,0,Vacancy,0,Vacancy,True
1124,2024-09-08,00:10:10,0,Vacancy,0,Vacancy,True
1125,2024-09-08,00:10:26,0,Vacancy,0,Vacancy,True
1126,2024-09-08,00:10:42,0,Vacancy,0,Vacancy,True
1127,2024-09-08,00:10:58,0,Vacancy,0,Vacancy,True
1128,2024-09-08,00:11:14,0,Vacancy,0,Vacancy,True
1129,2024-09-08,00:11:30,0,Vacancy,0,Vacancy,True
1130,2024-09-08,00:11:46,0,Vacancy,0,Vacancy,True
1131,2024-09-08,00:12:02,0,Vacancy,0,Vacancy,True
1132,2024-09-08,00:12:18,0,Vacancy,0,Vacancy,True
1133,2024-09-08,00:12:34,0,Vacancy,0,Vacancy,True
1134,2024-09-08,00:12:50,0,Vacancy,0,Vacancy,True
1135,2024-09-08,00:13:06,0,Vacancy,0,Vacancy,True
1136,2024-09-08,00:13:22,0,Vacancy,0,Vacancy,True
1137,2024-09-08,00:13:38,0,Vacancy,0,Vacancy,True
1138,2024-09-08,00:13:54,0,Vacancy,0,Vacancy,True
1139,2024-09-08,00:14:10,0,Vacancy,0,Vacancy,True
1140,2024-09-08,00:14:26,0,Vacancy,0,Vacancy,True
1141,2024-09-08,00:14:42,0,Vacancy,0,Vacancy,True
1142,2024-09-08,00:14:58,0,Vacancy,0,Vacancy,True
1143,2024-09-08,00:15:14,0,Vacancy,0,Vacancy,True
1144,2024-09-08,00:15:30,0,Vacancy,0,Vacancy,True
1145,2024-09-08,00:15:46,0,Vacancy,0,Vacancy,True
1146,2024-09-08,00:16:02,0,Vacancy,0,Vacancy,True
1147,2024-09-08,00:16:18,0,Vacancy,0,Vacancy,True
1148,2024-09-08,00:16:34,0,Vacancy,0,Vacancy,True
1149,2024-09-08,00:16:50,0,Vacancy,0,Vacancy,True
1150,2024-09-08,00:17:06,0,Vacancy,0,Vacancy,True
1151,2024-09-08,00:17:22,0,Vacancy,0,Vacancy,True
1152,2024-09-08,00:17:38,0,Vacancy,0,Vacancy,True
1153,2024-09-08,00:17:54,0,Vacancy,0,Vacancy,True
1154,2024-09-08,00:18:10,0,Vacancy,0,Vacancy,True
1155,2024-09-08,00:18:26,0,Vacancy,0,Vacancy,True
1156,2024-09-08,00:18:42,0,Vacancy,0,Vacancy,True
1157,2024-09-08,00:18:58,0,Vacancy,0,Vacancy,True
1158,2024-09-08,00:19:14,0,Vacancy,0,Vacancy,True
1159,2024-09-08,00:19:30,0,Vacancy,0,Vacancy,True
1160,2024-09-08,00:19:46,0,Vacancy,0,Vacancy,True
1161,2024-09-08,00:20:02,0,Vacancy,0,Vacancy,True
1162,2024-09-08,00:20:18,0,Vacancy,0,Vacancy,True
1163,2024-09-08,00:20:34,0,Vacancy,0,Vacancy,True
1164,2024-09-08,00:20:50,0,Vacancy,0,Vacancy,True
1165,2024-09-08,00:21:06,0,Vacancy,0,Vacancy,True
1166,2024-09-08,00:21:22,0,Vacancy,0,Vacancy,True
1167,2024-09-08,00:21:38,0,Vacancy,0,Vacancy,True
1168,2024-09-08,00:21:54,0,Vacancy,0,Vacancy,True
1169,2024-09-08,00:22:10,0,Vacancy,0,Vacancy,True
1170,2024-09-08,00:22:26,0,Vacancy,0,Vacancy,True
1171,2024-09-08,00:22:42,0,Vacancy,0,Vacancy,True
1172,2024-09-08,00:22:58,0,Vacancy,0,Vacancy,True
1173,2024-09-08,00:23:14,0,Vacancy,0,Vacancy,True
1174,2024-09-08,00:23:30,0,Vacancy,0,Vacancy,True
1175,2024-09-08,00:23:46,0,Vacancy,0,Vacancy,True
1176,2024-09-08,00:24:02,0,Vacancy,0,Vacancy,True
1177,2024-09-08,00:24:19,0,Vacancy,0,Vacancy,True
1178,2024-09-08,00:24:34,0,Vacancy,0,Vacancy,True
1179,2024-09-08,00:24:50,0,Vacancy,0,Vacancy,True
1180,2024-09-08,00:25:06,0,Vacancy,0,Vacancy,True
1181,2024-09-08,00:25:22,0,Vacancy,0,Vacancy,True
1182,2024-09-08,00:25:39,0,Vacancy,0,Vacancy,True
1183,2024-09-08,00:25:54,0,Vacancy,0,Vacancy,True
1184,2024-09-08,00:26:11,0,Vacancy,0,Vacancy,True
1185,2024-09-08,00:26:27,0,Vacancy,0,Vacancy,True
1186,2024-09-08,00:26:42,0,Vacancy,0,Vacancy,True
1187,2024-09-08,00:26:59,0,Vacancy,0,Vacancy,True
1188,2024-09-08,00:27:15,0,Vacancy,0,Vacancy,True
1189,2024-09-08,00:27:31,0,Vacancy,0,Vacancy,True
1190,2024-09-08,00:27:47,0,Vacancy,0,Vacancy,True
1191,2024-09-08,00:28:03,0,Vacancy,0,Vacancy,True
1192,2024-09-08,00:28:19,0,Vacancy,0,Vacancy,True
1193,2024-09-08,00:28:35,0,Vacancy,0,Vacancy,True
1194,2024-09-08,00:28:51,0,Vacancy,0,Vacancy,True
1195,2024-09-08,00:29:07,0,Vacancy,0,Vacancy,True
1196,2024-09-08,00:29:23,0,Vacancy,0,Vacancy,True
1197,2024-09-08,00:29:39,0,Vacancy,0,Vacancy,True
1198,2024-09-08,00:29:55,0,Vacancy,0,Vacancy,True
1199,2024-09-08,00:30:11,0,Vacancy,0,Vacancy,True
1200,2024-09-08,00:30:27,0,Vacancy,0,Vacancy,True
1201,2024-09-08,00:30:43,0,Vacancy,0,Vacancy,True
1202,2024-09-08,00:30:59,0,Vacancy,0,Vacancy,True
1203,2024-09-08,00:31:15,0,Vacancy,0,Vacancy,True
1204,2024-09-08,00:31:31,0,Vacancy,0,Vacancy,True
1205,2024-09-08,00:31:47,0,Vacancy,0,Vacancy,True
1206,2024-09-08,00:32:03,0,Vacancy,0,Vacancy,True
1207,2024-09-08,00:32:19,0,Vacancy,0,Vacancy,True
1208,2024-09-08,00:32:35,0,Vacancy,0,Vacancy,True
1209,2024-09-08,00:32:51,0,Vacancy,0,Vacancy,True
1210,2024-09-08,00:33:07,0,Vacancy,0,Vacancy,True
1211,2024-09-08,00:33:23,0,Vacancy,0,Vacancy,True
1212,2024-09-08,00:33:39,0,Vacancy,0,Vacancy,True
1213,2024-09-08,00:33:55,0,Vacancy,0,Vacancy,True
1214,2024-09-08,00:34:11,0,Vacancy,0,Vacancy,True
1215,2024-09-08,00:34:27,0,Vacancy,0,Vacancy,True
1216,2024-09-08,00:34:43,0,Vacancy,0,Vacancy,True
1217,2024-09-08,00:34:59,0,Vacancy,0,Vacancy,True
1218,2024-09-08,00:35:15,0,Vacancy,0,Vacancy,True
1219,2024-09-08,00:35:31,0,Vacancy,0,Vacancy,True
1220,2024-09-08,00:35:47,0,Vacancy,0,Vacancy,True
1221,2024-09-08,00:36:03,0,Vacancy,0,Vacancy,True
1222,2024-09-08,00:36:19,0,Vacancy,0,Vacancy,True
1223,2024-09-08,00:36:35,0,Vacancy,0,Vacancy,True
1224,2024-09-08,00:36:51,0,Vacancy,0,Vacancy,True
1225,2024-09-08,00:37:07,0,Vacancy,0,Vacancy,True
1226,2024-09-08,00:37:23,0,Vacancy,0,Vacancy,True
1227,2024-09-08,00:37:39,0,Vacancy,0,Vacancy,True
1228,2024-09-08,00:37:55,0,Vacancy,0,Vacancy,True
1229,2024-09-08,00:38:11,0,Vacancy,0,Vacancy,True
1230,2024-09-08,00:38:27,0,Vacancy,0,Vacancy,True
1231,2024-09-08,00:38:43,0,Vacancy,0,Vacancy,True
1232,2024-09-08,00:38:59,0,Vacancy,0,Vacancy,True
1233,2024-09-08,00:39:15,0,Vacancy,0,Vacancy,True
1234,2024-09-08,00:39:31,0,Vacancy,0,Vacancy,True
1235,2024-09-08,00:39:47,0,Vacancy,0,Vacancy,True
1236,2024-09-08,00:40:03,0,Vacancy,0,Vacancy,True
1237,2024-09-08,00:40:19,0,Vacancy,0,Vacancy,True
1238,2024-09-08,00:40:35,0,Vacancy,0,Vacancy,True
1239,2024-09-08,00:40:51,0,Vacancy,0,Vacancy,True
1240,2024-09-08,00:41:07,0,Vacancy,0,Vacancy,True
1241,2024-09-08,00:41:23,0,Vacancy,0,Vacancy,True
1242,2024-09-08,00:41:39,0,Vacancy,0,Vacancy,True
1243,2024-09-08,00:41:55,0,Vacancy,0,Vacancy,True
1244,2024-09-08,00:42:11,0,Vacancy,0,Vacancy,True
1245,2024-09-08,00:42:27,0,Vacancy,0,Vacancy,True
1246,2024-09-08,00:42:43,0,Vacancy,0,Vacancy,True
1247,2024-09-08,00:42:59,0,Vacancy,0,Vacancy,True
1248,2024-09-08,00:43:15,0,Vacancy,0,Vacancy,True
1249,2024-09-08,00:43:31,0,Vacancy,0,Vacancy,True
1250,2024-09-08,00:43:47,0,Vacancy,0,Vacancy,True
1251,2024-09-08,00:44:03,0,Vacancy,0,Vacancy,True
1252,2024-09-08,00:44:19,0,Vacancy,0,Vacancy,True
1253,2024-09-08,00:44:35,0,Vacancy,0,Vacancy,True
1254,2024-09-08,00:44:51,0,Vacancy,0,Vacancy,True
1255,2024-09-08,00:45:07,0,Vacancy,0,Vacancy,True
1256,2024-09-08,00:45:23,0,Vacancy,0,Vacancy,True
1257,2024-09-08,00:45:39,0,Vacancy,0,Vacancy,True
1258,2024-09-08,00:45:55,0,Vacancy,0,Vacancy,True
1259,2024-09-08,00:46:11,0,Vacancy,0,Vacancy,True
1260,2024-09-08,00:46:27,0,Vacancy,0,Vacancy,True
1261,2024-09-08,00:46:43,0,Vacancy,0,Vacancy,True
1262,2024-09-08,00:46:59,0,Vacancy,0,Vacancy,True
1263,2024-09-08,00:47:15,0,Vacancy,0,Vacancy,True
1264,2024-09-08,00:47:31,0,Vacancy,0,Vacancy,True
1265,2024-09-08,00:47:47,0,Vacancy,0,Vacancy,True
1266,2024-09-08,00:48:03,0,Vacancy,0,Vacancy,True
1267,2024-09-08,00:48:19,0,Vacancy,0,Vacancy,True
1268,2024-09-08,00:48:35,0,Vacancy,0,Vacancy,True
1269,2024-09-08,00:48:51,0,Vacancy,0,Vacancy,True
1270,2024-09-08,00:49:07,0,Vacancy,0,Vacancy,True
1271,2024-09-08,00:49:23,0,Vacancy,0,Vacancy,True
1272,2024-09-08,00:49:39,0,Vacancy,0,Vacancy,True
1273,2024-09-08,00:49:55,0,Vacancy,0,Vacancy,True
1274,2024-09-08,00:50:11,0,Vacancy,0,Vacancy,True
1275,2024-09-08,00:50:27,0,Vacancy,0,Vacancy,True
1276,2024-09-08,00:50:43,0,Vacancy,0,Vacancy,True
1277,2024-09-08,00:50:59,0,Vacancy,0,Vacancy,True
1278,2024-09-08,00:51:15,0,Vacancy,0,Vacancy,True
1279,2024-09-08,00:51:31,0,Vacancy,0,Vacancy,True
1280,2024-09-08,00:51:47,0,Vacancy,0,Vacancy,True
1281,2024-09-08,00:52:03,0,Vacancy,0,Vacancy,True
1282,2024-09-08,00:52:19,0,Vacancy,0,Vacancy,True
1283,2024-09-08,00:52:35,0,Vacancy,0,Vacancy,True
1284,2024-09-08,00:52:51,0,Vacancy,0,Vacancy,True
1285,2024-09-08,00:53:07,0,Vacancy,0,Vacancy,True
1286,2024-09-08,00:53:23,0,Vacancy,0,Vacancy,True
1287,2024-09-08,00:53:39,0,Vacancy,0,Vacancy,True
1288,2024-09-08,00:53:55,0,Vacancy,0,Vacancy,True
1289,2024-09-08,00:54:11,0,Vacancy,0,Vacancy,True
1290,2024-09-08,00:54:27,0,Vacancy,0,Vacancy,True
1291,2024-09-08,00:54:43,0,Vacancy,0,Vacancy,True
1292,2024-09-08,00:54:59,0,Vacancy,0,Vacancy,True
1293,2024-09-08,00:55:15,0,Vacancy,0,Vacancy,True
1294,2024-09-08,00:55:31,0,Vacancy,0,Vacancy,True
1295,2024-09-08,00:55:47,0,Vacancy,0,Vacancy,True
1296,2024-09-08,00:56:03,0,Vacancy,0,Vacancy,True
1297,2024-09-08,00:56:19,0,Vacancy,0,Vacancy,True
1298,2024-09-08,00:56:35,0,Vacancy,0,Vacancy,True
1299,2024-09-08,00:56:51,0,Vacancy,0,Vacancy,True
1300,2024-09-08,00:57:07,0,Vacancy,0,Vacancy,True
1301,2024-09-08,00:57:23,0,Vacancy,0,Vacancy,True
1302,2024-09-08,00:57:39,0,Vacancy,0,Vacancy,True
1303,2024-09-08,00:57:55,0,Vacancy,0,Vacancy,True
1304,2024-09-08,00:58:11,0,Vacancy,0,Vacancy,True
1305,2024-09-08,00:58:27,0,Vacancy,0,Vacancy,True
1306,2024-09-08,00:58:43,0,Vacancy,0,Vacancy,True
1307,2024-09-08,00:58:59,0,Vacancy,0,Vacancy,True
1308,2024-09-08,00:59:15,0,Vacancy,0,Vacancy,True
1309,2024-09-08,00:59:31,0,Vacancy,0,Vacancy,True
1310,2024-09-08,00:59:47,0,Vacancy,0,Vacancy,True
1311,2024-09-08,01:00:03,0,Vacancy,0,Vacancy,True
1312,2024-09-08,01:00:19,0,Vacancy,0,Vacancy,True
1313,2024-09-08,01:00:35,0,Vacancy,0,Vacancy,True
1314,2024-09-08,01:00:51,0,Vacancy,0,Vacancy,True
1315,2024-09-08,01:01:07,0,Vacancy,0,Vacancy,True
1316,2024-09-08,01:01:23,0,Vacancy,0,Vacancy,True
1317,2024-09-08,01:01:39,0,Vacancy,0,Vacancy,True
1318,2024-09-08,01:01:55,0,Vacancy,0,Vacancy,True
1319,2024-09-08,01:02:11,0,Vacancy,0,Vacancy,True
1320,2024-09-08,01:02:27,0,Vacancy,0,Vacancy,True
1321,2024-09-08,01:02:43,0,Vacancy,0,Vacancy,True
1322,2024-09-08,01:02:59,0,Vacancy,0,Vacancy,True
1323,2024-09-08,01:03:15,0,Vacancy,0,Vacancy,True
1324,2024-09-08,01:03:31,0,Vacancy,0,Vacancy,True
1325,2024-09-08,01:03:47,0,Vacancy,0,Vacancy,True
1326,2024-09-08,01:04:03,0,Vacancy,0,Vacancy,True
1327,2024-09-08,01:04:19,0,Vacancy,0,Vacancy,True
1328,2024-09-08,01:04:35,0,Vacancy,0,Vacancy,True
1329,2024-09-08,01:04:51,0,Vacancy,0,Vacancy,True
1330,2024-09-08,01:05:07,0,Vacancy,0,Vacancy,True
1331,2024-09-08,01:05:23,0,Vacancy,0,Vacancy,True
1332,2024-09-08,01:05:39,0,Vacancy,0,Vacancy,True
1333,2024-09-08,01:05:55,0,Vacancy,0,Vacancy,True
1334,2024-09-08,01:06:11,0,Vacancy,0,Vacancy,True
1335,2024-09-08,01:06:27,0,Vacancy,0,Vacancy,True
1336,2024-09-08,01:06:43,0,Vacancy,0,Vacancy,True
1337,2024-09-08,01:06:59,0,Vacancy,0,Vacancy,True
1338,2024-09-08,01:07:15,0,Vacancy,0,Vacancy,True
1339,2024-09-08,01:07:31,0,Vacancy,0,Vacancy,True
1340,2024-09-08,01:07:47,0,Vacancy,0,Vacancy,True
1341,2024-09-08,01:08:03,0,Vacancy,0,Vacancy,True
1342,2024-09-08,01:08:20,0,Vacancy,0,Vacancy,True
1343,2024-09-08,01:08:35,0,Vacancy,0,Vacancy,True
1344,2024-09-08,01:08:51,0,Vacancy,0,Vacancy,True
1345,2024-09-08,01:09:08,0,Vacancy,0,Vacancy,True
1346,2024-09-08,01:09:23,0,Vacancy,0,Vacancy,True
1347,2024-09-08,01:09:40,0,Vacancy,0,Vacancy,True
1348,2024-09-08,01:09:56,0,Vacancy,0,Vacancy,True
1349,2024-09-08,01:10:11,0,Vacancy,0,Vacancy,True
1350,2024-09-08,01:10:28,0,Vacancy,0,Vacancy,True
1351,2024-09-08,01:10:44,0,Vacancy,0,Vacancy,True
1352,2024-09-08,01:11:00,0,Vacancy,0,Vacancy,True
1353,2024-09-08,01:11:16,0,Vacancy,0,Vacancy,True
1354,2024-09-08,01:11:32,0,Vacancy,0,Vacancy,True
1355,2024-09-08,01:11:48,0,Vacancy,0,Vacancy,True
1356,2024-09-08,01:12:04,0,Vacancy,0,Vacancy,True
1357,2024-09-08,01:12:20,0,Vacancy,0,Vacancy,True
1358,2024-09-08,01:12:36,0,Vacancy,0,Vacancy,True
1359,2024-09-08,01:12:52,0,Vacancy,0,Vacancy,True
1360,2024-09-08,01:13:08,0,Vacancy,0,Vacancy,True
1361,2024-09-08,01:13:24,0,Vacancy,0,Vacancy,True
1362,2024-09-08,01:13:40,0,Vacancy,0,Vacancy,True
1363,2024-09-08,01:13:56,0,Vacancy,0,Vacancy,True
1364,2024-09-08,01:14:12,0,Vacancy,0,Vacancy,True
1365,2024-09-08,01:14:28,0,Vacancy,0,Vacancy,True
1366,2024-09-08,01:14:44,0,Vacancy,0,Vacancy,True
1367,2024-09-08,01:15:00,0,Vacancy,0,Vacancy,True
1368,2024-09-08,01:15:16,0,Vacancy,0,Vacancy,True
1369,2024-09-08,01:15:32,0,Vacancy,0,Vacancy,True
1370,2024-09-08,01:15:48,0,Vacancy,0,Vacancy,True
1371,2024-09-08,01:16:04,0,Vacancy,0,Vacancy,True
1372,2024-09-08,01:16:20,0,Vacancy,0,Vacancy,True
1373,2024-09-08,01:16:36,0,Vacancy,0,Vacancy,True
1374,2024-09-08,01:16:52,0,Vacancy,0,Vacancy,True
1375,2024-09-08,01:17:08,0,Vacancy,0,Vacancy,True
1376,2024-09-08,01:17:24,0,Vacancy,0,Vacancy,True
1377,2024-09-08,01:17:40,0,Vacancy,0,Vacancy,True
1378,2024-09-08,01:17:56,0,Vacancy,0,Vacancy,True
1379,2024-09-08,01:18:12,0,Vacancy,0,Vacancy,True
1380,2024-09-08,01:18:28,0,Vacancy,0,Vacancy,True
1381,2024-09-08,01:18:44,0,Vacancy,0,Vacancy,True
1382,2024-09-08,01:19:00,0,Vacancy,0,Vacancy,True
1383,2024-09-08,01:19:16,0,Vacancy,0,Vacancy,True
1384,2024-09-08,01:19:32,0,Vacancy,0,Vacancy,True
1385,2024-09-08,01:19:48,0,Vacancy,0,Vacancy,True
1386,2024-09-08,01:20:04,0,Vacancy,0,Vacancy,True
1387,2024-09-08,01:20:20,0,Vacancy,0,Vacancy,True
1388,2024-09-08,01:20:36,0,Vacancy,0,Vacancy,True
1389,2024-09-08,01:20:52,0,Vacancy,0,Vacancy,True
1390,2024-09-08,01:21:08,0,Vacancy,0,Vacancy,True
1391,2024-09-08,01:21:24,0,Vacancy,0,Vacancy,True
1392,2024-09-08,01:21:40,0,Vacancy,0,Vacancy,True
1393,2024-09-08,01:21:56,0,Vacancy,0,Vacancy,True
1394,2024-09-08,01:22:12,0,Vacancy,0,Vacancy,True
1395,2024-09-08,01:22:28,0,Vacancy,0,Vacancy,True
1396,2024-09-08,01:22:44,0,Vacancy,0,Vacancy,True
1397,2024-09-08,01:23:00,0,Vacancy,0,Vacancy,True
1398,2024-09-08,01:23:16,0,Vacancy,0,Vacancy,True
1399,2024-09-08,01:23:32,0,Vacancy,0,Vacancy,True
1400,2024-09-08,01:23:48,0,Vacancy,0,Vacancy,True
1401,2024-09-08,01:24:04,0,Vacancy,0,Vacancy,True
1402,2024-09-08,01:24:20,0,Vacancy,0,Vacancy,True
1403,2024-09-08,01:24:36,0,Vacancy,0,Vacancy,True
1404,2024-09-08,01:24:52,0,Vacancy,0,Vacancy,True
1405,2024-09-08,01:25:08,0,Vacancy,0,Vacancy,True
1406,2024-09-08,01:25:24,0,Vacancy,0,Vacancy,True
1407,2024-09-08,01:25:40,0,Vacancy,0,Vacancy,True
1408,2024-09-08,01:25:56,0,Vacancy,0,Vacancy,True
1409,2024-09-08,01:26:12,0,Vacancy,0,Vacancy,True
1410,2024-09-08,01:26:28,0,Vacancy,0,Vacancy,True
1411,2024-09-08,01:26:44,0,Vacancy,0,Vacancy,True
1412,2024-09-08,01:27:00,0,Vacancy,0,Vacancy,True
1413,2024-09-08,01:27:16,0,Vacancy,0,Vacancy,True
1414,2024-09-08,01:27:32,0,Vacancy,0,Vacancy,True
1415,2024-09-08,01:27:48,0,Vacancy,0,Vacancy,True
1416,2024-09-08,01:28:04,0,Vacancy,0,Vacancy,True
1417,2024-09-08,01:28:20,0,Vacancy,0,Vacancy,True
1418,2024-09-08,01:28:36,0,Vacancy,0,Vacancy,True
1419,2024-09-08,01:28:52,0,Vacancy,0,Vacancy,True
1420,2024-09-08,01:29:08,0,Vacancy,0,Vacancy,True
1421,2024-09-08,01:29:24,0,Vacancy,0,Vacancy,True
1422,2024-09-08,01:29:40,0,Vacancy,0,Vacancy,True
1423,2024-09-08,01:29:56,0,Vacancy,0,Vacancy,True
1424,2024-09-08,01:30:12,0,Vacancy,0,Vacancy,True
1425,2024-09-08,01:30:28,0,Vacancy,0,Vacancy,True
1426,2024-09-08,01:30:44,0,Vacancy,0,Vacancy,True
1427,2024-09-08,01:31:00,0,Vacancy,0,Vacancy,True
1428,2024-09-08,01:31:16,0,Vacancy,0,Vacancy,True
1429,2024-09-08,01:31:32,0,Vacancy,0,Vacancy,True
1430,2024-09-08,01:31:48,0,Vacancy,0,Vacancy,True
1431,2024-09-08,01:32:04,0,Vacancy,0,Vacancy,True
1432,2024-09-08,01:32:20,0,Vacancy,0,Vacancy,True
1433,2024-09-08,01:32:36,0,Vacancy,0,Vacancy,True
1434,2024-09-08,01:32:52,0,Vacancy,0,Vacancy,True
1435,2024-09-08,01:33:08,0,Vacancy,0,Vacancy,True
1436,2024-09-08,01:33:24,0,Vacancy,0,Vacancy,True
1437,2024-09-08,01:33:40,0,Vacancy,0,Vacancy,True
1438,2024-09-08,01:33:56,0,Vacancy,0,Vacancy,True
1439,2024-09-08,01:34:12,0,Vacancy,0,Vacancy,True
1440,2024-09-08,01:34:28,0,Vacancy,0,Vacancy,True
1441,2024-09-08,01:34:44,0,Vacancy,0,Vacancy,True
1442,2024-09-08,01:35:00,0,Vacancy,0,Vacancy,True
1443,2024-09-08,01:35:16,0,Vacancy,0,Vacancy,True
1444,2024-09-08,01:35:32,0,Vacancy,0,Vacancy,True
1445,2024-09-08,01:35:48,0,Vacancy,0,Vacancy,True
1446,2024-09-08,01:36:04,0,Vacancy,0,Vacancy,True
1447,2024-09-08,01:36:20,0,Vacancy,0,Vacancy,True
1448,2024-09-08,01:36:36,0,Vacancy,0,Vacancy,True
1449,2024-09-08,01:36:52,0,Vacancy,0,Vacancy,True
1450,2024-09-08,01:37:08,0,Vacancy,0,Vacancy,True
1451,2024-09-08,01:37:24,0,Vacancy,0,Vacancy,True
1452,2024-09-08,01:37:40,0,Vacancy,0,Vacancy,True
1453,2024-09-08,01:37:56,0,Vacancy,0,Vacancy,True
1454,2024-09-08,01:38:12,0,Vacancy,0,Vacancy,True
1455,2024-09-08,01:38:28,0,Vacancy,0,Vacancy,True
1456,2024-09-08,01:38:44,0,Vacancy,0,Vacancy,True
1457,2024-09-08,01:39:00,0,Vacancy,0,Vacancy,True
1458,2024-09-08,01:39:16,0,Vacancy,0,Vacancy,True
1459,2024-09-08,01:39:32,0,Vacancy,0,Vacancy,True
1460,2024-09-08,01:39:48,0,Vacancy,0,Vacancy,True
1461,2024-09-08,01:40:04,0,Vacancy,0,Vacancy,True
1462,2024-09-08,01:40:20,0,Vacancy,0,Vacancy,True
1463,2024-09-08,01:40:36,0,Vacancy,0,Vacancy,True
1464,2024-09-08,01:40:52,0,Vacancy,0,Vacancy,True
1465,2024-09-08,01:41:08,0,Vacancy,0,Vacancy,True
1466,2024-09-08,01:41:24,0,Vacancy,0,Vacancy,True
1467,2024-09-08,01:41:40,0,Vacancy,0,Vacancy,True
1468,2024-09-08,01:41:56,0,Vacancy,0,Vacancy,True
1469,2024-09-08,01:42:12,0,Vacancy,0,Vacancy,True
1470,2024-09-08,01:42:28,0,Vacancy,0,Vacancy,True
1471,2024-09-08,01:42:44,0,Vacancy,0,Vacancy,True
1472,2024-09-08,01:43:00,0,Vacancy,0,Vacancy,True
1473,2024-09-08,01:43:16,0,Vacancy,0,Vacancy,True
1474,2024-09-08,01:43:32,0,Vacancy,0,Vacancy,True
1475,2024-09-08,01:43:48,0,Vacancy,0,Vacancy,True
1476,2024-09-08,01:44:04,0,Vacancy,0,Vacancy,True
1477,2024-09-08,01:44:20,0,Vacancy,0,Vacancy,True
1478,2024-09-08,01:44:36,0,Vacancy,0,Vacancy,True
1479,2024-09-08,01:44:52,0,Vacancy,0,Vacancy,True
1480,2024-09-08,01:45:08,0,Vacancy,0,Vacancy,True
1481,2024-09-08,01:45:24,0,Vacancy,0,Vacancy,True
1482,2024-09-08,01:45:40,0,Vacancy,0,Vacancy,True
1483,2024-09-08,01:45:56,0,Vacancy,0,Vacancy,True
1484,2024-09-08,01:46:12,0,Vacancy,0,Vacancy,True
1485,2024-09-08,01:46:28,0,Vacancy,0,Vacancy,True
1486,2024-09-08,01:46:44,0,Vacancy,0,Vacancy,True
1487,2024-09-08,01:47:00,0,Vacancy,0,Vacancy,True
1488,2024-09-08,01:47:16,0,Vacancy,0,Vacancy,True
1489,2024-09-08,01:47:32,0,Vacancy,0,Vacancy,True
1490,2024-09-08,01:47:48,0,Vacancy,0,Vacancy,True
1491,2024-09-08,01:48:04,0,Vacancy,0,Vacancy,True
1492,2024-09-08,01:48:20,0,Vacancy,0,Vacancy,True
1493,2024-09-08,01:48:36,0,Vacancy,0,Vacancy,True
1494,2024-09-08,01:48:52,0,Vacancy,0,Vacancy,True
1495,2024-09-08,01:49:08,0,Vacancy,0,Vacancy,True
1496,2024-09-08,01:49:24,0,Vacancy,0,Vacancy,True
1497,2024-09-08,01:49:40,0,Vacancy,0,Vacancy,True
1498,2024-09-08,01:49:56,0,Vacancy,0,Vacancy,True
1499,2024-09-08,01:50:12,0,Vacancy,0,Vacancy,True
1500,2024-09-08,01:50:28,0,Vacancy,0,Vacancy,True
1501,2024-09-08,01:50:44,0,Vacancy,0,Vacancy,True
1502,2024-09-08,01:51:00,0,Vacancy,0,Vacancy,True
1503,2024-09-08,01:51:16,0,Vacancy,0,Vacancy,True
1504,2024-09-08,01:51:33,0,Vacancy,0,Vacancy,True
1505,2024-09-08,01:51:49,0,Vacancy,0,Vacancy,True
1506,2024-09-08,01:52:04,0,Vacancy,0,Vacancy,True
1507,2024-09-08,01:52:21,0,Vacancy,0,Vacancy,True
1508,2024-09-08,01:52:36,0,Vacancy,0,Vacancy,True
1509,2024-09-08,01:52:52,0,Vacancy,0,Vacancy,True
1510,2024-09-08,01:53:09,0,Vacancy,0,Vacancy,True
1511,2024-09-08,01:53:24,0,Vacancy,0,Vacancy,True
1512,2024-09-08,01:53:41,0,Vacancy,0,Vacancy,True
1513,2024-09-08,01:53:57,0,Vacancy,0,Vacancy,True
1514,2024-09-08,01:54:13,0,Vacancy,0,Vacancy,True
1515,2024-09-08,01:54:29,0,Vacancy,0,Vacancy,True
1516,2024-09-08,01:54:45,0,Vacancy,0,Vacancy,True
1517,2024-09-08,01:55:01,0,Vacancy,0,Vacancy,True
1518,2024-09-08,01:55:17,0,Vacancy,0,Vacancy,True
1519,2024-09-08,01:55:33,0,Vacancy,0,Vacancy,True
1520,2024-09-08,01:55:49,0,Vacancy,0,Vacancy,True
1521,2024-09-08,01:56:05,0,Vacancy,0,Vacancy,True
1522,2024-09-08,01:56:21,0,Vacancy,0,Vacancy,True
1523,2024-09-08,01:56:37,0,Vacancy,0,Vacancy,True
1524,2024-09-08,01:56:53,0,Vacancy,0,Vacancy,True
1525,2024-09-08,01:57:09,0,Vacancy,0,Vacancy,True
1526,2024-09-08,01:57:25,0,Vacancy,0,Vacancy,True
1527,2024-09-08,01:57:41,0,Vacancy,0,Vacancy,True
1528,2024-09-08,01:57:57,0,Vacancy,0,Vacancy,True
1529,2024-09-08,01:58:13,0,Vacancy,0,Vacancy,True
1530,2024-09-08,01:58:29,0,Vacancy,0,Vacancy,True
1531,2024-09-08,01:58:45,0,Vacancy,0,Vacancy,True
1532,2024-09-08,01:59:01,0,Vacancy,0,Vacancy,True
1533,2024-09-08,01:59:17,0,Vacancy,0,Vacancy,True
1534,2024-09-08,01:59:33,0,Vacancy,0,Vacancy,True
1535,2024-09-08,01:59:49,0,Vacancy,0,Vacancy,True
1536,2024-09-08,02:00:05,0,Vacancy,0,Vacancy,True
1537,2024-09-08,02:00:21,0,Vacancy,0,Vacancy,True
1538,2024-09-08,02:00:37,0,Vacancy,0,Vacancy,True
1539,2024-09-08,02:00:53,0,Vacancy,0,Vacancy,True
1540,2024-09-08,02:01:09,0,Vacancy,0,Vacancy,True
1541,2024-09-08,02:01:25,0,Vacancy,0,Vacancy,True
1542,2024-09-08,02:01:41,0,Vacancy,0,Vacancy,True
1543,2024-09-08,02:01:57,0,Vacancy,0,Vacancy,True
1544,2024-09-08,02:02:13,0,Vacancy,0,Vacancy,True
1545,2024-09-08,02:02:29,0,Vacancy,0,Vacancy,True
1546,2024-09-08,02:02:45,0,Vacancy,0,Vacancy,True
1547,2024-09-08,02:03:01,0,Vacancy,0,Vacancy,True
1548,2024-09-08,02:03:17,0,Vacancy,0,Vacancy,True
1549,2024-09-08,02:03:33,0,Vacancy,0,Vacancy,True
1550,2024-09-08,02:03:49,0,Vacancy,0,Vacancy,True
1551,2024-09-08,02:04:05,0,Vacancy,0,Vacancy,True
1552,2024-09-08,02:04:21,0,Vacancy,0,Vacancy,True
1553,2024-09-08,02:04:37,0,Vacancy,0,Vacancy,True
1554,2024-09-08,02:04:53,0,Vacancy,0,Vacancy,True
1555,2024-09-08,02:05:09,0,Vacancy,0,Vacancy,True
1556,2024-09-08,02:05:25,0,Vacancy,0,Vacancy,True
1557,2024-09-08,02:05:41,0,Vacancy,0,Vacancy,True
1558,2024-09-08,02:05:57,0,Vacancy,0,Vacancy,True
1559,2024-09-08,02:06:13,0,Vacancy,0,Vacancy,True
1560,2024-09-08,02:06:29,0,Vacancy,0,Vacancy,True
1561,2024-09-08,02:06:45,0,Vacancy,0,Vacancy,True
1562,2024-09-08,02:07:01,0,Vacancy,0,Vacancy,True
1563,2024-09-08,02:07:17,0,Vacancy,0,Vacancy,True
1564,2024-09-08,02:07:33,0,Vacancy,0,Vacancy,True
1565,2024-09-08,02:07:49,0,Vacancy,0,Vacancy,True
1566,2024-09-08,02:08:05,0,Vacancy,0,Vacancy,True
1567,2024-09-08,02:08:21,0,Vacancy,0,Vacancy,True
1568,2024-09-08,02:08:37,0,Vacancy,0,Vacancy,True
1569,2024-09-08,02:08:53,0,Vacancy,0,Vacancy,True
1570,2024-09-08,02:09:09,0,Vacancy,0,Vacancy,True
1571,2024-09-08,02:09:25,0,Vacancy,0,Vacancy,True
1572,2024-09-08,02:09:41,0,Vacancy,0,Vacancy,True
1573,2024-09-08,02:09:57,0,Vacancy,0,Vacancy,True
1574,2024-09-08,02:10:13,0,Vacancy,0,Vacancy,True
1575,2024-09-08,02:10:29,0,Vacancy,0,Vacancy,True
1576,2024-09-08,02:10:45,0,Vacancy,0,Vacancy,True
1577,2024-09-08,02:11:01,0,Vacancy,0,Vacancy,True
1578,2024-09-08,02:11:17,0,Vacancy,0,Vacancy,True
1579,2024-09-08,02:11:33,0,Vacancy,0,Vacancy,True
1580,2024-09-08,02:11:49,0,Vacancy,0,Vacancy,True
1581,2024-09-08,02:12:05,0,Vacancy,0,Vacancy,True
1582,2024-09-08,02:12:21,0,Vacancy,0,Vacancy,True
1583,2024-09-08,02:12:37,0,Vacancy,0,Vacancy,True
1584,2024-09-08,02:12:53,0,Vacancy,0,Vacancy,True
1585,2024-09-08,02:13:09,0,Vacancy,0,Vacancy,True
1586,2024-09-08,02:13:25,0,Vacancy,0,Vacancy,True
1587,2024-09-08,02:13:41,0,Vacancy,0,Vacancy,True
1588,2024-09-08,02:13:57,0,Vacancy,0,Vacancy,True
1589,2024-09-08,02:14:13,0,Vacancy,0,Vacancy,True
1590,2024-09-08,02:14:29,0,Vacancy,0,Vacancy,True
1591,2024-09-08,02:14:45,0,Vacancy,0,Vacancy,True
1592,2024-09-08,02:15:01,0,Vacancy,0,Vacancy,True
1593,2024-09-08,02:15:17,0,Vacancy,0,Vacancy,True
1594,2024-09-08,02:15:33,0,Vacancy,0,Vacancy,True
1595,2024-09-08,02:15:49,0,Vacancy,0,Vacancy,True
1596,2024-09-08,02:16:05,0,Vacancy,0,Vacancy,True
1597,2024-09-08,02:16:21,0,Vacancy,0,Vacancy,True
1598,2024-09-08,02:16:37,0,Vacancy,0,Vacancy,True
1599,2024-09-08,02:16:53,0,Vacancy,0,Vacancy,True
1600,2024-09-08,02:17:09,0,Vacancy,0,Vacancy,True
1601,2024-09-08,02:17:25,0,Vacancy,0,Vacancy,True
1602,2024-09-08,02:17:41,0,Vacancy,0,Vacancy,True
1603,2024-09-08,02:17:57,0,Vacancy,0,Vacancy,True
1604,2024-09-08,02:18:13,0,Vacancy,0,Vacancy,True
1605,2024-09-08,02:18:29,0,Vacancy,0,Vacancy,True
1606,2024-09-08,02:18:45,0,Vacancy,0,Vacancy,True
1607,2024-09-08,02:19:01,0,Vacancy,0,Vacancy,True
1608,2024-09-08,02:19:17,0,Vacancy,0,Vacancy,True
1609,2024-09-08,02:19:33,0,Vacancy,0,Vacancy,True
1610,2024-09-08,02:19:49,0,Vacancy,0,Vacancy,True
1611,2024-09-08,02:20:05,0,Vacancy,0,Vacancy,True
1612,2024-09-08,02:20:21,0,Vacancy,0,Vacancy,True
1613,2024-09-08,02:20:37,0,Vacancy,0,Vacancy,True
1614,2024-09-08,02:20:53,0,Vacancy,0,Vacancy,True
1615,2024-09-08,02:21:09,0,Vacancy,0,Vacancy,True
1616,2024-09-08,02:21:25,0,Vacancy,0,Vacancy,True
1617,2024-09-08,02:21:41,0,Vacancy,0,Vacancy,True
1618,2024-09-08,02:21:57,0,Vacancy,0,Vacancy,True
1619,2024-09-08,02:22:13,0,Vacancy,0,Vacancy,True
1620,2024-09-08,02:22:29,0,Vacancy,0,Vacancy,True
1621,2024-09-08,02:22:45,0,Vacancy,0,Vacancy,True
1622,2024-09-08,02:23:01,0,Vacancy,0,Vacancy,True
1623,2024-09-08,02:23:17,0,Vacancy,0,Vacancy,True
1624,2024-09-08,02:23:33,0,Vacancy,0,Vacancy,True
1625,2024-09-08,02:23:49,0,Vacancy,0,Vacancy,True
1626,2024-09-08,02:24:05,0,Vacancy,0,Vacancy,True
1627,2024-09-08,02:24:21,0,Vacancy,0,Vacancy,True
1628,2024-09-08,02:24:37,0,Vacancy,0,Vacancy,True
1629,2024-09-08,02:24:53,0,Vacancy,0,Vacancy,True
1630,2024-09-08,02:25:09,0,Vacancy,0,Vacancy,True
1631,2024-09-08,02:25:25,0,Vacancy,0,Vacancy,True
1632,2024-09-08,02:25:41,0,Vacancy,0,Vacancy,True
1633,2024-09-08,02:25:57,0,Vacancy,0,Vacancy,True
1634,2024-09-08,02:26:13,0,Vacancy,0,Vacancy,True
1635,2024-09-08,02:26:29,0,Vacancy,0,Vacancy,True
1636,2024-09-08,02:26:45,0,Vacancy,0,Vacancy,True
1637,2024-09-08,02:27:01,0,Vacancy,0,Vacancy,True
1638,2024-09-08,02:27:17,0,Vacancy,0,Vacancy,True
1639,2024-09-08,02:27:33,0,Vacancy,0,Vacancy,True
1640,2024-09-08,02:27:49,0,Vacancy,0,Vacancy,True
1641,2024-09-08,02:28:05,0,Vacancy,0,Vacancy,True
1642,2024-09-08,02:28:21,0,Vacancy,0,Vacancy,True
1643,2024-09-08,02:28:37,0,Vacancy,0,Vacancy,True
1644,2024-09-08,02:28:53,0,Vacancy,0,Vacancy,True
1645,2024-09-08,02:29:09,0,Vacancy,0,Vacancy,True
1646,2024-09-08,02:29:25,0,Vacancy,0,Vacancy,True
1647,2024-09-08,02:29:41,0,Vacancy,0,Vacancy,True
1648,2024-09-08,02:29:57,0,Vacancy,0,Vacancy,True
1649,2024-09-08,02:30:13,0,Vacancy,0,Vacancy,True
1650,2024-09-08,02:30:29,0,Vacancy,0,Vacancy,True
1651,2024-09-08,02:30:45,0,Vacancy,0,Vacancy,True
1652,2024-09-08,02:31:01,0,Vacancy,0,Vacancy,True
1653,2024-09-08,02:31:17,0,Vacancy,0,Vacancy,True
1654,2024-09-08,02:31:33,0,Vacancy,0,Vacancy,True
1655,2024-09-08,02:31:49,0,Vacancy,0,Vacancy,True
1656,2024-09-08,02:32:05,0,Vacancy,0,Vacancy,True
1657,2024-09-08,02:32:21,0,Vacancy,0,Vacancy,True
1658,2024-09-08,02:32:37,0,Vacancy,0,Vacancy,True
1659,2024-09-08,02:32:53,0,Vacancy,0,Vacancy,True
1660,2024-09-08,02:33:09,0,Vacancy,0,Vacancy,True
1661,2024-09-08,02:33:25,0,Vacancy,0,Vacancy,True
1662,2024-09-08,02:33:42,0,Vacancy,0,Vacancy,True
1663,2024-09-08,02:33:57,0,Vacancy,0,Vacancy,True
1664,2024-09-08,02:34:13,0,Vacancy,0,Vacancy,True
1665,2024-09-08,02:34:30,0,Vacancy,0,Vacancy,True
1666,2024-09-08,02:34:45,0,Vacancy,0,Vacancy,True
1667,2024-09-08,02:35:01,0,Vacancy,0,Vacancy,True
1668,2024-09-08,02:35:18,0,Vacancy,0,Vacancy,True
1669,2024-09-08,02:35:33,0,Vacancy,0,Vacancy,True
1670,2024-09-08,02:35:49,0,Vacancy,0,Vacancy,True
1671,2024-09-08,02:36:06,0,Vacancy,0,Vacancy,True
1672,2024-09-08,02:36:21,0,Vacancy,0,Vacancy,True
1673,2024-09-08,02:36:38,0,Vacancy,0,Vacancy,True
1674,2024-09-08,02:36:54,0,Vacancy,0,Vacancy,True
1675,2024-09-08,02:37:09,0,Vacancy,0,Vacancy,True
1676,2024-09-08,02:37:26,0,Vacancy,0,Vacancy,True
1677,2024-09-08,02:37:42,0,Vacancy,0,Vacancy,True
1678,2024-09-08,02:37:58,0,Vacancy,0,Vacancy,True
1679,2024-09-08,02:38:14,0,Vacancy,0,Vacancy,True
1680,2024-09-08,02:38:30,0,Vacancy,0,Vacancy,True
1681,2024-09-08,02:38:46,0,Vacancy,0,Vacancy,True
1682,2024-09-08,02:39:02,0,Vacancy,0,Vacancy,True
1683,2024-09-08,02:39:18,0,Vacancy,0,Vacancy,True
1684,2024-09-08,02:39:34,0,Vacancy,0,Vacancy,True
1685,2024-09-08,02:39:50,0,Vacancy,0,Vacancy,True
1686,2024-09-08,02:40:06,0,Vacancy,0,Vacancy,True
1687,2024-09-08,02:40:22,0,Vacancy,0,Vacancy,True
1688,2024-09-08,02:40:38,0,Vacancy,0,Vacancy,True
1689,2024-09-08,02:40:54,0,Vacancy,0,Vacancy,True
1690,2024-09-08,02:41:10,0,Vacancy,0,Vacancy,True
1691,2024-09-08,02:41:26,0,Vacancy,0,Vacancy,True
1692,2024-09-08,02:41:42,0,Vacancy,0,Vacancy,True
1693,2024-09-08,02:41:58,0,Vacancy,0,Vacancy,True
1694,2024-09-08,02:42:14,0,Vacancy,0,Vacancy,True
1695,2024-09-08,02:42:30,0,Vacancy,0,Vacancy,True
1696,2024-09-08,02:42:46,0,Vacancy,0,Vacancy,True
1697,2024-09-08,02:43:02,0,Vacancy,0,Vacancy,True
1698,2024-09-08,02:43:18,0,Vacancy,0,Vacancy,True
1699,2024-09-08,02:43:34,0,Vacancy,0,Vacancy,True
1700,2024-09-08,02:43:50,0,Vacancy,0,Vacancy,True
1701,2024-09-08,02:44:06,0,Vacancy,0,Vacancy,True
1702,2024-09-08,02:44:22,0,Vacancy,0,Vacancy,True
1703,2024-09-08,02:44:38,0,Vacancy,0,Vacancy,True
1704,2024-09-08,02:44:54,0,Vacancy,0,Vacancy,True
1705,2024-09-08,02:45:10,0,Vacancy,0,Vacancy,True
1706,2024-09-08,02:45:26,0,Vacancy,0,Vacancy,True
1707,2024-09-08,02:45:42,0,Vacancy,0,Vacancy,True
1708,2024-09-08,02:45:58,0,Vacancy,0,Vacancy,True
1709,2024-09-08,02:46:14,0,Vacancy,0,Vacancy,True
1710,2024-09-08,02:46:30,0,Vacancy,0,Vacancy,True
1711,2024-09-08,02:46:46,0,Vacancy,0,Vacancy,True
1712,2024-09-08,02:47:02,0,Vacancy,0,Vacancy,True
1713,2024-09-08,02:47:18,0,Vacancy,0,Vacancy,True
1714,2024-09-08,02:47:34,0,Vacancy,0,Vacancy,True
1715,2024-09-08,02:47:50,0,Vacancy,0,Vacancy,True
1716,2024-09-08,02:48:06,0,Vacancy,0,Vacancy,True
1717,2024-09-08,02:48:22,0,Vacancy,0,Vacancy,True
1718,2024-09-08,02:48:38,0,Vacancy,0,Vacancy,True
1719,2024-09-08,02:48:54,0,Vacancy,0,Vacancy,True
1720,2024-09-08,02:49:10,0,Vacancy,0,Vacancy,True
1721,2024-09-08,02:49:26,0,Vacancy,0,Vacancy,True
1722,2024-09-08,02:49:42,0,Vacancy,0,Vacancy,True
1723,2024-09-08,02:49:58,0,Vacancy,0,Vacancy,True
1724,2024-09-08,02:50:14,0,Vacancy,0,Vacancy,True
1725,2024-09-08,02:50:30,0,Vacancy,0,Vacancy,True
1726,2024-09-08,02:50:46,0,Vacancy,0,Vacancy,True
1727,2024-09-08,02:51:02,0,Vacancy,0,Vacancy,True
1728,2024-09-08,02:51:18,0,Vacancy,0,Vacancy,True
1729,2024-09-08,02:51:34,0,Vacancy,0,Vacancy,True
1730,2024-09-08,02:51:50,0,Vacancy,0,Vacancy,True
1731,2024-09-08,02:52:06,0,Vacancy,0,Vacancy,True
1732,2024-09-08,02:52:22,0,Vacancy,0,Vacancy,True
1733,2024-09-08,02:52:38,0,Vacancy,0,Vacancy,True
1734,2024-09-08,02:52:54,0,Vacancy,0,Vacancy,True
1735,2024-09-08,02:53:10,0,Vacancy,0,Vacancy,True
1736,2024-09-08,02:53:26,0,Vacancy,0,Vacancy,True
1737,2024-09-08,02:53:42,0,Vacancy,0,Vacancy,True
1738,2024-09-08,02:53:58,0,Vacancy,0,Vacancy,True
1739,2024-09-08,02:54:14,0,Vacancy,0,Vacancy,True
1740,2024-09-08,02:54:30,0,Vacancy,0,Vacancy,True
1741,2024-09-08,02:54:46,0,Vacancy,0,Vacancy,True
1742,2024-09-08,02:55:02,0,Vacancy,0,Vacancy,True
1743,2024-09-08,02:55:18,0,Vacancy,0,Vacancy,True
1744,2024-09-08,02:55:34,0,Vacancy,0,Vacancy,True
1745,2024-09-08,02:55:50,0,Vacancy,0,Vacancy,True
1746,2024-09-08,02:56:06,0,Vacancy,0,Vacancy,True
1747,2024-09-08,02:56:22,0,Vacancy,0,Vacancy,True
1748,2024-09-08,02:56:38,0,Vacancy,0,Vacancy,True
1749,2024-09-08,02:56:54,0,Vacancy,0,Vacancy,True
1750,2024-09-08,02:57:10,0,Vacancy,0,Vacancy,True
1751,2024-09-08,02:57:26,0,Vacancy,0,Vacancy,True
1752,2024-09-08,02:57:42,0,Vacancy,0,Vacancy,True
1753,2024-09-08,02:57:58,0,Vacancy,0,Vacancy,True
1754,2024-09-08,02:58:14,0,Vacancy,0,Vacancy,True
1755,2024-09-08,02:58:30,0,Vacancy,0,Vacancy,True
1756,2024-09-08,02:58:46,0,Vacancy,0,Vacancy,True
1757,2024-09-08,02:59:02,0,Vacancy,0,Vacancy,True
1758,2024-09-08,02:59:18,0,Vacancy,0,Vacancy,True
1759,2024-09-08,02:59:34,0,Vacancy,0,Vacancy,True
1760,2024-09-08,02:59:50,0,Vacancy,0,Vacancy,True
1761,2024-09-08,03:00:06,0,Vacancy,0,Vacancy,True
1762,2024-09-08,03:00:22,0,Vacancy,0,Vacancy,True
1763,2024-09-08,03:00:38,0,Vacancy,0,Vacancy,True
1764,2024-09-08,03:00:54,0,Vacancy,0,Vacancy,True
1765,2024-09-08,03:01:10,0,Vacancy,0,Vacancy,True
1766,2024-09-08,03:01:26,0,Vacancy,0,Vacancy,True
1767,2024-09-08,03:01:42,0,Vacancy,0,Vacancy,True
1768,2024-09-08,03:01:58,0,Vacancy,0,Vacancy,True
1769,2024-09-08,03:02:14,0,Vacancy,0,Vacancy,True
1770,2024-09-08,03:02:30,0,Vacancy,0,Vacancy,True
1771,2024-09-08,03:02:46,0,Vacancy,0,Vacancy,True
1772,2024-09-08,03:03:02,0,Vacancy,0,Vacancy,True
1773,2024-09-08,03:03:18,0,Vacancy,0,Vacancy,True
1774,2024-09-08,03:03:34,0,Vacancy,0,Vacancy,True
1775,2024-09-08,03:03:50,0,Vacancy,0,Vacancy,True
1776,2024-09-08,03:04:06,0,Vacancy,0,Vacancy,True
1777,2024-09-08,03:04:22,0,Vacancy,0,Vacancy,True
1778,2024-09-08,03:04:38,0,Vacancy,0,Vacancy,True
1779,2024-09-08,03:04:54,0,Vacancy,0,Vacancy,True
1780,2024-09-08,03:05:10,0,Vacancy,0,Vacancy,True
1781,2024-09-08,03:05:26,0,Vacancy,0,Vacancy,True
1782,2024-09-08,03:05:42,0,Vacancy,0,Vacancy,True
1783,2024-09-08,03:05:58,0,Vacancy,0,Vacancy,True
1784,2024-09-08,03:06:14,0,Vacancy,0,Vacancy,True
1785,2024-09-08,03:06:30,0,Vacancy,0,Vacancy,True
1786,2024-09-08,03:06:46,0,Vacancy,0,Vacancy,True
1787,2024-09-08,03:07:02,0,Vacancy,0,Vacancy,True
1788,2024-09-08,03:07:18,0,Vacancy,0,Vacancy,True
1789,2024-09-08,03:07:34,0,Vacancy,0,Vacancy,True
1790,2024-09-08,03:07:50,0,Vacancy,0,Vacancy,True
1791,2024-09-08,03:08:06,0,Vacancy,0,Vacancy,True
1792,2024-09-08,03:08:22,0,Vacancy,0,Vacancy,True
1793,2024-09-08,03:08:38,0,Vacancy,0,Vacancy,True
1794,2024-09-08,03:08:54,0,Vacancy,0,Vacancy,True
1795,2024-09-08,03:09:10,0,Vacancy,0,Vacancy,True
1796,2024-09-08,03:09:26,0,Vacancy,0,Vacancy,True
1797,2024-09-08,03:09:42,0,Vacancy,0,Vacancy,True
1798,2024-09-08,03:09:58,0,Vacancy,0,Vacancy,True
1799,2024-09-08,03:10:14,0,Vacancy,0,Vacancy,True
1800,2024-09-08,03:10:30,0,Vacancy,0,Vacancy,True
1801,2024-09-08,03:10:46,0,Vacancy,0,Vacancy,True
1802,2024-09-08,03:11:02,0,Vacancy,0,Vacancy,True
1803,2024-09-08,03:11:18,0,Vacancy,0,Vacancy,True
1804,2024-09-08,03:11:34,0,Vacancy,0,Vacancy,True
1805,2024-09-08,03:11:50,0,Vacancy,0,Vacancy,True
1806,2024-09-08,03:12:06,0,Vacancy,0,Vacancy,True
1807,2024-09-08,03:12:22,0,Vacancy,0,Vacancy,True
1808,2024-09-08,03:12:38,0,Vacancy,0,Vacancy,True
1809,2024-09-08,03:12:54,0,Vacancy,0,Vacancy,True
1810,2024-09-08,03:13:10,0,Vacancy,0,Vacancy,True
1811,2024-09-08,03:13:26,0,Vacancy,0,Vacancy,True
1812,2024-09-08,03:13:42,0,Vacancy,0,Vacancy,True
1813,2024-09-08,03:13:58,0,Vacancy,0,Vacancy,True
1814,2024-09-08,03:14:14,0,Vacancy,0,Vacancy,True
1815,2024-09-08,03:14:30,0,Vacancy,0,Vacancy,True
1816,2024-09-08,03:14:46,0,Vacancy,0,Vacancy,True
1817,2024-09-08,03:15:02,0,Vacancy,0,Vacancy,True
1818,2024-09-08,03:15:18,0,Vacancy,0,Vacancy,True
1819,2024-09-08,03:15:34,0,Vacancy,0,Vacancy,True
1820,2024-09-08,03:15:50,0,Vacancy,0,Vacancy,True
1821,2024-09-08,03:16:06,0,Vacancy,0,Vacancy,True
1822,2024-09-08,03:16:22,0,Vacancy,0,Vacancy,True
1823,2024-09-08,03:16:38,0,Vacancy,0,Vacancy,True
1824,2024-09-08,03:16:54,0,Vacancy,0,Vacancy,True
1825,2024-09-08,03:17:10,0,Vacancy,0,Vacancy,True
1826,2024-09-08,03:17:26,0,Vacancy,0,Vacancy,True
1827,2024-09-08,03:17:43,0,Vacancy,0,Vacancy,True
1828,2024-09-08,03:17:58,0,Vacancy,0,Vacancy,True
1829,2024-09-08,03:18:14,0,Vacancy,0,Vacancy,True
1830,2024-09-08,03:18:31,0,Vacancy,0,Vacancy,True
1831,2024-09-08,03:18:46,0,Vacancy,0,Vacancy,True
1832,2024-09-08,03:19:03,0,Vacancy,0,Vacancy,True
1833,2024-09-08,03:19:19,0,Vacancy,0,Vacancy,True
1834,2024-09-08,03:19:35,0,Vacancy,0,Vacancy,True
1835,2024-09-08,03:19:50,0,Vacancy,0,Vacancy,True
1836,2024-09-08,03:20:07,0,Vacancy,0,Vacancy,True
1837,2024-09-08,03:20:23,0,Vacancy,0,Vacancy,True
1838,2024-09-08,03:20:39,0,Vacancy,0,Vacancy,True
1839,2024-09-08,03:20:55,0,Vacancy,0,Vacancy,True
1840,2024-09-08,03:21:11,0,Vacancy,0,Vacancy,True
1841,2024-09-08,03:21:27,0,Vacancy,0,Vacancy,True
1842,2024-09-08,03:21:43,0,Vacancy,0,Vacancy,True
1843,2024-09-08,03:21:59,0,Vacancy,0,Vacancy,True
1844,2024-09-08,03:22:15,0,Vacancy,0,Vacancy,True
1845,2024-09-08,03:22:31,0,Vacancy,0,Vacancy,True
1846,2024-09-08,03:22:47,0,Vacancy,0,Vacancy,True
1847,2024-09-08,03:23:03,0,Vacancy,0,Vacancy,True
1848,2024-09-08,03:23:19,0,Vacancy,0,Vacancy,True
1849,2024-09-08,03:23:35,0,Vacancy,0,Vacancy,True
1850,2024-09-08,03:23:51,0,Vacancy,0,Vacancy,True
1851,2024-09-08,03:24:07,0,Vacancy,0,Vacancy,True
1852,2024-09-08,03:24:23,0,Vacancy,0,Vacancy,True
1853,2024-09-08,03:24:39,0,Vacancy,0,Vacancy,True
1854,2024-09-08,03:24:55,0,Vacancy,0,Vacancy,True
1855,2024-09-08,03:25:11,0,Vacancy,0,Vacancy,True
1856,2024-09-08,03:25:27,0,Vacancy,0,Vacancy,True
1857,2024-09-08,03:25:43,0,Vacancy,0,Vacancy,True
1858,2024-09-08,03:25:59,0,Vacancy,0,Vacancy,True
1859,2024-09-08,03:26:15,0,Vacancy,0,Vacancy,True
1860,2024-09-08,03:26:31,0,Vacancy,0,Vacancy,True
1861,2024-09-08,03:26:47,0,Vacancy,0,Vacancy,True
1862,2024-09-08,03:27:03,0,Vacancy,0,Vacancy,True
1863,2024-09-08,03:27:19,0,Vacancy,0,Vacancy,True
1864,2024-09-08,03:27:35,0,Vacancy,0,Vacancy,True
1865,2024-09-08,03:27:51,0,Vacancy,0,Vacancy,True
1866,2024-09-08,03:28:07,0,Vacancy,0,Vacancy,True
1867,2024-09-08,03:28:23,0,Vacancy,0,Vacancy,True
1868,2024-09-08,03:28:39,0,Vacancy,0,Vacancy,True
1869,2024-09-08,03:28:55,0,Vacancy,0,Vacancy,True
1870,2024-09-08,03:29:11,0,Vacancy,0,Vacancy,True
1871,2024-09-08,03:29:27,0,Vacancy,0,Vacancy,True
1872,2024-09-08,03:29:43,0,Vacancy,0,Vacancy,True
1873,2024-09-08,03:29:59,0,Vacancy,0,Vacancy,True
1874,2024-09-08,03:30:15,0,Vacancy,0,Vacancy,True
1875,2024-09-08,03:30:31,0,Vacancy,0,Vacancy,True
1876,2024-09-08,03:30:47,0,Vacancy,0,Vacancy,True
1877,2024-09-08,03:31:03,0,Vacancy,0,Vacancy,True
1878,2024-09-08,03:31:19,0,Vacancy,0,Vacancy,True
1879,2024-09-08,03:31:35,0,Vacancy,0,Vacancy,True
1880,2024-09-08,03:31:51,0,Vacancy,0,Vacancy,True
1881,2024-09-08,03:32:07,0,Vacancy,0,Vacancy,True
1882,2024-09-08,03:32:23,0,Vacancy,0,Vacancy,True
1883,2024-09-08,03:32:39,0,Vacancy,0,Vacancy,True
1884,2024-09-08,03:32:55,0,Vacancy,0,Vacancy,True
1885,2024-09-08,03:33:11,0,Vacancy,0,Vacancy,True
1886,2024-09-08,03:33:27,0,Vacancy,0,Vacancy,True
1887,2024-09-08,03:33:43,0,Vacancy,0,Vacancy,True
1888,2024-09-08,03:33:59,0,Vacancy,0,Vacancy,True
1889,2024-09-08,03:34:15,0,Vacancy,0,Vacancy,True
1890,2024-09-08,03:34:31,0,Vacancy,0,Vacancy,True
1891,2024-09-08,03:34:47,0,Vacancy,0,Vacancy,True
1892,2024-09-08,03:35:03,0,Vacancy,0,Vacancy,True
1893,2024-09-08,03:35:19,0,Vacancy,0,Vacancy,True
1894,2024-09-08,03:35:35,0,Vacancy,0,Vacancy,True
1895,2024-09-08,03:35:51,0,Vacancy,0,Vacancy,True
1896,2024-09-08,03:36:07,0,Vacancy,0,Vacancy,True
1897,2024-09-08,03:36:23,0,Vacancy,0,Vacancy,True
1898,2024-09-08,03:36:39,0,Vacancy,0,Vacancy,True
1899,2024-09-08,03:36:55,0,Vacancy,0,Vacancy,True
1900,2024-09-08,03:37:11,0,Vacancy,0,Vacancy,True
1901,2024-09-08,03:37:27,0,Vacancy,0,Vacancy,True
1902,2024-09-08,03:37:43,0,Vacancy,0,Vacancy,True
1903,2024-09-08,03:37:59,0,Vacancy,0,Vacancy,True
1904,2024-09-08,03:38:15,0,Vacancy,0,Vacancy,True
1905,2024-09-08,03:38:31,0,Vacancy,0,Vacancy,True
1906,2024-09-08,03:38:47,0,Vacancy,0,Vacancy,True
1907,2024-09-08,03:39:03,0,Vacancy,0,Vacancy,True
1908,2024-09-08,03:39:19,0,Vacancy,0,Vacancy,True
1909,2024-09-08,03:39:35,0,Vacancy,0,Vacancy,True
1910,2024-09-08,03:39:51,0,Vacancy,0,Vacancy,True
1911,2024-09-08,03:40:07,0,Vacancy,0,Vacancy,True
1912,2024-09-08,03:40:23,0,Vacancy,0,Vacancy,True
1913,2024-09-08,03:40:39,0,Vacancy,0,Vacancy,True
1914,2024-09-08,03:40:55,0,Vacancy,0,Vacancy,True
1915,2024-09-08,03:41:11,0,Vacancy,0,Vacancy,True
1916,2024-09-08,03:41:27,0,Vacancy,0,Vacancy,True
1917,2024-09-08,03:41:43,0,Vacancy,0,Vacancy,True
1918,2024-09-08,03:41:59,0,Vacancy,0,Vacancy,True
1919,2024-09-08,03:42:15,0,Vacancy,0,Vacancy,True
1920,2024-09-08,03:42:31,0,Vacancy,0,Vacancy,True
1921,2024-09-08,03:42:47,0,Vacancy,0,Vacancy,True
1922,2024-09-08,03:43:03,0,Vacancy,0,Vacancy,True
1923,2024-09-08,03:43:19,0,Vacancy,0,Vacancy,True
1924,2024-09-08,03:43:35,0,Vacancy,0,Vacancy,True
1925,2024-09-08,03:43:51,0,Vacancy,0,Vacancy,True
1926,2024-09-08,03:44:07,0,Vacancy,0,Vacancy,True
1927,2024-09-08,03:44:23,0,Vacancy,0,Vacancy,True
1928,2024-09-08,03:44:39,0,Vacancy,0,Vacancy,True
1929,2024-09-08,03:44:55,0,Vacancy,0,Vacancy,True
1930,2024-09-08,03:45:11,0,Vacancy,0,Vacancy,True
1931,2024-09-08,03:45:27,0,Vacancy,0,Vacancy,True
1932,2024-09-08,03:45:43,0,Vacancy,0,Vacancy,True
1933,2024-09-08,03:45:59,0,Vacancy,0,Vacancy,True
1934,2024-09-08,03:46:15,0,Vacancy,0,Vacancy,True
1935,2024-09-08,03:46:31,0,Vacancy,0,Vacancy,True
1936,2024-09-08,03:46:47,0,Vacancy,0,Vacancy,True
1937,2024-09-08,03:47:03,0,Vacancy,0,Vacancy,True
1938,2024-09-08,03:47:19,0,Vacancy,0,Vacancy,True
1939,2024-09-08,03:47:35,0,Vacancy,0,Vacancy,True
1940,2024-09-08,03:47:51,0,Vacancy,0,Vacancy,True
1941,2024-09-08,03:48:07,0,Vacancy,0,Vacancy,True
1942,2024-09-08,03:48:23,0,Vacancy,0,Vacancy,True
1943,2024-09-08,03:48:39,0,Vacancy,0,Vacancy,True
1944,2024-09-08,03:48:55,0,Vacancy,0,Vacancy,True
1945,2024-09-08,03:49:11,0,Vacancy,0,Vacancy,True
1946,2024-09-08,03:49:27,0,Vacancy,0,Vacancy,True
1947,2024-09-08,03:49:43,0,Vacancy,0,Vacancy,True
1948,2024-09-08,03:49:59,0,Vacancy,0,Vacancy,True
1949,2024-09-08,03:50:15,0,Vacancy,0,Vacancy,True
1950,2024-09-08,03:50:31,0,Vacancy,0,Vacancy,True
1951,2024-09-08,03:50:47,0,Vacancy,0,Vacancy,True
1952,2024-09-08,03:51:03,0,Vacancy,0,Vacancy,True
1953,2024-09-08,03:51:19,0,Vacancy,0,Vacancy,True
1954,2024-09-08,03:51:35,0,Vacancy,0,Vacancy,True
1955,2024-09-08,03:51:51,0,Vacancy,0,Vacancy,True
1956,2024-09-08,03:52:07,0,Vacancy,0,Vacancy,True
1957,2024-09-08,03:52:23,0,Vacancy,0,Vacancy,True
1958,2024-09-08,03:52:39,0,Vacancy,0,Vacancy,True
1959,2024-09-08,03:52:55,0,Vacancy,0,Vacancy,True
1960,2024-09-08,03:53:11,0,Vacancy,0,Vacancy,True
1961,2024-09-08,03:53:27,0,Vacancy,0,Vacancy,True
1962,2024-09-08,03:53:43,0,Vacancy,0,Vacancy,True
1963,2024-09-08,03:53:59,0,Vacancy,0,Vacancy,True
1964,2024-09-08,03:54:15,0,Vacancy,0,Vacancy,True
1965,2024-09-08,03:54:31,0,Vacancy,0,Vacancy,True
1966,2024-09-08,03:54:47,0,Vacancy,0,Vacancy,True
1967,2024-09-08,03:55:03,0,Vacancy,0,Vacancy,True
1968,2024-09-08,03:55:19,0,Vacancy,0,Vacancy,True
1969,2024-09-08,03:55:35,0,Vacancy,0,Vacancy,True
1970,2024-09-08,03:55:51,0,Vacancy,0,Vacancy,True
1971,2024-09-08,03:56:07,0,Vacancy,0,Vacancy,True
1972,2024-09-08,03:56:23,0,Vacancy,0,Vacancy,True
1973,2024-09-08,03:56:39,0,Vacancy,0,Vacancy,True
1974,2024-09-08,03:56:55,0,Vacancy,0,Vacancy,True
1975,2024-09-08,03:57:11,0,Vacancy,0,Vacancy,True
1976,2024-09-08,03:57:27,0,Vacancy,0,Vacancy,True
1977,2024-09-08,03:57:43,0,Vacancy,0,Vacancy,True
1978,2024-09-08,03:57:59,0,Vacancy,0,Vacancy,True
1979,2024-09-08,03:58:15,0,Vacancy,0,Vacancy,True
1980,2024-09-08,03:58:31,0,Vacancy,0,Vacancy,True
1981,2024-09-08,03:58:47,0,Vacancy,0,Vacancy,True
1982,2024-09-08,03:59:03,0,Vacancy,0,Vacancy,True
1983,2024-09-08,03:59:19,0,Vacancy,0,Vacancy,True
1984,2024-09-08,03:59:35,0,Vacancy,0,Vacancy,True
1985,2024-09-08,03:59:52,0,Vacancy,0,Vacancy,True
1986,2024-09-08,04:00:07,0,Vacancy,0,Vacancy,True
1987,2024-09-08,04:00:23,0,Vacancy,0,Vacancy,True
1988,2024-09-08,04:00:39,0,Vacancy,0,Vacancy,True
1989,2024-09-08,04:00:55,0,Vacancy,0,Vacancy,True
1990,2024-09-08,04:01:12,0,Vacancy,0,Vacancy,True
1991,2024-09-08,04:01:28,0,Vacancy,0,Vacancy,True
1992,2024-09-08,04:01:43,0,Vacancy,0,Vacancy,True
1993,2024-09-08,04:01:59,0,Vacancy,0,Vacancy,True
1994,2024-09-08,04:02:16,0,Vacancy,0,Vacancy,True
1995,2024-09-08,04:02:32,0,Vacancy,0,Vacancy,True
1996,2024-09-08,04:02:47,0,Vacancy,0,Vacancy,True
1997,2024-09-08,04:03:04,0,Vacancy,0,Vacancy,True
1998,2024-09-08,04:03:20,0,Vacancy,0,Vacancy,True
1999,2024-09-08,04:03:36,0,Vacancy,0,Vacancy,True
2000,2024-09-08,04:03:52,0,Vacancy,0,Vacancy,True
2001,2024-09-08,04:04:08,0,Vacancy,0,Vacancy,True
2002,2024-09-08,04:04:24,0,Vacancy,0,Vacancy,True
2003,2024-09-08,04:04:40,0,Vacancy,0,Vacancy,True
2004,2024-09-08,04:04:56,0,Vacancy,0,Vacancy,True
2005,2024-09-08,04:05:12,0,Vacancy,0,Vacancy,True
2006,2024-09-08,04:05:28,0,Vacancy,0,Vacancy,True
2007,2024-09-08,04:05:44,0,Vacancy,0,Vacancy,True
2008,2024-09-08,04:06:00,0,Vacancy,0,Vacancy,True
2009,2024-09-08,04:06:16,0,Vacancy,0,Vacancy,True
2010,2024-09-08,04:06:32,0,Vacancy,0,Vacancy,True
2011,2024-09-08,04:06:48,0,Vacancy,0,Vacancy,True
2012,2024-09-08,04:07:04,0,Vacancy,0,Vacancy,True
2013,2024-09-08,04:07:20,0,Vacancy,0,Vacancy,True
2014,2024-09-08,04:07:36,0,Vacancy,0,Vacancy,True
2015,2024-09-08,04:07:52,0,Vacancy,0,Vacancy,True
2016,2024-09-08,04:08:08,0,Vacancy,0,Vacancy,True
2017,2024-09-08,04:08:24,0,Vacancy,0,Vacancy,True
2018,2024-09-08,04:08:40,0,Vacancy,0,Vacancy,True
2019,2024-09-08,04:08:56,0,Vacancy,0,Vacancy,True
2020,2024-09-08,04:09:12,0,Vacancy,0,Vacancy,True
2021,2024-09-08,04:09:28,0,Vacancy,0,Vacancy,True
2022,2024-09-08,04:09:44,0,Vacancy,0,Vacancy,True
2023,2024-09-08,04:10:00,0,Vacancy,0,Vacancy,True
2024,2024-09-08,04:10:16,0,Vacancy,0,Vacancy,True
2025,2024-09-08,04:10:32,0,Vacancy,0,Vacancy,True
2026,2024-09-08,04:10:48,0,Vacancy,0,Vacancy,True
2027,2024-09-08,04:11:04,0,Vacancy,0,Vacancy,True
2028,2024-09-08,04:11:20,0,Vacancy,0,Vacancy,True
2029,2024-09-08,04:11:36,0,Vacancy,0,Vacancy,True
2030,2024-09-08,04:11:52,0,Vacancy,0,Vacancy,True
2031,2024-09-08,04:12:08,0,Vacancy,0,Vacancy,True
2032,2024-09-08,04:12:24,0,Vacancy,0,Vacancy,True
2033,2024-09-08,04:12:40,0,Vacancy,0,Vacancy,True
2034,2024-09-08,04:12:56,0,Vacancy,0,Vacancy,True
2035,2024-09-08,04:13:12,0,Vacancy,0,Vacancy,True
2036,2024-09-08,04:13:28,0,Vacancy,0,Vacancy,True
2037,2024-09-08,04:13:44,0,Vacancy,0,Vacancy,True
2038,2024-09-08,04:14:00,0,Vacancy,0,Vacancy,True
2039,2024-09-08,04:14:16,0,Vacancy,0,Vacancy,True
2040,2024-09-08,04:14:32,0,Vacancy,0,Vacancy,True
2041,2024-09-08,04:14:48,0,Vacancy,0,Vacancy,True
2042,2024-09-08,04:15:04,0,Vacancy,0,Vacancy,True
2043,2024-09-08,04:15:20,0,Vacancy,0,Vacancy,True
2044,2024-09-08,04:15:36,0,Vacancy,0,Vacancy,True
2045,2024-09-08,04:15:52,0,Vacancy,0,Vacancy,True
2046,2024-09-08,04:16:08,0,Vacancy,0,Vacancy,True
2047,2024-09-08,04:16:24,0,Vacancy,0,Vacancy,True
2048,2024-09-08,04:16:40,0,Vacancy,0,Vacancy,True
2049,2024-09-08,04:16:56,0,Vacancy,0,Vacancy,True
2050,2024-09-08,04:17:12,0,Vacancy,0,Vacancy,True
2051,2024-09-08,04:17:28,0,Vacancy,0,Vacancy,True
2052,2024-09-08,04:17:44,0,Vacancy,0,Vacancy,True
2053,2024-09-08,04:18:00,0,Vacancy,0,Vacancy,True
2054,2024-09-08,04:18:16,0,Vacancy,0,Vacancy,True
2055,2024-09-08,04:18:32,0,Vacancy,0,Vacancy,True
2056,2024-09-08,04:18:48,0,Vacancy,0,Vacancy,True
2057,2024-09-08,04:19:04,0,Vacancy,0,Vacancy,True
2058,2024-09-08,04:19:20,0,Vacancy,0,Vacancy,True
2059,2024-09-08,04:19:36,0,Vacancy,0,Vacancy,True
2060,2024-09-08,04:19:52,0,Vacancy,0,Vacancy,True
2061,2024-09-08,04:20:08,0,Vacancy,0,Vacancy,True
2062,2024-09-08,04:20:24,0,Vacancy,0,Vacancy,True
2063,2024-09-08,04:20:40,0,Vacancy,0,Vacancy,True
2064,2024-09-08,04:20:56,0,Vacancy,0,Vacancy,True
2065,2024-09-08,04:21:12,0,Vacancy,0,Vacancy,True
2066,2024-09-08,04:21:28,0,Vacancy,0,Vacancy,True
2067,2024-09-08,04:21:44,0,Vacancy,0,Vacancy,True
2068,2024-09-08,04:22:00,0,Vacancy,0,Vacancy,True
2069,2024-09-08,04:22:16,0,Vacancy,0,Vacancy,True
2070,2024-09-08,04:22:32,0,Vacancy,0,Vacancy,True
2071,2024-09-08,04:22:48,0,Vacancy,0,Vacancy,True
2072,2024-09-08,04:23:04,0,Vacancy,0,Vacancy,True
2073,2024-09-08,04:23:20,0,Vacancy,0,Vacancy,True
2074,2024-09-08,04:23:36,0,Vacancy,0,Vacancy,True
2075,2024-09-08,04:23:52,0,Vacancy,0,Vacancy,True
2076,2024-09-08,04:24:08,0,Vacancy,0,Vacancy,True
2077,2024-09-08,04:24:24,0,Vacancy,0,Vacancy,True
2078,2024-09-08,04:24:40,0,Vacancy,0,Vacancy,True
2079,2024-09-08,04:24:56,0,Vacancy,0,Vacancy,True
2080,2024-09-08,04:25:12,0,Vacancy,0,Vacancy,True
2081,2024-09-08,04:25:28,0,Vacancy,0,Vacancy,True
2082,2024-09-08,04:25:44,0,Vacancy,0,Vacancy,True
2083,2024-09-08,04:26:00,0,Vacancy,0,Vacancy,True
2084,2024-09-08,04:26:16,0,Vacancy,0,Vacancy,True
2085,2024-09-08,04:26:32,0,Vacancy,0,Vacancy,True
2086,2024-09-08,04:26:48,0,Vacancy,0,Vacancy,True
2087,2024-09-08,04:27:04,0,Vacancy,0,Vacancy,True
2088,2024-09-08,04:27:20,0,Vacancy,0,Vacancy,True
2089,2024-09-08,04:27:36,0,Vacancy,0,Vacancy,True
2090,2024-09-08,04:27:52,0,Vacancy,0,Vacancy,True
2091,2024-09-08,04:28:08,0,Vacancy,0,Vacancy,True
2092,2024-09-08,04:28:24,0,Vacancy,0,Vacancy,True
2093,2024-09-08,04:28:40,0,Vacancy,0,Vacancy,True
2094,2024-09-08,04:28:56,0,Vacancy,0,Vacancy,True
2095,2024-09-08,04:29:12,0,Vacancy,0,Vacancy,True
2096,2024-09-08,04:29:28,0,Vacancy,0,Vacancy,True
2097,2024-09-08,04:29:44,0,Vacancy,0,Vacancy,True
2098,2024-09-08,04:30:00,0,Vacancy,0,Vacancy,True
2099,2024-09-08,04:30:16,0,Vacancy,0,Vacancy,True
2100,2024-09-08,04:30:32,0,Vacancy,0,Vacancy,True
2101,2024-09-08,04:30:48,0,Vacancy,0,Vacancy,True
2102,2024-09-08,04:31:04,0,Vacancy,0,Vacancy,True
2103,2024-09-08,04:31:20,0,Vacancy,0,Vacancy,True
2104,2024-09-08,04:31:36,0,Vacancy,0,Vacancy,True
2105,2024-09-08,04:31:52,0,Vacancy,0,Vacancy,True
2106,2024-09-08,04:32:08,0,Vacancy,0,Vacancy,True
2107,2024-09-08,04:32:24,0,Vacancy,0,Vacancy,True
2108,2024-09-08,04:32:40,0,Vacancy,0,Vacancy,True
2109,2024-09-08,04:32:56,0,Vacancy,0,Vacancy,True
2110,2024-09-08,04:33:12,0,Vacancy,0,Vacancy,True
2111,2024-09-08,04:33:28,0,Vacancy,0,Vacancy,True
2112,2024-09-08,04:33:44,0,Vacancy,0,Vacancy,True
2113,2024-09-08,04:34:00,0,Vacancy,0,Vacancy,True
2114,2024-09-08,04:34:16,0,Vacancy,0,Vacancy,True
2115,2024-09-08,04:34:32,0,Vacancy,0,Vacancy,True
2116,2024-09-08,04:34:48,0,Vacancy,0,Vacancy,True
2117,2024-09-08,04:35:04,0,Vacancy,0,Vacancy,True
2118,2024-09-08,04:35:20,0,Vacancy,0,Vacancy,True
2119,2024-09-08,04:35:36,0,Vacancy,0,Vacancy,True
2120,2024-09-08,04:35:52,0,Vacancy,0,Vacancy,True
2121,2024-09-08,04:36:08,0,Vacancy,0,Vacancy,True
2122,2024-09-08,04:36:24,0,Vacancy,0,Vacancy,True
2123,2024-09-08,04:36:40,0,Vacancy,0,Vacancy,True
2124,2024-09-08,04:36:56,0,Vacancy,0,Vacancy,True
2125,2024-09-08,04:37:12,0,Vacancy,0,Vacancy,True
2126,2024-09-08,04:37:28,0,Vacancy,0,Vacancy,True
2127,2024-09-08,04:37:44,0,Vacancy,0,Vacancy,True
2128,2024-09-08,04:38:00,0,Vacancy,0,Vacancy,True
2129,2024-09-08,04:38:16,0,Vacancy,0,Vacancy,True
2130,2024-09-08,04:38:32,0,Vacancy,0,Vacancy,True
2131,2024-09-08,04:38:48,0,Vacancy,0,Vacancy,True
2132,2024-09-08,04:39:04,0,Vacancy,0,Vacancy,True
2133,2024-09-08,04:39:20,0,Vacancy,0,Vacancy,True
2134,2024-09-08,04:39:36,0,Vacancy,0,Vacancy,True
2135,2024-09-08,04:39:52,0,Vacancy,0,Vacancy,True
2136,2024-09-08,04:40:08,0,Vacancy,0,Vacancy,True
2137,2024-09-08,04:40:24,0,Vacancy,0,Vacancy,True
2138,2024-09-08,04:40:40,0,Vacancy,0,Vacancy,True
2139,2024-09-08,04:40:56,0,Vacancy,0,Vacancy,True
2140,2024-09-08,04:41:12,0,Vacancy,0,Vacancy,True
2141,2024-09-08,04:41:28,0,Vacancy,0,Vacancy,True
2142,2024-09-08,04:41:44,0,Vacancy,0,Vacancy,True
2143,2024-09-08,04:42:00,0,Vacancy,0,Vacancy,True
2144,2024-09-08,04:42:16,0,Vacancy,0,Vacancy,True
2145,2024-09-08,04:42:32,0,Vacancy,0,Vacancy,True
2146,2024-09-08,04:42:49,0,Vacancy,0,Vacancy,True
2147,2024-09-08,04:43:04,0,Vacancy,0,Vacancy,True
2148,2024-09-08,04:43:20,0,Vacancy,0,Vacancy,True
2149,2024-09-08,04:43:36,0,Vacancy,0,Vacancy,True
2150,2024-09-08,04:43:53,0,Vacancy,0,Vacancy,True
2151,2024-09-08,04:44:08,0,Vacancy,0,Vacancy,True
2152,2024-09-08,04:44:24,0,Vacancy,0,Vacancy,True
2153,2024-09-08,04:44:41,0,Vacancy,0,Vacancy,True
2154,2024-09-08,04:44:57,0,Vacancy,0,Vacancy,True
2155,2024-09-08,04:45:12,0,Vacancy,0,Vacancy,True
2156,2024-09-08,04:45:28,0,Vacancy,0,Vacancy,True
2157,2024-09-08,04:45:45,0,Vacancy,0,Vacancy,True
2158,2024-09-08,04:46:01,0,Vacancy,0,Vacancy,True
2159,2024-09-08,04:46:16,0,Vacancy,0,Vacancy,True
2160,2024-09-08,04:46:33,0,Vacancy,0,Vacancy,True
2161,2024-09-08,04:46:49,0,Vacancy,0,Vacancy,True
2162,2024-09-08,04:47:05,0,Vacancy,0,Vacancy,True
2163,2024-09-08,04:47:21,0,Vacancy,0,Vacancy,True
2164,2024-09-08,04:47:37,0,Vacancy,0,Vacancy,True
2165,2024-09-08,04:47:53,0,Vacancy,0,Vacancy,True
2166,2024-09-08,04:48:09,0,Vacancy,0,Vacancy,True
2167,2024-09-08,04:48:25,0,Vacancy,0,Vacancy,True
2168,2024-09-08,04:48:41,0,Vacancy,0,Vacancy,True
2169,2024-09-08,04:48:57,0,Vacancy,0,Vacancy,True
2170,2024-09-08,04:49:13,0,Vacancy,0,Vacancy,True
2171,2024-09-08,04:49:29,0,Vacancy,0,Vacancy,True
2172,2024-09-08,04:49:45,0,Vacancy,0,Vacancy,True
2173,2024-09-08,04:50:01,0,Vacancy,0,Vacancy,True
2174,2024-09-08,04:50:17,0,Vacancy,0,Vacancy,True
2175,2024-09-08,04:50:33,0,Vacancy,0,Vacancy,True
2176,2024-09-08,04:50:49,0,Vacancy,0,Vacancy,True
2177,2024-09-08,04:51:05,0,Vacancy,0,Vacancy,True
2178,2024-09-08,04:51:21,0,Vacancy,0,Vacancy,True
2179,2024-09-08,04:51:37,0,Vacancy,0,Vacancy,True
2180,2024-09-08,04:51:53,0,Vacancy,0,Vacancy,True
2181,2024-09-08,04:52:09,0,Vacancy,0,Vacancy,True
2182,2024-09-08,04:52:25,0,Vacancy,0,Vacancy,True
2183,2024-09-08,04:52:41,0,Vacancy,0,Vacancy,True
2184,2024-09-08,04:52:57,0,Vacancy,0,Vacancy,True
2185,2024-09-08,04:53:13,0,Vacancy,0,Vacancy,True
2186,2024-09-08,04:53:29,0,Vacancy,0,Vacancy,True
2187,2024-09-08,04:53:45,0,Vacancy,0,Vacancy,True
2188,2024-09-08,04:54:01,0,Vacancy,0,Vacancy,True
2189,2024-09-08,04:54:17,0,Vacancy,0,Vacancy,True
2190,2024-09-08,04:54:33,0,Vacancy,0,Vacancy,True
2191,2024-09-08,04:54:49,0,Vacancy,0,Vacancy,True
2192,2024-09-08,04:55:05,0,Vacancy,0,Vacancy,True
2193,2024-09-08,04:55:21,0,Vacancy,0,Vacancy,True
2194,2024-09-08,04:55:37,0,Vacancy,0,Vacancy,True
2195,2024-09-08,04:55:53,0,Vacancy,0,Vacancy,True
2196,2024-09-08,04:56:09,0,Vacancy,0,Vacancy,True
2197,2024-09-08,04:56:25,0,Vacancy,0,Vacancy,True
2198,2024-09-08,04:56:41,0,Vacancy,0,Vacancy,True
2199,2024-09-08,04:56:57,0,Vacancy,0,Vacancy,True
2200,2024-09-08,04:57:13,0,Vacancy,0,Vacancy,True
2201,2024-09-08,04:57:29,0,Vacancy,0,Vacancy,True
2202,2024-09-08,04:57:45,0,Vacancy,0,Vacancy,True
2203,2024-09-08,04:58:01,0,Vacancy,0,Vacancy,True
2204,2024-09-08,04:58:17,0,Vacancy,0,Vacancy,True
2205,2024-09-08,04:58:33,0,Vacancy,0,Vacancy,True
2206,2024-09-08,04:58:49,0,Vacancy,0,Vacancy,True
2207,2024-09-08,04:59:05,0,Vacancy,0,Vacancy,True
2208,2024-09-08,04:59:21,0,Vacancy,0,Vacancy,True
2209,2024-09-08,04:59:37,0,Vacancy,0,Vacancy,True
2210,2024-09-08,04:59:53,0,Vacancy,0,Vacancy,True
2211,2024-09-08,05:00:09,0,Vacancy,0,Vacancy,True
2212,2024-09-08,05:00:25,0,Vacancy,0,Vacancy,True
2213,2024-09-08,05:00:41,0,Vacancy,0,Vacancy,True
2214,2024-09-08,05:00:57,0,Vacancy,0,Vacancy,True
2215,2024-09-08,05:01:13,0,Vacancy,0,Vacancy,True
2216,2024-09-08,05:01:29,0,Vacancy,0,Vacancy,True
2217,2024-09-08,05:01:45,0,Vacancy,0,Vacancy,True
2218,2024-09-08,05:02:01,0,Vacancy,0,Vacancy,True
2219,2024-09-08,05:02:17,0,Vacancy,0,Vacancy,True
2220,2024-09-08,05:02:33,0,Vacancy,0,Vacancy,True
2221,2024-09-08,05:02:49,0,Vacancy,0,Vacancy,True
2222,2024-09-08,05:03:05,0,Vacancy,0,Vacancy,True
2223,2024-09-08,05:03:21,0,Vacancy,0,Vacancy,True
2224,2024-09-08,05:03:37,0,Vacancy,0,Vacancy,True
2225,2024-09-08,05:03:53,0,Vacancy,0,Vacancy,True
2226,2024-09-08,05:04:09,0,Vacancy,0,Vacancy,True
2227,2024-09-08,05:04:25,0,Vacancy,0,Vacancy,True
2228,2024-09-08,05:04:41,0,Vacancy,0,Vacancy,True
2229,2024-09-08,05:04:57,0,Vacancy,0,Vacancy,True
2230,2024-09-08,05:05:13,0,Vacancy,0,Vacancy,True
2231,2024-09-08,05:05:29,0,Vacancy,0,Vacancy,True
2232,2024-09-08,05:05:45,0,Vacancy,0,Vacancy,True
2233,2024-09-08,05:06:01,0,Vacancy,0,Vacancy,True
2234,2024-09-08,05:06:17,0,Vacancy,0,Vacancy,True
2235,2024-09-08,05:06:33,0,Vacancy,0,Vacancy,True
2236,2024-09-08,05:06:49,0,Vacancy,0,Vacancy,True
2237,2024-09-08,05:07:05,0,Vacancy,0,Vacancy,True
2238,2024-09-08,05:07:21,0,Vacancy,0,Vacancy,True
2239,2024-09-08,05:07:37,0,Vacancy,0,Vacancy,True
2240,2024-09-08,05:07:53,0,Vacancy,0,Vacancy,True
2241,2024-09-08,05:08:09,0,Vacancy,0,Vacancy,True
2242,2024-09-08,05:08:25,0,Vacancy,0,Vacancy,True
2243,2024-09-08,05:08:41,0,Vacancy,0,Vacancy,True
2244,2024-09-08,05:08:57,0,Vacancy,0,Vacancy,True
2245,2024-09-08,05:09:13,0,Vacancy,0,Vacancy,True
2246,2024-09-08,05:09:29,0,Vacancy,0,Vacancy,True
2247,2024-09-08,05:09:45,0,Vacancy,0,Vacancy,True
2248,2024-09-08,05:10:01,0,Vacancy,0,Vacancy,True
2249,2024-09-08,05:10:17,0,Vacancy,0,Vacancy,True
2250,2024-09-08,05:10:33,0,Vacancy,0,Vacancy,True
2251,2024-09-08,05:10:49,0,Vacancy,0,Vacancy,True
2252,2024-09-08,05:11:05,0,Vacancy,0,Vacancy,True
2253,2024-09-08,05:11:21,0,Vacancy,0,Vacancy,True
2254,2024-09-08,05:11:37,0,Vacancy,0,Vacancy,True
2255,2024-09-08,05:11:53,0,Vacancy,0,Vacancy,True
2256,2024-09-08,05:12:09,0,Vacancy,0,Vacancy,True
2257,2024-09-08,05:12:25,0,Vacancy,0,Vacancy,True
2258,2024-09-08,05:12:41,0,Vacancy,0,Vacancy,True
2259,2024-09-08,05:12:57,0,Vacancy,0,Vacancy,True
2260,2024-09-08,05:13:13,0,Vacancy,0,Vacancy,True
2261,2024-09-08,05:13:29,0,Vacancy,0,Vacancy,True
2262,2024-09-08,05:13:45,0,Vacancy,0,Vacancy,True
2263,2024-09-08,05:14:01,0,Vacancy,0,Vacancy,True
2264,2024-09-08,05:14:17,0,Vacancy,0,Vacancy,True
2265,2024-09-08,05:14:33,0,Vacancy,0,Vacancy,True
2266,2024-09-08,05:14:49,0,Vacancy,0,Vacancy,True
2267,2024-09-08,05:15:05,0,Vacancy,0,Vacancy,True
2268,2024-09-08,05:15:21,0,Vacancy,0,Vacancy,True
2269,2024-09-08,05:15:37,0,Vacancy,0,Vacancy,True
2270,2024-09-08,05:15:53,0,Vacancy,0,Vacancy,True
2271,2024-09-08,05:16:09,0,Vacancy,0,Vacancy,True
2272,2024-09-08,05:16:25,0,Vacancy,0,Vacancy,True
2273,2024-09-08,05:16:41,0,Vacancy,0,Vacancy,True
2274,2024-09-08,05:16:57,0,Vacancy,0,Vacancy,True
2275,2024-09-08,05:17:13,0,Vacancy,0,Vacancy,True
2276,2024-09-08,05:17:29,0,Vacancy,0,Vacancy,True
2277,2024-09-08,05:17:45,0,Vacancy,0,Vacancy,True
2278,2024-09-08,05:18:01,0,Vacancy,0,Vacancy,True
2279,2024-09-08,05:18:17,0,Vacancy,0,Vacancy,True
2280,2024-09-08,05:18:33,0,Vacancy,0,Vacancy,True
2281,2024-09-08,05:18:49,0,Vacancy,0,Vacancy,True
2282,2024-09-08,05:19:05,0,Vacancy,0,Vacancy,True
2283,2024-09-08,05:19:21,0,Vacancy,0,Vacancy,True
2284,2024-09-08,05:19:37,0,Vacancy,0,Vacancy,True
2285,2024-09-08,05:19:53,0,Vacancy,0,Vacancy,True
2286,2024-09-08,05:20:09,0,Vacancy,0,Vacancy,True
2287,2024-09-08,05:20:25,0,Vacancy,0,Vacancy,True
2288,2024-09-08,05:20:41,0,Vacancy,0,Vacancy,True
2289,2024-09-08,05:20:57,0,Vacancy,0,Vacancy,True
2290,2024-09-08,05:21:13,0,Vacancy,0,Vacancy,True
2291,2024-09-08,05:21:29,0,Vacancy,0,Vacancy,True
2292,2024-09-08,05:21:45,0,Vacancy,0,Vacancy,True
2293,2024-09-08,05:22:01,0,Vacancy,0,Vacancy,True
2294,2024-09-08,05:22:17,0,Vacancy,0,Vacancy,True
2295,2024-09-08,05:22:33,0,Vacancy,0,Vacancy,True
2296,2024-09-08,05:22:49,0,Vacancy,0,Vacancy,True
2297,2024-09-08,05:23:05,0,Vacancy,0,Vacancy,True
2298,2024-09-08,05:23:21,0,Vacancy,0,Vacancy,True
2299,2024-09-08,05:23:37,0,Vacancy,0,Vacancy,True
2300,2024-09-08,05:23:53,0,Vacancy,0,Vacancy,True
2301,2024-09-08,05:24:09,0,Vacancy,0,Vacancy,True
2302,2024-09-08,05:24:25,0,Vacancy,0,Vacancy,True
2303,2024-09-08,05:24:41,0,Vacancy,0,Vacancy,True
2304,2024-09-08,05:24:57,0,Vacancy,0,Vacancy,True
2305,2024-09-08,05:25:13,0,Vacancy,0,Vacancy,True
2306,2024-09-08,05:25:29,0,Vacancy,0,Vacancy,True
2307,2024-09-08,05:25:45,0,Vacancy,0,Vacancy,True
2308,2024-09-08,05:26:01,0,Vacancy,0,Vacancy,True
2309,2024-09-08,05:26:17,0,Vacancy,0,Vacancy,True
2310,2024-09-08,05:26:34,0,Vacancy,0,Vacancy,True
2311,2024-09-08,05:26:49,0,Vacancy,0,Vacancy,True
2312,2024-09-08,05:27:05,0,Vacancy,0,Vacancy,True
2313,2024-09-08,05:27:22,0,Vacancy,0,Vacancy,True
2314,2024-09-08,05:27:38,0,Vacancy,0,Vacancy,True
2315,2024-09-08,05:27:53,0,Vacancy,0,Vacancy,True
2316,2024-09-08,05:28:09,0,Vacancy,0,Vacancy,True
2317,2024-09-08,05:28:26,0,Vacancy,0,Vacancy,True
2318,2024-09-08,05:28:42,0,Vacancy,0,Vacancy,True
2319,2024-09-08,05:28:57,0,Vacancy,0,Vacancy,True
2320,2024-09-08,05:29:14,0,Vacancy,0,Vacancy,True
2321,2024-09-08,05:29:30,0,Vacancy,0,Vacancy,True
2322,2024-09-08,05:29:46,0,Vacancy,0,Vacancy,True
2323,2024-09-08,05:30:01,0,Vacancy,0,Vacancy,True
2324,2024-09-08,05:30:18,0,Vacancy,0,Vacancy,True
2325,2024-09-08,05:30:34,0,Vacancy,0,Vacancy,True
2326,2024-09-08,05:30:50,0,Vacancy,0,Vacancy,True
2327,2024-09-08,05:31:06,0,Vacancy,0,Vacancy,True
2328,2024-09-08,05:31:22,0,Vacancy,0,Vacancy,True
2329,2024-09-08,05:31:38,0,Vacancy,0,Vacancy,True
2330,2024-09-08,05:31:54,0,Vacancy,0,Vacancy,True
2331,2024-09-08,05:32:10,0,Vacancy,0,Vacancy,True
2332,2024-09-08,05:32:26,0,Vacancy,0,Vacancy,True
2333,2024-09-08,05:32:42,0,Vacancy,0,Vacancy,True
2334,2024-09-08,05:32:58,0,Vacancy,0,Vacancy,True
2335,2024-09-08,05:33:14,0,Vacancy,0,Vacancy,True
2336,2024-09-08,05:33:30,0,Vacancy,0,Vacancy,True
2337,2024-09-08,05:33:46,0,Vacancy,0,Vacancy,True
2338,2024-09-08,05:34:02,0,Vacancy,0,Vacancy,True
2339,2024-09-08,05:34:18,0,Vacancy,0,Vacancy,True
2340,2024-09-08,05:34:34,0,Vacancy,0,Vacancy,True
2341,2024-09-08,05:34:50,0,Vacancy,0,Vacancy,True
2342,2024-09-08,05:35:06,0,Vacancy,0,Vacancy,True
2343,2024-09-08,05:35:22,0,Vacancy,0,Vacancy,True
2344,2024-09-08,05:35:38,0,Vacancy,0,Vacancy,True
2345,2024-09-08,05:35:54,0,Vacancy,0,Vacancy,True
2346,2024-09-08,05:36:10,0,Vacancy,0,Vacancy,True
2347,2024-09-08,05:36:26,0,Vacancy,0,Vacancy,True
2348,2024-09-08,05:36:42,0,Vacancy,0,Vacancy,True
2349,2024-09-08,05:36:58,0,Vacancy,0,Vacancy,True
2350,2024-09-08,05:37:14,0,Vacancy,0,Vacancy,True
2351,2024-09-08,05:37:30,0,Vacancy,0,Vacancy,True
2352,2024-09-08,05:37:46,0,Vacancy,0,Vacancy,True
2353,2024-09-08,05:38:02,0,Vacancy,0,Vacancy,True
2354,2024-09-08,05:38:18,0,Vacancy,0,Vacancy,True
2355,2024-09-08,05:38:34,0,Vacancy,0,Vacancy,True
2356,2024-09-08,05:38:50,0,Vacancy,0,Vacancy,True
2357,2024-09-08,05:39:06,0,Vacancy,0,Vacancy,True
2358,2024-09-08,05:39:22,0,Vacancy,0,Vacancy,True
2359,2024-09-08,05:39:38,0,Vacancy,0,Vacancy,True
2360,2024-09-08,05:39:54,0,Vacancy,0,Vacancy,True
2361,2024-09-08,05:40:10,0,Vacancy,0,Vacancy,True
2362,2024-09-08,05:40:26,0,Vacancy,0,Vacancy,True
2363,2024-09-08,05:40:42,0,Vacancy,0,Vacancy,True
2364,2024-09-08,05:40:58,0,Vacancy,0,Vacancy,True
2365,2024-09-08,05:41:14,0,Vacancy,0,Vacancy,True
2366,2024-09-08,05:41:30,0,Vacancy,0,Vacancy,True
2367,2024-09-08,05:41:46,0,Vacancy,0,Vacancy,True
2368,2024-09-08,05:42:02,0,Vacancy,0,Vacancy,True
2369,2024-09-08,05:42:18,0,Vacancy,0,Vacancy,True
2370,2024-09-08,05:42:34,0,Vacancy,0,Vacancy,True
2371,2024-09-08,05:42:50,0,Vacancy,0,Vacancy,True
2372,2024-09-08,05:43:06,0,Vacancy,0,Vacancy,True
2373,2024-09-08,05:43:22,0,Vacancy,0,Vacancy,True
2374,2024-09-08,05:43:38,0,Vacancy,0,Vacancy,True
2375,2024-09-08,05:43:54,0,Vacancy,0,Vacancy,True
2376,2024-09-08,05:44:10,0,Vacancy,0,Vacancy,True
2377,2024-09-08,05:44:26,0,Vacancy,0,Vacancy,True
2378,2024-09-08,05:44:42,0,Vacancy,0,Vacancy,True
2379,2024-09-08,05:44:58,0,Vacancy,0,Vacancy,True
2380,2024-09-08,05:45:14,0,Vacancy,0,Vacancy,True
2381,2024-09-08,05:45:30,0,Vacancy,0,Vacancy,True
2382,2024-09-08,05:45:46,0,Vacancy,0,Vacancy,True
2383,2024-09-08,05:46:02,0,Vacancy,0,Vacancy,True
2384,2024-09-08,05:46:18,0,Vacancy,0,Vacancy,True
2385,2024-09-08,05:46:34,0,Vacancy,0,Vacancy,True
2386,2024-09-08,05:46:50,0,Vacancy,0,Vacancy,True
2387,2024-09-08,05:47:06,0,Vacancy,0,Vacancy,True
2388,2024-09-08,05:47:22,0,Vacancy,0,Vacancy,True
2389,2024-09-08,05:47:38,0,Vacancy,0,Vacancy,True
2390,2024-09-08,05:47:54,0,Vacancy,0,Vacancy,True
2391,2024-09-08,05:48:10,0,Vacancy,0,Vacancy,True
2392,2024-09-08,05:48:26,0,Vacancy,0,Vacancy,True
2393,2024-09-08,05:48:42,0,Vacancy,0,Vacancy,True
2394,2024-09-08,05:48:58,0,Vacancy,0,Vacancy,True
2395,2024-09-08,05:49:14,0,Vacancy,0,Vacancy,True
2396,2024-09-08,05:49:30,0,Vacancy,0,Vacancy,True
2397,2024-09-08,05:49:46,0,Vacancy,0,Vacancy,True
2398,2024-09-08,05:50:02,0,Vacancy,0,Vacancy,True
2399,2024-09-08,05:50:18,0,Vacancy,0,Vacancy,True
2400,2024-09-08,05:50:34,0,Vacancy,0,Vacancy,True
2401,2024-09-08,05:50:50,0,Vacancy,0,Vacancy,True
2402,2024-09-08,05:51:06,0,Vacancy,0,Vacancy,True
2403,2024-09-08,05:51:22,0,Vacancy,0,Vacancy,True
2404,2024-09-08,05:51:38,0,Vacancy,0,Vacancy,True
2405,2024-09-08,05:51:54,0,Vacancy,0,Vacancy,True
2406,2024-09-08,05:52:10,0,Vacancy,0,Vacancy,True
2407,2024-09-08,05:52:26,0,Vacancy,0,Vacancy,True
2408,2024-09-08,05:52:42,0,Vacancy,0,Vacancy,True
2409,2024-09-08,05:52:58,0,Vacancy,0,Vacancy,True
2410,2024-09-08,05:53:14,0,Vacancy,0,Vacancy,True
2411,2024-09-08,05:53:30,0,Vacancy,0,Vacancy,True
2412,2024-09-08,05:53:46,0,Vacancy,0,Vacancy,True
2413,2024-09-08,05:54:02,0,Vacancy,0,Vacancy,True
2414,2024-09-08,05:54:18,0,Vacancy,0,Vacancy,True
2415,2024-09-08,05:54:34,0,Vacancy,0,Vacancy,True
2416,2024-09-08,05:54:50,0,Vacancy,0,Vacancy,True
2417,2024-09-08,05:55:06,0,Vacancy,0,Vacancy,True
2418,2024-09-08,05:55:22,0,Vacancy,0,Vacancy,True
2419,2024-09-08,05:55:38,0,Vacancy,0,Vacancy,True
2420,2024-09-08,05:55:54,0,Vacancy,0,Vacancy,True
2421,2024-09-08,05:56:10,0,Vacancy,0,Vacancy,True
2422,2024-09-08,05:56:26,0,Vacancy,0,Vacancy,True
2423,2024-09-08,05:56:42,0,Vacancy,0,Vacancy,True
2424,2024-09-08,05:56:58,0,Vacancy,0,Vacancy,True
2425,2024-09-08,05:57:14,0,Vacancy,0,Vacancy,True
2426,2024-09-08,05:57:30,0,Vacancy,0,Vacancy,True
2427,2024-09-08,05:57:46,0,Vacancy,0,Vacancy,True
2428,2024-09-08,05:58:02,0,Vacancy,0,Vacancy,True
2429,2024-09-08,05:58:18,0,Vacancy,0,Vacancy,True
2430,2024-09-08,05:58:34,0,Vacancy,0,Vacancy,True
2431,2024-09-08,05:58:50,0,Vacancy,0,Vacancy,True
2432,2024-09-08,05:59:06,0,Vacancy,0,Vacancy,True
2433,2024-09-08,05:59:22,0,Vacancy,0,Vacancy,True
2434,2024-09-08,05:59:38,0,Vacancy,0,Vacancy,True
2435,2024-09-08,05:59:54,0,Vacancy,0,Vacancy,True
2436,2024-09-08,06:00:10,0,Vacancy,0,Vacancy,True
2437,2024-09-08,06:00:26,0,Vacancy,0,Vacancy,True
2438,2024-09-08,06:00:42,0,Vacancy,0,Vacancy,True
2439,2024-09-08,06:00:58,0,Vacancy,0,Vacancy,True
2440,2024-09-08,06:01:14,0,Vacancy,0,Vacancy,True
2441,2024-09-08,06:01:30,0,Vacancy,0,Vacancy,True
2442,2024-09-08,06:01:46,0,Vacancy,0,Vacancy,True
2443,2024-09-08,06:02:02,0,Vacancy,0,Vacancy,True
2444,2024-09-08,06:02:18,0,Vacancy,0,Vacancy,True
2445,2024-09-08,06:02:34,0,Vacancy,0,Vacancy,True
2446,2024-09-08,06:02:50,0,Vacancy,0,Vacancy,True
2447,2024-09-08,06:03:06,0,Vacancy,0,Vacancy,True
2448,2024-09-08,06:03:22,0,Vacancy,0,Vacancy,True
2449,2024-09-08,06:03:38,0,Vacancy,0,Vacancy,True
2450,2024-09-08,06:03:54,0,Vacancy,0,Vacancy,True
2451,2024-09-08,06:04:10,0,Vacancy,0,Vacancy,True
2452,2024-09-08,06:04:26,0,Vacancy,0,Vacancy,True
2453,2024-09-08,06:04:42,0,Vacancy,0,Vacancy,True
2454,2024-09-08,06:04:58,0,Vacancy,0,Vacancy,True
2455,2024-09-08,06:05:14,0,Vacancy,0,Vacancy,True
2456,2024-09-08,06:05:30,0,Vacancy,0,Vacancy,True
2457,2024-09-08,06:05:46,0,Vacancy,0,Vacancy,True
2458,2024-09-08,06:06:02,0,Vacancy,0,Vacancy,True
2459,2024-09-08,06:06:18,0,Vacancy,0,Vacancy,True
2460,2024-09-08,06:06:34,0,Vacancy,0,Vacancy,True
2461,2024-09-08,06:06:50,0,Vacancy,0,Vacancy,True
2462,2024-09-08,06:07:06,0,Vacancy,0,Vacancy,True
2463,2024-09-08,06:07:22,0,Vacancy,0,Vacancy,True
2464,2024-09-08,06:07:38,0,Vacancy,0,Vacancy,True
2465,2024-09-08,06:07:54,0,Vacancy,0,Vacancy,True
2466,2024-09-08,06:08:10,0,Vacancy,0,Vacancy,True
2467,2024-09-08,06:08:26,0,Vacancy,0,Vacancy,True
2468,2024-09-08,06:08:42,0,Vacancy,0,Vacancy,True
2469,2024-09-08,06:08:58,0,Vacancy,0,Vacancy,True
2470,2024-09-08,06:09:14,0,Vacancy,0,Vacancy,True
2471,2024-09-08,06:09:31,0,Vacancy,0,Vacancy,True
2472,2024-09-08,06:09:46,0,Vacancy,0,Vacancy,True
2473,2024-09-08,06:10:02,0,Vacancy,0,Vacancy,True
2474,2024-09-08,06:10:19,0,Vacancy,0,Vacancy,True
2475,2024-09-08,06:10:34,0,Vacancy,0,Vacancy,True
2476,2024-09-08,06:10:50,0,Vacancy,0,Vacancy,True
2477,2024-09-08,06:11:06,0,Vacancy,0,Vacancy,True
2478,2024-09-08,06:11:23,0,Vacancy,0,Vacancy,True
2479,2024-09-08,06:11:39,0,Vacancy,0,Vacancy,True
2480,2024-09-08,06:11:54,0,Vacancy,0,Vacancy,True
2481,2024-09-08,06:12:11,0,Vacancy,0,Vacancy,True
2482,2024-09-08,06:12:27,0,Vacancy,0,Vacancy,True
2483,2024-09-08,06:12:43,0,Vacancy,0,Vacancy,True
2484,2024-09-08,06:12:58,0,Vacancy,0,Vacancy,True
2485,2024-09-08,06:13:15,0,Vacancy,0,Vacancy,True
2486,2024-09-08,06:13:31,0,Vacancy,0,Vacancy,True
2487,2024-09-08,06:13:47,0,Vacancy,0,Vacancy,True
2488,2024-09-08,06:14:03,0,Vacancy,0,Vacancy,True
2489,2024-09-08,06:14:19,0,Vacancy,0,Vacancy,True
2490,2024-09-08,06:14:35,0,Vacancy,0,Vacancy,True
2491,2024-09-08,06:14:51,0,Vacancy,0,Vacancy,True
2492,2024-09-08,06:15:07,0,Vacancy,0,Vacancy,True
2493,2024-09-08,06:15:23,0,Vacancy,0,Vacancy,True
2494,2024-09-08,06:15:39,0,Vacancy,0,Vacancy,True
2495,2024-09-08,06:15:55,0,Vacancy,0,Vacancy,True
2496,2024-09-08,06:16:11,0,Vacancy,0,Vacancy,True
2497,2024-09-08,06:16:27,0,Vacancy,0,Vacancy,True
2498,2024-09-08,06:16:43,0,Vacancy,0,Vacancy,True
2499,2024-09-08,06:16:59,0,Vacancy,0,Vacancy,True
2500,2024-09-08,06:17:15,0,Vacancy,0,Vacancy,True
2501,2024-09-08,06:17:31,0,Vacancy,0,Vacancy,True
2502,2024-09-08,06:17:47,0,Vacancy,0,Vacancy,True
2503,2024-09-08,06:18:03,0,Vacancy,0,Vacancy,True
2504,2024-09-08,06:18:19,0,Vacancy,0,Vacancy,True
2505,2024-09-08,06:18:35,0,Vacancy,0,Vacancy,True
2506,2024-09-08,06:18:51,0,Vacancy,0,Vacancy,True
2507,2024-09-08,06:19:07,0,Vacancy,0,Vacancy,True
2508,2024-09-08,06:19:23,0,Vacancy,0,Vacancy,True
2509,2024-09-08,06:19:39,0,Vacancy,0,Vacancy,True
2510,2024-09-08,06:19:55,0,Vacancy,0,Vacancy,True
2511,2024-09-08,06:20:11,0,Vacancy,0,Vacancy,True
2512,2024-09-08,06:20:27,0,Vacancy,0,Vacancy,True
2513,2024-09-08,06:20:43,0,Vacancy,0,Vacancy,True
2514,2024-09-08,06:20:59,0,Vacancy,0,Vacancy,True
2515,2024-09-08,06:21:15,0,Vacancy,0,Vacancy,True
2516,2024-09-08,06:21:31,0,Vacancy,0,Vacancy,True
2517,2024-09-08,06:21:47,0,Vacancy,0,Vacancy,True
2518,2024-09-08,06:22:03,0,Vacancy,0,Vacancy,True
2519,2024-09-08,06:22:19,0,Vacancy,0,Vacancy,True
2520,2024-09-08,06:22:35,0,Vacancy,0,Vacancy,True
2521,2024-09-08,06:22:51,0,Vacancy,0,Vacancy,True
2522,2024-09-08,06:23:07,0,Vacancy,0,Vacancy,True
2523,2024-09-08,06:23:23,0,Vacancy,0,Vacancy,True
2524,2024-09-08,06:23:39,0,Vacancy,0,Vacancy,True
2525,2024-09-08,06:23:55,0,Vacancy,0,Vacancy,True
2526,2024-09-08,06:24:11,0,Vacancy,0,Vacancy,True
2527,2024-09-08,06:24:27,0,Vacancy,0,Vacancy,True
2528,2024-09-08,06:24:43,0,Vacancy,0,Vacancy,True
2529,2024-09-08,06:24:59,0,Vacancy,0,Vacancy,True
2530,2024-09-08,06:25:15,0,Vacancy,0,Vacancy,True
2531,2024-09-08,06:25:31,0,Vacancy,0,Vacancy,True
2532,2024-09-08,06:25:47,0,Vacancy,0,Vacancy,True
2533,2024-09-08,06:26:03,0,Vacancy,0,Vacancy,True
2534,2024-09-08,06:26:19,0,Vacancy,0,Vacancy,True
2535,2024-09-08,06:26:35,0,Vacancy,0,Vacancy,True
2536,2024-09-08,06:26:51,0,Vacancy,0,Vacancy,True
2537,2024-09-08,06:27:07,0,Vacancy,0,Vacancy,True
2538,2024-09-08,06:27:23,0,Vacancy,0,Vacancy,True
2539,2024-09-08,06:27:39,0,Vacancy,0,Vacancy,True
2540,2024-09-08,06:27:55,0,Vacancy,0,Vacancy,True
2541,2024-09-08,06:28:11,0,Vacancy,0,Vacancy,True
2542,2024-09-08,06:28:27,0,Vacancy,0,Vacancy,True
2543,2024-09-08,06:28:43,0,Vacancy,0,Vacancy,True
2544,2024-09-08,06:28:59,0,Vacancy,0,Vacancy,True
2545,2024-09-08,06:29:15,0,Vacancy,0,Vacancy,True
2546,2024-09-08,06:29:31,0,Vacancy,0,Vacancy,True
2547,2024-09-08,06:29:47,0,Vacancy,0,Vacancy,True
2548,2024-09-08,06:30:03,0,Vacancy,0,Vacancy,True
2549,2024-09-08,06:30:19,0,Vacancy,0,Vacancy,True
2550,2024-09-08,06:30:35,0,Vacancy,0,Vacancy,True
2551,2024-09-08,06:30:51,0,Vacancy,0,Vacancy,True
2552,2024-09-08,06:31:07,0,Vacancy,0,Vacancy,True
2553,2024-09-08,06:31:23,0,Vacancy,0,Vacancy,True
2554,2024-09-08,06:31:39,0,Vacancy,0,Vacancy,True
2555,2024-09-08,06:31:55,0,Vacancy,0,Vacancy,True
2556,2024-09-08,06:32:11,0,Vacancy,0,Vacancy,True
2557,2024-09-08,06:32:27,0,Vacancy,0,Vacancy,True
2558,2024-09-08,06:32:43,0,Vacancy,0,Vacancy,True
2559,2024-09-08,06:32:59,0,Vacancy,0,Vacancy,True
2560,2024-09-08,06:33:15,0,Vacancy,0,Vacancy,True
2561,2024-09-08,06:33:31,0,Vacancy,0,Vacancy,True
2562,2024-09-08,06:33:47,0,Vacancy,0,Vacancy,True
2563,2024-09-08,06:34:03,0,Vacancy,0,Vacancy,True
2564,2024-09-08,06:34:19,0,Vacancy,0,Vacancy,True
2565,2024-09-08,06:34:35,0,Vacancy,0,Vacancy,True
2566,2024-09-08,06:34:51,0,Vacancy,0,Vacancy,True
2567,2024-09-08,06:35:07,0,Vacancy,0,Vacancy,True
2568,2024-09-08,06:35:23,0,Vacancy,0,Vacancy,True
2569,2024-09-08,06:35:39,0,Vacancy,0,Vacancy,True
2570,2024-09-08,06:35:55,0,Vacancy,0,Vacancy,True
2571,2024-09-08,06:36:11,0,Vacancy,0,Vacancy,True
2572,2024-09-08,06:36:27,0,Vacancy,0,Vacancy,True
2573,2024-09-08,06:36:43,0,Vacancy,0,Vacancy,True
2574,2024-09-08,06:36:59,0,Vacancy,0,Vacancy,True
2575,2024-09-08,06:37:15,0,Vacancy,0,Vacancy,True
2576,2024-09-08,06:37:31,0,Vacancy,0,Vacancy,True
2577,2024-09-08,06:37:47,0,Vacancy,0,Vacancy,True
2578,2024-09-08,06:38:03,0,Vacancy,0,Vacancy,True
2579,2024-09-08,06:38:19,0,Vacancy,0,Vacancy,True
2580,2024-09-08,06:38:35,0,Vacancy,0,Vacancy,True
2581,2024-09-08,06:38:51,0,Vacancy,0,Vacancy,True
2582,2024-09-08,06:39:07,0,Vacancy,0,Vacancy,True
2583,2024-09-08,06:39:23,0,Vacancy,0,Vacancy,True
2584,2024-09-08,06:39:39,0,Vacancy,0,Vacancy,True
2585,2024-09-08,06:39:55,0,Vacancy,0,Vacancy,True
2586,2024-09-08,06:40:11,0,Vacancy,0,Vacancy,True
2587,2024-09-08,06:40:27,0,Vacancy,0,Vacancy,True
2588,2024-09-08,06:40:43,0,Vacancy,0,Vacancy,True
2589,2024-09-08,06:40:59,0,Vacancy,0,Vacancy,True
2590,2024-09-08,06:41:15,0,Vacancy,0,Vacancy,True
2591,2024-09-08,06:41:31,0,Vacancy,0,Vacancy,True
2592,2024-09-08,06:41:47,0,Vacancy,0,Vacancy,True
2593,2024-09-08,06:42:03,0,Vacancy,0,Vacancy,True
2594,2024-09-08,06:42:19,0,Vacancy,0,Vacancy,True
2595,2024-09-08,06:42:35,0,Vacancy,0,Vacancy,True
2596,2024-09-08,06:42:51,0,Vacancy,0,Vacancy,True
2597,2024-09-08,06:43:07,0,Vacancy,0,Vacancy,True
2598,2024-09-08,06:43:23,0,Vacancy,0,Vacancy,True
2599,2024-09-08,06:43:39,0,Vacancy,0,Vacancy,True
2600,2024-09-08,06:43:55,0,Vacancy,0,Vacancy,True
2601,2024-09-08,06:44:11,0,Vacancy,0,Vacancy,True
2602,2024-09-08,06:44:27,0,Vacancy,0,Vacancy,True
2603,2024-09-08,06:44:43,0,Vacancy,0,Vacancy,True
2604,2024-09-08,06:44:59,0,Vacancy,0,Vacancy,True
2605,2024-09-08,06:45:15,0,Vacancy,0,Vacancy,True
2606,2024-09-08,06:45:31,0,Vacancy,0,Vacancy,True
2607,2024-09-08,06:45:47,0,Vacancy,0,Vacancy,True
2608,2024-09-08,06:46:03,0,Vacancy,0,Vacancy,True
2609,2024-09-08,06:46:19,0,Vacancy,0,Vacancy,True
2610,2024-09-08,06:46:35,0,Vacancy,0,Vacancy,True
2611,2024-09-08,06:46:51,0,Vacancy,0,Vacancy,True
2612,2024-09-08,06:47:07,0,Vacancy,0,Vacancy,True
2613,2024-09-08,06:47:23,0,Vacancy,0,Vacancy,True
2614,2024-09-08,06:47:39,0,Vacancy,0,Vacancy,True
2615,2024-09-08,06:47:55,0,Vacancy,0,Vacancy,True
2616,2024-09-08,06:48:11,0,Vacancy,0,Vacancy,True
2617,2024-09-08,06:48:27,0,Vacancy,0,Vacancy,True
2618,2024-09-08,06:48:43,0,Vacancy,0,Vacancy,True
2619,2024-09-08,06:48:59,0,Vacancy,0,Vacancy,True
2620,2024-09-08,06:49:15,0,Vacancy,0,Vacancy,True
2621,2024-09-08,06:49:31,0,Vacancy,0,Vacancy,True
2622,2024-09-08,06:49:47,0,Vacancy,0,Vacancy,True
2623,2024-09-08,06:50:03,0,Vacancy,0,Vacancy,True
2624,2024-09-08,06:50:19,0,Vacancy,0,Vacancy,True
2625,2024-09-08,06:50:36,0,Vacancy,0,Vacancy,True
2626,2024-09-08,06:50:51,0,Vacancy,0,Vacancy,True
2627,2024-09-08,06:51:07,0,Vacancy,0,Vacancy,True
2628,2024-09-08,06:51:23,0,Vacancy,0,Vacancy,True
2629,2024-09-08,06:51:39,0,Vacancy,0,Vacancy,True
2630,2024-09-08,06:51:55,0,Vacancy,0,Vacancy,True
2631,2024-09-08,06:52:11,0,Vacancy,0,Vacancy,True
2632,2024-09-08,06:52:28,0,Vacancy,0,Vacancy,True
2633,2024-09-08,06:52:44,0,Vacancy,0,Vacancy,True
2634,2024-09-08,06:52:59,0,Vacancy,0,Vacancy,True
2635,2024-09-08,06:53:15,0,Vacancy,0,Vacancy,True
2636,2024-09-08,06:53:32,0,Vacancy,0,Vacancy,True
2637,2024-09-08,06:53:48,0,Vacancy,0,Vacancy,True
2638,2024-09-08,06:54:03,0,Vacancy,0,Vacancy,True
2639,2024-09-08,06:54:20,0,Vacancy,0,Vacancy,True
2640,2024-09-08,06:54:36,0,Vacancy,0,Vacancy,True
2641,2024-09-08,06:54:52,0,Vacancy,0,Vacancy,True
2642,2024-09-08,06:55:07,0,Vacancy,0,Vacancy,True
2643,2024-09-08,06:55:24,0,Vacancy,0,Vacancy,True
2644,2024-09-08,06:55:40,0,Vacancy,0,Vacancy,True
2645,2024-09-08,06:55:56,0,Vacancy,0,Vacancy,True
2646,2024-09-08,06:56:12,0,Vacancy,0,Vacancy,True
2647,2024-09-08,06:56:28,0,Vacancy,0,Vacancy,True
2648,2024-09-08,06:56:44,0,Vacancy,0,Vacancy,True
2649,2024-09-08,06:57:00,0,Vacancy,0,Vacancy,True
2650,2024-09-08,06:57:16,0,Vacancy,0,Vacancy,True
2651,2024-09-08,06:57:32,0,Vacancy,0,Vacancy,True
2652,2024-09-08,06:57:48,0,Vacancy,0,Vacancy,True
2653,2024-09-08,06:58:04,0,Vacancy,0,Vacancy,True
2654,2024-09-08,06:58:20,0,Vacancy,0,Vacancy,True
2655,2024-09-08,06:58:36,0,Vacancy,0,Vacancy,True
2656,2024-09-08,06:58:52,0,Vacancy,0,Vacancy,True
2657,2024-09-08,06:59:08,0,Vacancy,0,Vacancy,True
2658,2024-09-08,06:59:24,0,Vacancy,0,Vacancy,True
2659,2024-09-08,06:59:40,0,Vacancy,0,Vacancy,True
2660,2024-09-08,06:59:56,0,Vacancy,0,Vacancy,True
2661,2024-09-08,07:00:12,0,Vacancy,0,Vacancy,True
2662,2024-09-08,07:00:28,0,Vacancy,0,Vacancy,True
2663,2024-09-08,07:00:44,0,Vacancy,0,Vacancy,True
2664,2024-09-08,07:01:00,0,Vacancy,0,Vacancy,True
2665,2024-09-08,07:01:16,0,Vacancy,0,Vacancy,True
2666,2024-09-08,07:01:32,0,Vacancy,0,Vacancy,True
2667,2024-09-08,07:01:48,0,Vacancy,0,Vacancy,True
2668,2024-09-08,07:02:04,0,Vacancy,0,Vacancy,True
2669,2024-09-08,07:02:20,0,Vacancy,0,Vacancy,True
2670,2024-09-08,07:02:36,0,Vacancy,0,Vacancy,True
2671,2024-09-08,07:02:52,0,Vacancy,0,Vacancy,True
2672,2024-09-08,07:03:08,0,Vacancy,0,Vacancy,True
2673,2024-09-08,07:03:24,0,Vacancy,0,Vacancy,True
2674,2024-09-08,07:03:40,0,Vacancy,0,Vacancy,True
2675,2024-09-08,07:03:56,0,Vacancy,0,Vacancy,True
2676,2024-09-08,07:04:12,0,Vacancy,0,Vacancy,True
2677,2024-09-08,07:04:28,0,Vacancy,0,Vacancy,True
2678,2024-09-08,07:04:44,0,Vacancy,0,Vacancy,True
2679,2024-09-08,07:05:00,0,Vacancy,0,Vacancy,True
2680,2024-09-08,07:05:16,0,Vacancy,0,Vacancy,True
2681,2024-09-08,07:05:32,0,Vacancy,0,Vacancy,True
2682,2024-09-08,07:05:48,0,Vacancy,0,Vacancy,True
2683,2024-09-08,07:06:04,0,Vacancy,0,Vacancy,True
2684,2024-09-08,07:06:20,0,Vacancy,0,Vacancy,True
2685,2024-09-08,07:06:36,0,Vacancy,0,Vacancy,True
2686,2024-09-08,07:06:52,0,Vacancy,0,Vacancy,True
2687,2024-09-08,07:07:08,0,Vacancy,0,Vacancy,True
2688,2024-09-08,07:07:24,0,Vacancy,0,Vacancy,True
2689,2024-09-08,07:07:40,0,Vacancy,0,Vacancy,True
2690,2024-09-08,07:07:56,0,Vacancy,0,Vacancy,True
2691,2024-09-08,07:08:12,0,Vacancy,0,Vacancy,True
2692,2024-09-08,07:08:28,0,Vacancy,0,Vacancy,True
2693,2024-09-08,07:08:44,0,Vacancy,0,Vacancy,True
2694,2024-09-08,07:09:00,0,Vacancy,0,Vacancy,True
2695,2024-09-08,07:09:16,0,Vacancy,0,Vacancy,True
2696,2024-09-08,07:09:32,0,Vacancy,0,Vacancy,True
2697,2024-09-08,07:09:48,0,Vacancy,0,Vacancy,True
2698,2024-09-08,07:10:04,0,Vacancy,0,Vacancy,True
2699,2024-09-08,07:10:20,0,Vacancy,0,Vacancy,True
2700,2024-09-08,07:10:36,0,Vacancy,0,Vacancy,True
2701,2024-09-08,07:10:52,0,Vacancy,0,Vacancy,True
2702,2024-09-08,07:11:08,0,Vacancy,0,Vacancy,True
2703,2024-09-08,07:11:24,0,Vacancy,0,Vacancy,True
2704,2024-09-08,07:11:40,0,Vacancy,0,Vacancy,True
2705,2024-09-08,07:11:56,0,Vacancy,0,Vacancy,True
2706,2024-09-08,07:12:12,0,Vacancy,0,Vacancy,True
2707,2024-09-08,07:12:28,0,Vacancy,0,Vacancy,True
2708,2024-09-08,07:12:44,0,Vacancy,0,Vacancy,True
2709,2024-09-08,07:13:00,0,Vacancy,0,Vacancy,True
2710,2024-09-08,07:13:16,0,Vacancy,0,Vacancy,True
2711,2024-09-08,07:13:32,0,Vacancy,0,Vacancy,True
2712,2024-09-08,07:13:48,0,Vacancy,0,Vacancy,True
2713,2024-09-08,07:14:04,0,Vacancy,0,Vacancy,True
2714,2024-09-08,07:14:20,0,Vacancy,0,Vacancy,True
2715,2024-09-08,07:14:36,0,Vacancy,0,Vacancy,True
2716,2024-09-08,07:14:52,0,Vacancy,0,Vacancy,True
2717,2024-09-08,07:15:08,0,Vacancy,0,Vacancy,True
2718,2024-09-08,07:15:24,0,Vacancy,0,Vacancy,True
2719,2024-09-08,07:15:40,0,Vacancy,0,Vacancy,True
2720,2024-09-08,07:15:56,0,Vacancy,0,Vacancy,True
2721,2024-09-08,07:16:12,0,Vacancy,0,Vacancy,True
2722,2024-09-08,07:16:28,0,Vacancy,0,Vacancy,True
2723,2024-09-08,07:16:44,0,Vacancy,0,Vacancy,True
2724,2024-09-08,07:17:00,0,Vacancy,0,Vacancy,True
2725,2024-09-08,07:17:16,0,Vacancy,0,Vacancy,True
2726,2024-09-08,07:17:32,0,Vacancy,0,Vacancy,True
2727,2024-09-08,07:17:48,0,Vacancy,0,Vacancy,True
2728,2024-09-08,07:18:04,0,Vacancy,0,Vacancy,True
2729,2024-09-08,07:18:20,0,Vacancy,0,Vacancy,True
2730,2024-09-08,07:18:36,0,Vacancy,0,Vacancy,True
2731,2024-09-08,07:18:52,0,Vacancy,0,Vacancy,True
2732,2024-09-08,07:19:08,0,Vacancy,0,Vacancy,True
2733,2024-09-08,07:19:24,0,Vacancy,0,Vacancy,True
2734,2024-09-08,07:19:40,0,Vacancy,0,Vacancy,True
2735,2024-09-08,07:19:56,0,Vacancy,0,Vacancy,True
2736,2024-09-08,07:20:12,0,Vacancy,0,Vacancy,True
2737,2024-09-08,07:20:28,0,Vacancy,0,Vacancy,True
2738,2024-09-08,07:20:44,0,Vacancy,0,Vacancy,True
2739,2024-09-08,07:21:00,0,Vacancy,0,Vacancy,True
2740,2024-09-08,07:21:16,0,Vacancy,0,Vacancy,True
2741,2024-09-08,07:21:32,0,Vacancy,0,Vacancy,True
2742,2024-09-08,07:21:48,0,Vacancy,0,Vacancy,True
2743,2024-09-08,07:22:04,0,Vacancy,0,Vacancy,True
2744,2024-09-08,07:22:20,0,Vacancy,0,Vacancy,True
2745,2024-09-08,07:22:36,0,Vacancy,0,Vacancy,True
2746,2024-09-08,07:22:53,0,Vacancy,3,Other activity/motion,False
2747,2024-09-08,07:23:08,0,Vacancy,0,Vacancy,True
2748,2024-09-08,07:23:24,0,Vacancy,0,Vacancy,True
2749,2024-09-08,07:23:40,0,Vacancy,0,Vacancy,True
2750,2024-09-08,07:23:56,0,Vacancy,0,Vacancy,True
2751,2024-09-08,07:24:12,0,Vacancy,0,Vacancy,True
2752,2024-09-08,07:24:28,0,Vacancy,0,Vacancy,True
2753,2024-09-08,07:24:44,0,Vacancy,0,Vacancy,True
2754,2024-09-08,07:25:00,0,Vacancy,0,Vacancy,True
2755,2024-09-08,07:25:16,0,Vacancy,0,Vacancy,True
2756,2024-09-08,07:25:32,0,Vacancy,0,Vacancy,True
2757,2024-09-08,07:25:48,0,Vacancy,0,Vacancy,True
2758,2024-09-08,07:26:04,0,Vacancy,0,Vacancy,True
2759,2024-09-08,07:26:20,0,Vacancy,0,Vacancy,True
2760,2024-09-08,07:26:36,0,Vacancy,0,Vacancy,True
2761,2024-09-08,07:26:52,0,Vacancy,0,Vacancy,True
2762,2024-09-08,07:27:08,0,Vacancy,0,Vacancy,True
2763,2024-09-08,07:27:24,0,Vacancy,0,Vacancy,True
2764,2024-09-08,07:27:40,0,Vacancy,0,Vacancy,True
2765,2024-09-08,07:27:56,0,Vacancy,0,Vacancy,True
2766,2024-09-08,07:28:12,0,Vacancy,0,Vacancy,True
2767,2024-09-08,07:28:28,0,Vacancy,0,Vacancy,True
2768,2024-09-08,07:28:44,0,Vacancy,0,Vacancy,True
2769,2024-09-08,07:29:00,0,Vacancy,0,Vacancy,True
2770,2024-09-08,07:29:16,0,Vacancy,0,Vacancy,True
2771,2024-09-08,07:29:32,0,Vacancy,0,Vacancy,True
2772,2024-09-08,07:29:48,0,Vacancy,0,Vacancy,True
2773,2024-09-08,07:30:04,0,Vacancy,0,Vacancy,True
2774,2024-09-08,07:30:20,0,Vacancy,0,Vacancy,True
2775,2024-09-08,07:30:36,0,Vacancy,0,Vacancy,True
2776,2024-09-08,07:30:52,0,Vacancy,0,Vacancy,True
2777,2024-09-08,07:31:08,0,Vacancy,0,Vacancy,True
2778,2024-09-08,07:31:24,0,Vacancy,0,Vacancy,True
2779,2024-09-08,07:31:40,0,Vacancy,0,Vacancy,True
2780,2024-09-08,07:31:56,0,Vacancy,0,Vacancy,True
2781,2024-09-08,07:32:12,0,Vacancy,0,Vacancy,True
2782,2024-09-08,07:32:28,0,Vacancy,0,Vacancy,True
2783,2024-09-08,07:32:44,0,Vacancy,0,Vacancy,True
2784,2024-09-08,07:33:00,0,Vacancy,0,Vacancy,True
2785,2024-09-08,07:33:16,0,Vacancy,0,Vacancy,True
2786,2024-09-08,07:33:32,0,Vacancy,0,Vacancy,True
2787,2024-09-08,07:33:48,0,Vacancy,0,Vacancy,True
2788,2024-09-08,07:34:05,0,Vacancy,0,Vacancy,True
2789,2024-09-08,07:34:20,0,Vacancy,0,Vacancy,True
2790,2024-09-08,07:34:36,0,Vacancy,0,Vacancy,True
2791,2024-09-08,07:34:52,0,Vacancy,0,Vacancy,True
2792,2024-09-08,07:35:08,0,Vacancy,0,Vacancy,True
2793,2024-09-08,07:35:24,0,Vacancy,0,Vacancy,True
2794,2024-09-08,07:35:40,0,Vacancy,0,Vacancy,True
2795,2024-09-08,07:35:57,0,Vacancy,0,Vacancy,True
2796,2024-09-08,07:36:12,0,Vacancy,0,Vacancy,True
2797,2024-09-08,07:36:29,0,Vacancy,0,Vacancy,True
2798,2024-09-08,07:36:44,0,Vacancy,0,Vacancy,True
2799,2024-09-08,07:37:01,0,Vacancy,0,Vacancy,True
2800,2024-09-08,07:37:16,0,Vacancy,0,Vacancy,True
2801,2024-09-08,07:37:32,0,Vacancy,0,Vacancy,True
2802,2024-09-08,07:37:49,0,Vacancy,0,Vacancy,True
2803,2024-09-08,07:38:04,0,Vacancy,0,Vacancy,True
2804,2024-09-08,07:38:21,0,Vacancy,0,Vacancy,True
2805,2024-09-08,07:38:37,0,Vacancy,0,Vacancy,True
2806,2024-09-08,07:38:53,0,Vacancy,0,Vacancy,True
2807,2024-09-08,07:39:09,0,Vacancy,0,Vacancy,True
2808,2024-09-08,07:39:25,0,Vacancy,0,Vacancy,True
2809,2024-09-08,07:39:41,0,Vacancy,0,Vacancy,True
2810,2024-09-08,07:39:57,0,Vacancy,0,Vacancy,True
2811,2024-09-08,07:40:13,0,Vacancy,0,Vacancy,True
2812,2024-09-08,07:40:29,0,Vacancy,0,Vacancy,True
2813,2024-09-08,07:40:45,0,Vacancy,0,Vacancy,True
2814,2024-09-08,07:41:01,0,Vacancy,0,Vacancy,True
2815,2024-09-08,07:41:17,0,Vacancy,0,Vacancy,True
2816,2024-09-08,07:41:33,0,Vacancy,0,Vacancy,True
2817,2024-09-08,07:41:49,0,Vacancy,0,Vacancy,True
2818,2024-09-08,07:42:05,0,Vacancy,0,Vacancy,True
2819,2024-09-08,07:42:21,0,Vacancy,0,Vacancy,True
2820,2024-09-08,07:42:37,0,Vacancy,0,Vacancy,True
2821,2024-09-08,07:42:53,0,Vacancy,0,Vacancy,True
2822,2024-09-08,07:43:09,0,Vacancy,0,Vacancy,True
2823,2024-09-08,07:43:25,0,Vacancy,0,Vacancy,True
2824,2024-09-08,07:43:41,0,Vacancy,0,Vacancy,True
2825,2024-09-08,07:43:57,0,Vacancy,0,Vacancy,True
2826,2024-09-08,07:44:13,0,Vacancy,0,Vacancy,True
2827,2024-09-08,07:44:29,0,Vacancy,0,Vacancy,True
2828,2024-09-08,07:44:45,0,Vacancy,0,Vacancy,True
2829,2024-09-08,07:45:01,0,Vacancy,0,Vacancy,True
2830,2024-09-08,07:45:17,0,Vacancy,0,Vacancy,True
2831,2024-09-08,07:45:33,0,Vacancy,0,Vacancy,True
2832,2024-09-08,07:45:49,0,Vacancy,0,Vacancy,True
2833,2024-09-08,07:46:05,0,Vacancy,0,Vacancy,True
2834,2024-09-08,07:46:21,0,Vacancy,0,Vacancy,True
2835,2024-09-08,07:46:37,0,Vacancy,0,Vacancy,True
2836,2024-09-08,07:46:53,0,Vacancy,0,Vacancy,True
2837,2024-09-08,07:47:09,0,Vacancy,0,Vacancy,True
2838,2024-09-08,07:47:25,0,Vacancy,0,Vacancy,True
2839,2024-09-08,07:47:41,0,Vacancy,0,Vacancy,True
2840,2024-09-08,07:47:57,0,Vacancy,0,Vacancy,True
2841,2024-09-08,07:48:13,0,Vacancy,0,Vacancy,True
2842,2024-09-08,07:48:29,0,Vacancy,0,Vacancy,True
2843,2024-09-08,07:48:45,0,Vacancy,0,Vacancy,True
2844,2024-09-08,07:49:01,0,Vacancy,0,Vacancy,True
2845,2024-09-08,07:49:17,0,Vacancy,0,Vacancy,True
2846,2024-09-08,07:49:33,0,Vacancy,0,Vacancy,True
2847,2024-09-08,07:49:49,0,Vacancy,0,Vacancy,True
2848,2024-09-08,07:50:05,0,Vacancy,0,Vacancy,True
2849,2024-09-08,07:50:21,0,Vacancy,0,Vacancy,True
2850,2024-09-08,07:50:37,0,Vacancy,0,Vacancy,True
2851,2024-09-08,07:50:53,0,Vacancy,0,Vacancy,True
2852,2024-09-08,07:51:09,0,Vacancy,0,Vacancy,True
2853,2024-09-08,07:51:25,0,Vacancy,0,Vacancy,True
2854,2024-09-08,07:51:41,0,Vacancy,0,Vacancy,True
2855,2024-09-08,07:51:57,0,Vacancy,0,Vacancy,True
2856,2024-09-08,07:52:13,0,Vacancy,0,Vacancy,True
2857,2024-09-08,07:52:29,0,Vacancy,0,Vacancy,True
2858,2024-09-08,07:52:45,0,Vacancy,0,Vacancy,True
2859,2024-09-08,07:53:01,0,Vacancy,0,Vacancy,True
2860,2024-09-08,07:53:17,0,Vacancy,0,Vacancy,True
2861,2024-09-08,07:53:33,0,Vacancy,0,Vacancy,True
2862,2024-09-08,07:53:49,0,Vacancy,0,Vacancy,True
2863,2024-09-08,07:54:05,0,Vacancy,0,Vacancy,True
2864,2024-09-08,07:54:21,0,Vacancy,0,Vacancy,True
2865,2024-09-08,07:54:37,0,Vacancy,0,Vacancy,True
2866,2024-09-08,07:54:53,0,Vacancy,0,Vacancy,True
2867,2024-09-08,07:55:09,0,Vacancy,0,Vacancy,True
2868,2024-09-08,07:55:25,0,Vacancy,0,Vacancy,True
2869,2024-09-08,07:55:41,0,Vacancy,0,Vacancy,True
2870,2024-09-08,07:55:57,0,Vacancy,0,Vacancy,True
2871,2024-09-08,07:56:13,0,Vacancy,0,Vacancy,True
2872,2024-09-08,07:56:29,0,Vacancy,0,Vacancy,True
2873,2024-09-08,07:56:45,0,Vacancy,0,Vacancy,True
2874,2024-09-08,07:57:01,0,Vacancy,0,Vacancy,True
2875,2024-09-08,07:57:17,0,Vacancy,0,Vacancy,True
2876,2024-09-08,07:57:33,0,Vacancy,0,Vacancy,True
2877,2024-09-08,07:57:49,0,Vacancy,0,Vacancy,True
2878,2024-09-08,07:58:05,0,Vacancy,0,Vacancy,True
2879,2024-09-08,07:58:21,0,Vacancy,0,Vacancy,True
2880,2024-09-08,07:58:37,0,Vacancy,0,Vacancy,True
2881,2024-09-08,07:58:53,0,Vacancy,0,Vacancy,True
2882,2024-09-08,07:59:09,0,Vacancy,0,Vacancy,True
2883,2024-09-08,07:59:25,0,Vacancy,0,Vacancy,True
2884,2024-09-08,07:59:41,0,Vacancy,0,Vacancy,True
2885,2024-09-08,07:59:57,0,Vacancy,0,Vacancy,True
2886,2024-09-08,08:00:13,0,Vacancy,0,Vacancy,True
2887,2024-09-08,08:00:29,0,Vacancy,0,Vacancy,True
2888,2024-09-08,08:00:45,0,Vacancy,0,Vacancy,True
2889,2024-09-08,08:01:01,0,Vacancy,0,Vacancy,True
2890,2024-09-08,08:01:17,0,Vacancy,0,Vacancy,True
2891,2024-09-08,08:01:33,0,Vacancy,0,Vacancy,True
2892,2024-09-08,08:01:49,0,Vacancy,0,Vacancy,True
2893,2024-09-08,08:02:05,0,Vacancy,0,Vacancy,True
2894,2024-09-08,08:02:21,0,Vacancy,0,Vacancy,True
2895,2024-09-08,08:02:37,0,Vacancy,0,Vacancy,True
2896,2024-09-08,08:02:53,0,Vacancy,0,Vacancy,True
2897,2024-09-08,08:03:09,0,Vacancy,0,Vacancy,True
2898,2024-09-08,08:03:25,0,Vacancy,0,Vacancy,True
2899,2024-09-08,08:03:41,0,Vacancy,0,Vacancy,True
2900,2024-09-08,08:03:57,0,Vacancy,0,Vacancy,True
2901,2024-09-08,08:04:13,0,Vacancy,0,Vacancy,True
2902,2024-09-08,08:04:29,0,Vacancy,0,Vacancy,True
2903,2024-09-08,08:04:45,0,Vacancy,0,Vacancy,True
2904,2024-09-08,08:05:01,0,Vacancy,0,Vacancy,True
2905,2024-09-08,08:05:17,0,Vacancy,0,Vacancy,True
2906,2024-09-08,08:05:33,0,Vacancy,0,Vacancy,True
2907,2024-09-08,08:05:49,0,Vacancy,0,Vacancy,True
2908,2024-09-08,08:06:05,0,Vacancy,0,Vacancy,True
2909,2024-09-08,08:06:21,0,Vacancy,0,Vacancy,True
2910,2024-09-08,08:06:37,0,Vacancy,0,Vacancy,True
2911,2024-09-08,08:06:53,0,Vacancy,0,Vacancy,True
2912,2024-09-08,08:07:09,0,Vacancy,0,Vacancy,True
2913,2024-09-08,08:07:25,0,Vacancy,0,Vacancy,True
2914,2024-09-08,08:07:41,0,Vacancy,0,Vacancy,True
2915,2024-09-08,08:07:57,0,Vacancy,0,Vacancy,True
2916,2024-09-08,08:08:13,0,Vacancy,0,Vacancy,True
2917,2024-09-08,08:08:29,0,Vacancy,0,Vacancy,True
2918,2024-09-08,08:08:45,0,Vacancy,0,Vacancy,True
2919,2024-09-08,08:09:01,0,Vacancy,0,Vacancy,True
2920,2024-09-08,08:09:17,0,Vacancy,0,Vacancy,True
2921,2024-09-08,08:09:33,0,Vacancy,0,Vacancy,True
2922,2024-09-08,08:09:49,0,Vacancy,0,Vacancy,True
2923,2024-09-08,08:10:05,0,Vacancy,0,Vacancy,True
2924,2024-09-08,08:10:21,0,Vacancy,0,Vacancy,True
2925,2024-09-08,08:10:37,0,Vacancy,0,Vacancy,True
2926,2024-09-08,08:10:53,0,Vacancy,0,Vacancy,True
2927,2024-09-08,08:11:09,0,Vacancy,0,Vacancy,True
2928,2024-09-08,08:11:25,0,Vacancy,0,Vacancy,True
2929,2024-09-08,08:11:41,0,Vacancy,0,Vacancy,True
2930,2024-09-08,08:11:57,0,Vacancy,0,Vacancy,True
2931,2024-09-08,08:12:13,0,Vacancy,0,Vacancy,True
2932,2024-09-08,08:12:29,0,Vacancy,0,Vacancy,True
2933,2024-09-08,08:12:45,0,Vacancy,0,Vacancy,True
2934,2024-09-08,08:13:01,1,Stationary human presence,0,Vacancy,False
2935,2024-09-08,08:13:17,0,Vacancy,0,Vacancy,True
2936,2024-09-08,08:13:33,0,Vacancy,0,Vacancy,True
2937,2024-09-08,08:13:49,0,Vacancy,0,Vacancy,True
2938,2024-09-08,08:14:05,0,Vacancy,0,Vacancy,True
2939,2024-09-08,08:14:21,0,Vacancy,0,Vacancy,True
2940,2024-09-08,08:14:37,0,Vacancy,0,Vacancy,True
2941,2024-09-08,08:14:53,0,Vacancy,0,Vacancy,True
2942,2024-09-08,08:15:09,0,Vacancy,0,Vacancy,True
2943,2024-09-08,08:15:25,0,Vacancy,0,Vacancy,True
2944,2024-09-08,08:15:41,0,Vacancy,0,Vacancy,True
2945,2024-09-08,08:15:57,0,Vacancy,0,Vacancy,True
2946,2024-09-08,08:16:13,0,Vacancy,0,Vacancy,True
2947,2024-09-08,08:16:29,0,Vacancy,0,Vacancy,True
2948,2024-09-08,08:16:45,0,Vacancy,0,Vacancy,True
2949,2024-09-08,08:17:01,0,Vacancy,0,Vacancy,True
2950,2024-09-08,08:17:17,0,Vacancy,0,Vacancy,True
2951,2024-09-08,08:17:33,0,Vacancy,0,Vacancy,True
2952,2024-09-08,08:17:49,0,Vacancy,0,Vacancy,True
2953,2024-09-08,08:18:05,0,Vacancy,0,Vacancy,True
2954,2024-09-08,08:18:21,0,Vacancy,0,Vacancy,True
2955,2024-09-08,08:18:37,0,Vacancy,0,Vacancy,True
2956,2024-09-08,08:18:53,0,Vacancy,0,Vacancy,True
2957,2024-09-08,08:19:09,0,Vacancy,0,Vacancy,True
2958,2024-09-08,08:19:25,0,Vacancy,0,Vacancy,True
2959,2024-09-08,08:19:41,0,Vacancy,0,Vacancy,True
2960,2024-09-08,08:19:57,0,Vacancy,0,Vacancy,True
2961,2024-09-08,08:20:13,0,Vacancy,0,Vacancy,True
2962,2024-09-08,08:20:29,0,Vacancy,0,Vacancy,True
2963,2024-09-08,08:20:45,0,Vacancy,0,Vacancy,True
2964,2024-09-08,08:21:01,0,Vacancy,0,Vacancy,True
2965,2024-09-08,08:21:18,0,Vacancy,0,Vacancy,True
2966,2024-09-08,08:21:33,0,Vacancy,0,Vacancy,True
2967,2024-09-08,08:21:50,0,Vacancy,0,Vacancy,True
2968,2024-09-08,08:22:05,0,Vacancy,0,Vacancy,True
2969,2024-09-08,08:22:22,0,Vacancy,0,Vacancy,True
2970,2024-09-08,08:22:37,0,Vacancy,0,Vacancy,True
2971,2024-09-08,08:22:54,0,Vacancy,0,Vacancy,True
2972,2024-09-08,08:23:09,0,Vacancy,0,Vacancy,True
2973,2024-09-08,08:23:26,0,Vacancy,0,Vacancy,True
2974,2024-09-08,08:23:42,0,Vacancy,0,Vacancy,True
2975,2024-09-08,08:23:58,0,Vacancy,0,Vacancy,True
2976,2024-09-08,08:24:14,0,Vacancy,0,Vacancy,True
2977,2024-09-08,08:24:30,0,Vacancy,0,Vacancy,True
2978,2024-09-08,08:24:46,0,Vacancy,0,Vacancy,True
2979,2024-09-08,08:25:02,0,Vacancy,0,Vacancy,True
2980,2024-09-08,08:25:18,0,Vacancy,0,Vacancy,True
2981,2024-09-08,08:25:34,0,Vacancy,0,Vacancy,True
2982,2024-09-08,08:25:50,0,Vacancy,0,Vacancy,True
2983,2024-09-08,08:26:06,0,Vacancy,0,Vacancy,True
2984,2024-09-08,08:26:22,0,Vacancy,0,Vacancy,True
2985,2024-09-08,08:26:38,0,Vacancy,0,Vacancy,True
2986,2024-09-08,08:26:56,1,Stationary human presence,3,Other activity/motion,False
2987,2024-09-08,08:27:10,0,Vacancy,0,Vacancy,True
2988,2024-09-08,08:27:26,0,Vacancy,0,Vacancy,True
2989,2024-09-08,08:27:42,0,Vacancy,0,Vacancy,True
2990,2024-09-08,08:27:58,0,Vacancy,0,Vacancy,True
2991,2024-09-08,08:28:14,0,Vacancy,0,Vacancy,True
2992,2024-09-08,08:28:30,0,Vacancy,0,Vacancy,True
2993,2024-09-08,08:28:46,0,Vacancy,0,Vacancy,True
2994,2024-09-08,08:29:02,0,Vacancy,0,Vacancy,True
2995,2024-09-08,08:29:18,0,Vacancy,0,Vacancy,True
2996,2024-09-08,08:29:34,0,Vacancy,0,Vacancy,True
2997,2024-09-08,08:29:50,0,Vacancy,0,Vacancy,True
2998,2024-09-08,08:30:06,0,Vacancy,0,Vacancy,True
2999,2024-09-08,08:30:22,0,Vacancy,0,Vacancy,True
3000,2024-09-08,08:30:38,0,Vacancy,0,Vacancy,True
3001,2024-09-08,08:30:54,0,Vacancy,0,Vacancy,True
3002,2024-09-08,08:31:10,0,Vacancy,0,Vacancy,True
3003,2024-09-08,08:31:26,0,Vacancy,0,Vacancy,True
3004,2024-09-08,08:31:42,0,Vacancy,0,Vacancy,True
3005,2024-09-08,08:31:58,0,Vacancy,0,Vacancy,True
3006,2024-09-08,08:32:14,0,Vacancy,0,Vacancy,True
3007,2024-09-08,08:32:30,0,Vacancy,0,Vacancy,True
3008,2024-09-08,08:32:46,0,Vacancy,0,Vacancy,True
3009,2024-09-08,08:33:02,0,Vacancy,0,Vacancy,True
3010,2024-09-08,08:33:18,0,Vacancy,0,Vacancy,True
3011,2024-09-08,08:33:34,0,Vacancy,0,Vacancy,True
3012,2024-09-08,08:33:50,0,Vacancy,0,Vacancy,True
3013,2024-09-08,08:34:06,0,Vacancy,0,Vacancy,True
3014,2024-09-08,08:34:22,0,Vacancy,0,Vacancy,True
3015,2024-09-08,08:34:38,0,Vacancy,0,Vacancy,True
3016,2024-09-08,08:34:54,0,Vacancy,0,Vacancy,True
3017,2024-09-08,08:35:10,0,Vacancy,0,Vacancy,True
3018,2024-09-08,08:35:26,1,Stationary human presence,0,Vacancy,False
3019,2024-09-08,08:35:42,0,Vacancy,0,Vacancy,True
3020,2024-09-08,08:35:58,0,Vacancy,0,Vacancy,True
3021,2024-09-08,08:36:14,0,Vacancy,0,Vacancy,True
3022,2024-09-08,08:36:30,0,Vacancy,0,Vacancy,True
3023,2024-09-08,08:36:46,0,Vacancy,0,Vacancy,True
3024,2024-09-08,08:37:02,0,Vacancy,0,Vacancy,True
3025,2024-09-08,08:37:18,0,Vacancy,0,Vacancy,True
3026,2024-09-08,08:37:34,0,Vacancy,0,Vacancy,True
3027,2024-09-08,08:37:50,0,Vacancy,0,Vacancy,True
3028,2024-09-08,08:38:06,0,Vacancy,0,Vacancy,True
3029,2024-09-08,08:38:22,0,Vacancy,0,Vacancy,True
3030,2024-09-08,08:38:38,0,Vacancy,0,Vacancy,True
3031,2024-09-08,08:38:54,0,Vacancy,0,Vacancy,True
3032,2024-09-08,08:39:10,0,Vacancy,0,Vacancy,True
3033,2024-09-08,08:39:26,0,Vacancy,0,Vacancy,True
3034,2024-09-08,08:39:42,0,Vacancy,0,Vacancy,True
3035,2024-09-08,08:39:58,0,Vacancy,0,Vacancy,True
3036,2024-09-08,08:40:14,0,Vacancy,0,Vacancy,True
3037,2024-09-08,08:40:30,0,Vacancy,0,Vacancy,True
3038,2024-09-08,08:40:46,0,Vacancy,0,Vacancy,True
3039,2024-09-08,08:41:02,0,Vacancy,0,Vacancy,True
3040,2024-09-08,08:41:18,0,Vacancy,0,Vacancy,True
3041,2024-09-08,08:41:34,0,Vacancy,0,Vacancy,True
3042,2024-09-08,08:41:50,0,Vacancy,0,Vacancy,True
3043,2024-09-08,08:42:06,0,Vacancy,0,Vacancy,True
3044,2024-09-08,08:42:22,0,Vacancy,0,Vacancy,True
3045,2024-09-08,08:42:38,0,Vacancy,0,Vacancy,True
3046,2024-09-08,08:42:54,0,Vacancy,0,Vacancy,True
3047,2024-09-08,08:43:10,0,Vacancy,0,Vacancy,True
3048,2024-09-08,08:43:26,0,Vacancy,0,Vacancy,True
3049,2024-09-08,08:43:42,0,Vacancy,0,Vacancy,True
3050,2024-09-08,08:43:58,0,Vacancy,0,Vacancy,True
3051,2024-09-08,08:44:14,0,Vacancy,0,Vacancy,True
3052,2024-09-08,08:44:30,0,Vacancy,0,Vacancy,True
3053,2024-09-08,08:44:46,0,Vacancy,0,Vacancy,True
3054,2024-09-08,08:45:02,0,Vacancy,0,Vacancy,True
3055,2024-09-08,08:45:18,0,Vacancy,0,Vacancy,True
3056,2024-09-08,08:45:34,0,Vacancy,0,Vacancy,True
3057,2024-09-08,08:45:50,0,Vacancy,0,Vacancy,True
3058,2024-09-08,08:46:06,0,Vacancy,0,Vacancy,True
3059,2024-09-08,08:46:22,0,Vacancy,0,Vacancy,True
3060,2024-09-08,08:46:38,0,Vacancy,0,Vacancy,True
3061,2024-09-08,08:46:54,0,Vacancy,0,Vacancy,True
3062,2024-09-08,08:47:10,0,Vacancy,0,Vacancy,True
3063,2024-09-08,08:47:26,0,Vacancy,0,Vacancy,True
3064,2024-09-08,08:47:42,0,Vacancy,0,Vacancy,True
3065,2024-09-08,08:47:58,0,Vacancy,0,Vacancy,True
3066,2024-09-08,08:48:14,0,Vacancy,0,Vacancy,True
3067,2024-09-08,08:48:30,0,Vacancy,0,Vacancy,True
3068,2024-09-08,08:48:46,0,Vacancy,0,Vacancy,True
3069,2024-09-08,08:49:02,0,Vacancy,0,Vacancy,True
3070,2024-09-08,08:49:18,0,Vacancy,0,Vacancy,True
3071,2024-09-08,08:49:34,0,Vacancy,0,Vacancy,True
3072,2024-09-08,08:49:50,0,Vacancy,0,Vacancy,True
3073,2024-09-08,08:50:06,0,Vacancy,0,Vacancy,True
3074,2024-09-08,08:50:22,0,Vacancy,0,Vacancy,True
3075,2024-09-08,08:50:38,0,Vacancy,0,Vacancy,True
3076,2024-09-08,08:50:54,0,Vacancy,0,Vacancy,True
3077,2024-09-08,08:51:10,0,Vacancy,0,Vacancy,True
3078,2024-09-08,08:51:26,0,Vacancy,0,Vacancy,True
3079,2024-09-08,08:51:42,0,Vacancy,0,Vacancy,True
3080,2024-09-08,08:51:58,0,Vacancy,0,Vacancy,True
3081,2024-09-08,08:52:14,0,Vacancy,0,Vacancy,True
3082,2024-09-08,08:52:30,0,Vacancy,0,Vacancy,True
3083,2024-09-08,08:52:46,0,Vacancy,0,Vacancy,True
3084,2024-09-08,08:53:02,0,Vacancy,0,Vacancy,True
3085,2024-09-08,08:53:18,0,Vacancy,0,Vacancy,True
3086,2024-09-08,08:53:34,0,Vacancy,0,Vacancy,True
3087,2024-09-08,08:53:50,0,Vacancy,0,Vacancy,True
3088,2024-09-08,08:54:06,0,Vacancy,0,Vacancy,True
3089,2024-09-08,08:54:22,0,Vacancy,0,Vacancy,True
3090,2024-09-08,08:54:38,0,Vacancy,0,Vacancy,True
3091,2024-09-08,08:54:54,0,Vacancy,0,Vacancy,True
3092,2024-09-08,08:55:10,0,Vacancy,0,Vacancy,True
3093,2024-09-08,08:55:26,0,Vacancy,0,Vacancy,True
3094,2024-09-08,08:55:42,0,Vacancy,0,Vacancy,True
3095,2024-09-08,08:55:58,0,Vacancy,0,Vacancy,True
3096,2024-09-08,08:56:14,0,Vacancy,0,Vacancy,True
3097,2024-09-08,08:56:30,0,Vacancy,0,Vacancy,True
3098,2024-09-08,08:56:46,0,Vacancy,0,Vacancy,True
3099,2024-09-08,08:57:02,0,Vacancy,0,Vacancy,True
3100,2024-09-08,08:57:18,0,Vacancy,0,Vacancy,True
3101,2024-09-08,08:57:34,0,Vacancy,0,Vacancy,True
3102,2024-09-08,08:57:50,0,Vacancy,0,Vacancy,True
3103,2024-09-08,08:58:06,0,Vacancy,0,Vacancy,True
3104,2024-09-08,08:58:22,0,Vacancy,0,Vacancy,True
3105,2024-09-08,08:58:38,0,Vacancy,0,Vacancy,True
3106,2024-09-08,08:58:54,0,Vacancy,0,Vacancy,True
3107,2024-09-08,08:59:10,0,Vacancy,0,Vacancy,True
3108,2024-09-08,08:59:26,0,Vacancy,0,Vacancy,True
3109,2024-09-08,08:59:42,0,Vacancy,0,Vacancy,True
3110,2024-09-08,08:59:58,0,Vacancy,0,Vacancy,True
3111,2024-09-08,09:00:14,0,Vacancy,0,Vacancy,True
3112,2024-09-08,09:00:30,0,Vacancy,0,Vacancy,True
3113,2024-09-08,09:00:46,0,Vacancy,0,Vacancy,True
3114,2024-09-08,09:01:02,0,Vacancy,0,Vacancy,True
3115,2024-09-08,09:01:18,0,Vacancy,0,Vacancy,True
3116,2024-09-08,09:01:34,0,Vacancy,0,Vacancy,True
3117,2024-09-08,09:01:50,0,Vacancy,0,Vacancy,True
3118,2024-09-08,09:02:06,0,Vacancy,0,Vacancy,True
3119,2024-09-08,09:02:22,0,Vacancy,0,Vacancy,True
3120,2024-09-08,09:02:38,0,Vacancy,0,Vacancy,True
3121,2024-09-08,09:02:54,0,Vacancy,0,Vacancy,True
3122,2024-09-08,09:03:10,0,Vacancy,0,Vacancy,True
3123,2024-09-08,09:03:26,0,Vacancy,0,Vacancy,True
3124,2024-09-08,09:03:42,0,Vacancy,0,Vacancy,True
3125,2024-09-08,09:03:58,0,Vacancy,0,Vacancy,True
3126,2024-09-08,09:04:14,0,Vacancy,0,Vacancy,True
3127,2024-09-08,09:04:30,0,Vacancy,0,Vacancy,True
3128,2024-09-08,09:04:46,0,Vacancy,0,Vacancy,True
3129,2024-09-08,09:05:02,0,Vacancy,0,Vacancy,True
3130,2024-09-08,09:05:18,0,Vacancy,0,Vacancy,True
3131,2024-09-08,09:05:34,0,Vacancy,0,Vacancy,True
3132,2024-09-08,09:05:51,0,Vacancy,0,Vacancy,True
3133,2024-09-08,09:06:06,0,Vacancy,0,Vacancy,True
3134,2024-09-08,09:06:23,0,Vacancy,0,Vacancy,True
3135,2024-09-08,09:06:38,0,Vacancy,0,Vacancy,True
3136,2024-09-08,09:06:55,0,Vacancy,0,Vacancy,True
3137,2024-09-08,09:07:10,0,Vacancy,0,Vacancy,True
3138,2024-09-08,09:07:27,0,Vacancy,0,Vacancy,True
3139,2024-09-08,09:07:43,0,Vacancy,0,Vacancy,True
3140,2024-09-08,09:07:59,0,Vacancy,0,Vacancy,True
3141,2024-09-08,09:08:15,0,Vacancy,0,Vacancy,True
3142,2024-09-08,09:08:31,0,Vacancy,0,Vacancy,True
3143,2024-09-08,09:08:47,0,Vacancy,0,Vacancy,True
3144,2024-09-08,09:09:03,0,Vacancy,0,Vacancy,True
3145,2024-09-08,09:09:19,0,Vacancy,0,Vacancy,True
3146,2024-09-08,09:09:35,0,Vacancy,0,Vacancy,True
3147,2024-09-08,09:09:51,0,Vacancy,0,Vacancy,True
3148,2024-09-08,09:10:07,0,Vacancy,0,Vacancy,True
3149,2024-09-08,09:10:23,0,Vacancy,0,Vacancy,True
3150,2024-09-08,09:10:39,0,Vacancy,0,Vacancy,True
3151,2024-09-08,09:10:55,0,Vacancy,0,Vacancy,True
3152,2024-09-08,09:11:11,0,Vacancy,0,Vacancy,True
3153,2024-09-08,09:11:27,0,Vacancy,0,Vacancy,True
3154,2024-09-08,09:11:43,0,Vacancy,0,Vacancy,True
3155,2024-09-08,09:11:59,0,Vacancy,0,Vacancy,True
3156,2024-09-08,09:12:15,0,Vacancy,0,Vacancy,True
3157,2024-09-08,09:12:31,0,Vacancy,0,Vacancy,True
3158,2024-09-08,09:12:47,0,Vacancy,0,Vacancy,True
3159,2024-09-08,09:13:03,0,Vacancy,0,Vacancy,True
3160,2024-09-08,09:13:19,0,Vacancy,0,Vacancy,True
3161,2024-09-08,09:13:35,0,Vacancy,0,Vacancy,True
3162,2024-09-08,09:13:51,0,Vacancy,0,Vacancy,True
3163,2024-09-08,09:14:07,0,Vacancy,0,Vacancy,True
3164,2024-09-08,09:14:23,0,Vacancy,0,Vacancy,True
3165,2024-09-08,09:14:39,0,Vacancy,0,Vacancy,True
3166,2024-09-08,09:14:55,0,Vacancy,0,Vacancy,True
3167,2024-09-08,09:15:11,0,Vacancy,0,Vacancy,True
3168,2024-09-08,09:15:27,0,Vacancy,0,Vacancy,True
3169,2024-09-08,09:15:43,0,Vacancy,0,Vacancy,True
3170,2024-09-08,09:15:59,0,Vacancy,0,Vacancy,True
3171,2024-09-08,09:16:15,0,Vacancy,0,Vacancy,True
3172,2024-09-08,09:16:31,0,Vacancy,0,Vacancy,True
3173,2024-09-08,09:16:47,0,Vacancy,0,Vacancy,True
3174,2024-09-08,09:17:03,0,Vacancy,0,Vacancy,True
3175,2024-09-08,09:17:19,0,Vacancy,0,Vacancy,True
3176,2024-09-08,09:17:35,0,Vacancy,0,Vacancy,True
3177,2024-09-08,09:17:51,0,Vacancy,0,Vacancy,True
3178,2024-09-08,09:18:07,0,Vacancy,0,Vacancy,True
3179,2024-09-08,09:18:23,0,Vacancy,0,Vacancy,True
3180,2024-09-08,09:18:39,0,Vacancy,0,Vacancy,True
3181,2024-09-08,09:18:55,0,Vacancy,0,Vacancy,True
3182,2024-09-08,09:19:11,0,Vacancy,0,Vacancy,True
3183,2024-09-08,09:19:27,0,Vacancy,0,Vacancy,True
3184,2024-09-08,09:19:43,0,Vacancy,0,Vacancy,True
3185,2024-09-08,09:19:59,0,Vacancy,0,Vacancy,True
3186,2024-09-08,09:20:15,0,Vacancy,0,Vacancy,True
3187,2024-09-08,09:20:31,0,Vacancy,0,Vacancy,True
3188,2024-09-08,09:20:47,0,Vacancy,0,Vacancy,True
3189,2024-09-08,09:21:03,0,Vacancy,0,Vacancy,True
3190,2024-09-08,09:21:19,0,Vacancy,0,Vacancy,True
3191,2024-09-08,09:21:35,0,Vacancy,0,Vacancy,True
3192,2024-09-08,09:21:51,0,Vacancy,0,Vacancy,True
3193,2024-09-08,09:22:07,0,Vacancy,0,Vacancy,True
3194,2024-09-08,09:22:23,0,Vacancy,0,Vacancy,True
3195,2024-09-08,09:22:39,0,Vacancy,0,Vacancy,True
3196,2024-09-08,09:22:55,0,Vacancy,0,Vacancy,True
3197,2024-09-08,09:23:11,0,Vacancy,0,Vacancy,True
3198,2024-09-08,09:23:27,0,Vacancy,0,Vacancy,True
3199,2024-09-08,09:23:43,0,Vacancy,0,Vacancy,True
3200,2024-09-08,09:23:59,0,Vacancy,0,Vacancy,True
3201,2024-09-08,09:24:15,0,Vacancy,0,Vacancy,True
3202,2024-09-08,09:24:31,0,Vacancy,0,Vacancy,True
3203,2024-09-08,09:24:47,0,Vacancy,0,Vacancy,True
3204,2024-09-08,09:25:03,0,Vacancy,0,Vacancy,True
3205,2024-09-08,09:25:19,0,Vacancy,0,Vacancy,True
3206,2024-09-08,09:25:35,0,Vacancy,0,Vacancy,True
3207,2024-09-08,09:25:51,0,Vacancy,0,Vacancy,True
3208,2024-09-08,09:26:07,0,Vacancy,0,Vacancy,True
3209,2024-09-08,09:26:23,0,Vacancy,0,Vacancy,True
3210,2024-09-08,09:26:39,0,Vacancy,0,Vacancy,True
3211,2024-09-08,09:26:55,0,Vacancy,0,Vacancy,True
3212,2024-09-08,09:27:11,0,Vacancy,0,Vacancy,True
3213,2024-09-08,09:27:27,0,Vacancy,0,Vacancy,True
3214,2024-09-08,09:27:43,0,Vacancy,0,Vacancy,True
3215,2024-09-08,09:27:59,0,Vacancy,0,Vacancy,True
3216,2024-09-08,09:28:15,0,Vacancy,0,Vacancy,True
3217,2024-09-08,09:28:31,0,Vacancy,0,Vacancy,True
3218,2024-09-08,09:28:47,0,Vacancy,0,Vacancy,True
3219,2024-09-08,09:29:03,0,Vacancy,0,Vacancy,True
3220,2024-09-08,09:29:19,0,Vacancy,0,Vacancy,True
3221,2024-09-08,09:29:35,0,Vacancy,0,Vacancy,True
3222,2024-09-08,09:29:51,0,Vacancy,0,Vacancy,True
3223,2024-09-08,09:30:07,0,Vacancy,0,Vacancy,True
3224,2024-09-08,09:30:23,0,Vacancy,0,Vacancy,True
3225,2024-09-08,09:30:39,0,Vacancy,0,Vacancy,True
3226,2024-09-08,09:30:59,1,Stationary human presence,3,Other activity/motion,False
3227,2024-09-08,09:31:11,0,Vacancy,0,Vacancy,True
3228,2024-09-08,09:31:27,0,Vacancy,0,Vacancy,True
3229,2024-09-08,09:31:43,0,Vacancy,0,Vacancy,True
3230,2024-09-08,09:31:59,0,Vacancy,0,Vacancy,True
3231,2024-09-08,09:32:15,0,Vacancy,0,Vacancy,True
3232,2024-09-08,09:32:31,0,Vacancy,0,Vacancy,True
3233,2024-09-08,09:32:47,0,Vacancy,0,Vacancy,True
3234,2024-09-08,09:33:03,0,Vacancy,0,Vacancy,True
3235,2024-09-08,09:33:19,0,Vacancy,0,Vacancy,True
3236,2024-09-08,09:33:35,0,Vacancy,0,Vacancy,True
3237,2024-09-08,09:33:51,0,Vacancy,0,Vacancy,True
3238,2024-09-08,09:34:07,0,Vacancy,0,Vacancy,True
3239,2024-09-08,09:34:23,0,Vacancy,0,Vacancy,True
3240,2024-09-08,09:34:39,0,Vacancy,0,Vacancy,True
3241,2024-09-08,09:34:55,0,Vacancy,0,Vacancy,True
3242,2024-09-08,09:35:11,0,Vacancy,0,Vacancy,True
3243,2024-09-08,09:35:27,0,Vacancy,0,Vacancy,True
3244,2024-09-08,09:35:43,0,Vacancy,0,Vacancy,True
3245,2024-09-08,09:35:59,0,Vacancy,0,Vacancy,True
3246,2024-09-08,09:36:15,0,Vacancy,0,Vacancy,True
3247,2024-09-08,09:36:31,0,Vacancy,0,Vacancy,True
3248,2024-09-08,09:36:47,0,Vacancy,0,Vacancy,True
3249,2024-09-08,09:37:03,0,Vacancy,0,Vacancy,True
3250,2024-09-08,09:37:19,0,Vacancy,0,Vacancy,True
3251,2024-09-08,09:37:35,0,Vacancy,0,Vacancy,True
3252,2024-09-08,09:37:51,0,Vacancy,0,Vacancy,True
3253,2024-09-08,09:38:07,0,Vacancy,0,Vacancy,True
3254,2024-09-08,09:38:23,0,Vacancy,0,Vacancy,True
3255,2024-09-08,09:38:39,0,Vacancy,0,Vacancy,True
3256,2024-09-08,09:38:55,0,Vacancy,0,Vacancy,True
3257,2024-09-08,09:39:11,0,Vacancy,0,Vacancy,True
3258,2024-09-08,09:39:27,0,Vacancy,0,Vacancy,True
3259,2024-09-08,09:39:43,0,Vacancy,0,Vacancy,True
3260,2024-09-08,09:39:59,0,Vacancy,0,Vacancy,True
3261,2024-09-08,09:40:15,0,Vacancy,0,Vacancy,True
3262,2024-09-08,09:40:31,0,Vacancy,0,Vacancy,True
3263,2024-09-08,09:40:47,0,Vacancy,0,Vacancy,True
3264,2024-09-08,09:41:03,0,Vacancy,0,Vacancy,True
3265,2024-09-08,09:41:19,0,Vacancy,0,Vacancy,True
3266,2024-09-08,09:41:35,0,Vacancy,0,Vacancy,True
3267,2024-09-08,09:41:51,0,Vacancy,0,Vacancy,True
3268,2024-09-08,09:42:07,0,Vacancy,0,Vacancy,True
3269,2024-09-08,09:42:23,0,Vacancy,0,Vacancy,True
3270,2024-09-08,09:42:39,0,Vacancy,0,Vacancy,True
3271,2024-09-08,09:42:55,0,Vacancy,0,Vacancy,True
3272,2024-09-08,09:43:11,0,Vacancy,0,Vacancy,True
3273,2024-09-08,09:43:27,0,Vacancy,0,Vacancy,True
3274,2024-09-08,09:43:43,0,Vacancy,0,Vacancy,True
3275,2024-09-08,09:43:59,0,Vacancy,0,Vacancy,True
3276,2024-09-08,09:44:15,0,Vacancy,0,Vacancy,True
3277,2024-09-08,09:44:31,0,Vacancy,0,Vacancy,True
3278,2024-09-08,09:44:47,0,Vacancy,0,Vacancy,True
3279,2024-09-08,09:45:03,0,Vacancy,0,Vacancy,True
3280,2024-09-08,09:45:19,0,Vacancy,0,Vacancy,True
3281,2024-09-08,09:45:35,0,Vacancy,0,Vacancy,True
3282,2024-09-08,09:45:51,1,Stationary human presence,0,Vacancy,False
3283,2024-09-08,09:46:07,0,Vacancy,0,Vacancy,True
3284,2024-09-08,09:46:23,0,Vacancy,0,Vacancy,True
3285,2024-09-08,09:46:39,0,Vacancy,0,Vacancy,True
3286,2024-09-08,09:46:55,0,Vacancy,0,Vacancy,True
3287,2024-09-08,09:47:11,1,Stationary human presence,0,Vacancy,False
3288,2024-09-08,09:47:27,0,Vacancy,0,Vacancy,True
3289,2024-09-08,09:47:43,1,Stationary human presence,0,Vacancy,False
3290,2024-09-08,09:47:59,1,Stationary human presence,0,Vacancy,False
3291,2024-09-08,09:48:15,0,Vacancy,0,Vacancy,True
3292,2024-09-08,09:48:31,0,Vacancy,0,Vacancy,True
3293,2024-09-08,09:48:47,0,Vacancy,0,Vacancy,True
3294,2024-09-08,09:49:03,1,Stationary human presence,0,Vacancy,False
3295,2024-09-08,09:49:19,1,Stationary human presence,0,Vacancy,False
3296,2024-09-08,09:49:35,0,Vacancy,0,Vacancy,True
3297,2024-09-08,09:49:51,1,Stationary human presence,0,Vacancy,False
3298,2024-09-08,09:50:07,1,Stationary human presence,0,Vacancy,False
3299,2024-09-08,09:50:23,1,Stationary human presence,0,Vacancy,False
3300,2024-09-08,09:50:39,0,Vacancy,0,Vacancy,True
3301,2024-09-08,09:50:55,1,Stationary human presence,0,Vacancy,False
3302,2024-09-08,09:51:12,1,Stationary human presence,1,Stationary human presence,True
3303,2024-09-08,09:51:27,0,Vacancy,0,Vacancy,True
3304,2024-09-08,09:51:43,1,Stationary human presence,0,Vacancy,False
3305,2024-09-08,09:52:00,0,Vacancy,0,Vacancy,True
3306,2024-09-08,09:52:15,1,Stationary human presence,1,Stationary human presence,True
3307,2024-09-08,09:52:32,0,Vacancy,0,Vacancy,True
3308,2024-09-08,09:52:47,1,Stationary human presence,0,Vacancy,False
3309,2024-09-08,09:53:04,0,Vacancy,0,Vacancy,True
3310,2024-09-08,09:53:19,0,Vacancy,0,Vacancy,True
3311,2024-09-08,09:53:36,0,Vacancy,0,Vacancy,True
3312,2024-09-08,09:53:52,0,Vacancy,0,Vacancy,True
3313,2024-09-08,09:54:08,0,Vacancy,0,Vacancy,True
3314,2024-09-08,09:54:24,1,Stationary human presence,0,Vacancy,False
3315,2024-09-08,09:54:40,1,Stationary human presence,0,Vacancy,False
3316,2024-09-08,09:54:56,1,Stationary human presence,0,Vacancy,False
3317,2024-09-08,09:55:12,1,Stationary human presence,1,Stationary human presence,True
3318,2024-09-08,09:55:28,1,Stationary human presence,0,Vacancy,False
3319,2024-09-08,09:55:44,0,Vacancy,0,Vacancy,True
3320,2024-09-08,09:56:00,0,Vacancy,0,Vacancy,True
3321,2024-09-08,09:56:16,0,Vacancy,0,Vacancy,True
3322,2024-09-08,09:56:32,1,Stationary human presence,0,Vacancy,False
3323,2024-09-08,09:56:48,1,Stationary human presence,1,Stationary human presence,True
3324,2024-09-08,09:57:04,0,Vacancy,0,Vacancy,True
3325,2024-09-08,09:57:20,0,Vacancy,0,Vacancy,True
3326,2024-09-08,09:57:36,1,Stationary human presence,1,Stationary human presence,True
3327,2024-09-08,09:57:52,0,Vacancy,0,Vacancy,True
3328,2024-09-08,09:58:08,0,Vacancy,0,Vacancy,True
3329,2024-09-08,09:58:24,1,Stationary human presence,1,Stationary human presence,True
3330,2024-09-08,09:58:40,0,Vacancy,0,Vacancy,True
3331,2024-09-08,09:58:56,0,Vacancy,0,Vacancy,True
3332,2024-09-08,09:59:12,0,Vacancy,0,Vacancy,True
3333,2024-09-08,09:59:28,0,Vacancy,0,Vacancy,True
3334,2024-09-08,09:59:44,0,Vacancy,0,Vacancy,True
3335,2024-09-08,10:00:00,1,Stationary human presence,0,Vacancy,False
3336,2024-09-08,10:00:16,0,Vacancy,0,Vacancy,True
3337,2024-09-08,10:00:32,0,Vacancy,0,Vacancy,True
3338,2024-09-08,10:00:48,0,Vacancy,0,Vacancy,True
3339,2024-09-08,10:01:04,0,Vacancy,0,Vacancy,True
3340,2024-09-08,10:01:20,0,Vacancy,0,Vacancy,True
3341,2024-09-08,10:01:36,0,Vacancy,0,Vacancy,True
3342,2024-09-08,10:01:52,0,Vacancy,0,Vacancy,True
3343,2024-09-08,10:02:08,0,Vacancy,0,Vacancy,True
3344,2024-09-08,10:02:24,0,Vacancy,0,Vacancy,True
3345,2024-09-08,10:02:40,0,Vacancy,0,Vacancy,True
3346,2024-09-08,10:02:56,0,Vacancy,0,Vacancy,True
3347,2024-09-08,10:03:12,0,Vacancy,0,Vacancy,True
3348,2024-09-08,10:03:28,0,Vacancy,0,Vacancy,True
3349,2024-09-08,10:03:44,0,Vacancy,0,Vacancy,True
3350,2024-09-08,10:04:00,0,Vacancy,0,Vacancy,True
3351,2024-09-08,10:04:16,0,Vacancy,0,Vacancy,True
3352,2024-09-08,10:04:32,0,Vacancy,0,Vacancy,True
3353,2024-09-08,10:04:48,0,Vacancy,0,Vacancy,True
3354,2024-09-08,10:05:04,0,Vacancy,0,Vacancy,True
3355,2024-09-08,10:05:20,0,Vacancy,0,Vacancy,True
3356,2024-09-08,10:05:36,0,Vacancy,0,Vacancy,True
3357,2024-09-08,10:05:52,0,Vacancy,0,Vacancy,True
3358,2024-09-08,10:06:08,0,Vacancy,0,Vacancy,True
3359,2024-09-08,10:06:24,0,Vacancy,0,Vacancy,True
3360,2024-09-08,10:06:40,0,Vacancy,0,Vacancy,True
3361,2024-09-08,10:06:56,0,Vacancy,0,Vacancy,True
3362,2024-09-08,10:07:12,0,Vacancy,0,Vacancy,True
3363,2024-09-08,10:07:28,0,Vacancy,0,Vacancy,True
3364,2024-09-08,10:07:44,0,Vacancy,0,Vacancy,True
3365,2024-09-08,10:08:00,0,Vacancy,0,Vacancy,True
3366,2024-09-08,10:08:16,0,Vacancy,0,Vacancy,True
3367,2024-09-08,10:08:32,0,Vacancy,0,Vacancy,True
3368,2024-09-08,10:08:48,0,Vacancy,0,Vacancy,True
3369,2024-09-08,10:09:04,0,Vacancy,0,Vacancy,True
3370,2024-09-08,10:09:20,0,Vacancy,0,Vacancy,True
3371,2024-09-08,10:09:36,0,Vacancy,0,Vacancy,True
3372,2024-09-08,10:09:52,0,Vacancy,0,Vacancy,True
3373,2024-09-08,10:10:08,3,Other activity/motion,3,Other activity/motion,True
3374,2024-09-08,10:10:14,3,Other activity/motion,3,Other activity/motion,True
3375,2024-09-08,10:10:24,3,Other activity/motion,3,Other activity/motion,True
3376,2024-09-08,10:10:40,0,Vacancy,0,Vacancy,True
3377,2024-09-08,10:10:56,0,Vacancy,0,Vacancy,True
3378,2024-09-08,10:11:12,0,Vacancy,0,Vacancy,True
3379,2024-09-08,10:11:28,0,Vacancy,0,Vacancy,True
3380,2024-09-08,10:11:44,0,Vacancy,0,Vacancy,True
3381,2024-09-08,10:12:00,0,Vacancy,0,Vacancy,True
3382,2024-09-08,10:12:16,0,Vacancy,0,Vacancy,True
3383,2024-09-08,10:12:32,0,Vacancy,0,Vacancy,True
3384,2024-09-08,10:12:48,0,Vacancy,0,Vacancy,True
3385,2024-09-08,10:13:04,0,Vacancy,0,Vacancy,True
3386,2024-09-08,10:13:20,0,Vacancy,0,Vacancy,True
3387,2024-09-08,10:13:36,0,Vacancy,0,Vacancy,True
3388,2024-09-08,10:13:52,0,Vacancy,0,Vacancy,True
3389,2024-09-08,10:14:08,0,Vacancy,0,Vacancy,True
3390,2024-09-08,10:14:24,0,Vacancy,0,Vacancy,True
3391,2024-09-08,10:14:40,0,Vacancy,0,Vacancy,True
3392,2024-09-08,10:14:56,0,Vacancy,0,Vacancy,True
3393,2024-09-08,10:15:12,0,Vacancy,0,Vacancy,True
3394,2024-09-08,10:15:28,0,Vacancy,0,Vacancy,True
3395,2024-09-08,10:15:44,0,Vacancy,0,Vacancy,True
3396,2024-09-08,10:16:00,0,Vacancy,0,Vacancy,True
3397,2024-09-08,10:16:16,0,Vacancy,0,Vacancy,True
3398,2024-09-08,10:16:32,0,Vacancy,0,Vacancy,True
3399,2024-09-08,10:16:48,0,Vacancy,0,Vacancy,True
3400,2024-09-08,10:17:04,0,Vacancy,0,Vacancy,True
3401,2024-09-08,10:17:20,0,Vacancy,0,Vacancy,True
3402,2024-09-08,10:17:36,0,Vacancy,0,Vacancy,True
3403,2024-09-08,10:17:52,0,Vacancy,0,Vacancy,True
3404,2024-09-08,10:18:08,0,Vacancy,0,Vacancy,True
3405,2024-09-08,10:18:24,0,Vacancy,0,Vacancy,True
3406,2024-09-08,10:18:40,0,Vacancy,0,Vacancy,True
3407,2024-09-08,10:18:56,0,Vacancy,0,Vacancy,True
3408,2024-09-08,10:19:12,0,Vacancy,0,Vacancy,True
3409,2024-09-08,10:19:28,0,Vacancy,0,Vacancy,True
3410,2024-09-08,10:19:44,0,Vacancy,0,Vacancy,True
3411,2024-09-08,10:20:00,0,Vacancy,0,Vacancy,True
3412,2024-09-08,10:20:16,0,Vacancy,0,Vacancy,True
3413,2024-09-08,10:20:32,0,Vacancy,0,Vacancy,True
3414,2024-09-08,10:20:48,0,Vacancy,0,Vacancy,True
3415,2024-09-08,10:21:04,0,Vacancy,0,Vacancy,True
3416,2024-09-08,10:21:20,0,Vacancy,0,Vacancy,True
3417,2024-09-08,10:21:36,0,Vacancy,0,Vacancy,True
3418,2024-09-08,10:21:52,0,Vacancy,0,Vacancy,True
3419,2024-09-08,10:22:08,0,Vacancy,0,Vacancy,True
3420,2024-09-08,10:22:24,0,Vacancy,0,Vacancy,True
3421,2024-09-08,10:22:40,0,Vacancy,0,Vacancy,True
3422,2024-09-08,10:22:56,0,Vacancy,0,Vacancy,True
3423,2024-09-08,10:23:12,0,Vacancy,0,Vacancy,True
3424,2024-09-08,10:23:28,0,Vacancy,0,Vacancy,True
3425,2024-09-08,10:23:44,0,Vacancy,0,Vacancy,True
3426,2024-09-08,10:24:00,0,Vacancy,0,Vacancy,True
3427,2024-09-08,10:24:16,0,Vacancy,0,Vacancy,True
3428,2024-09-08,10:24:32,0,Vacancy,0,Vacancy,True
3429,2024-09-08,10:24:48,0,Vacancy,0,Vacancy,True
3430,2024-09-08,10:25:04,0,Vacancy,0,Vacancy,True
3431,2024-09-08,10:25:20,0,Vacancy,0,Vacancy,True
3432,2024-09-08,10:25:36,0,Vacancy,0,Vacancy,True
3433,2024-09-08,10:25:52,0,Vacancy,0,Vacancy,True
3434,2024-09-08,10:26:08,0,Vacancy,0,Vacancy,True
3435,2024-09-08,10:26:24,0,Vacancy,0,Vacancy,True
3436,2024-09-08,10:26:40,0,Vacancy,0,Vacancy,True
3437,2024-09-08,10:26:56,0,Vacancy,0,Vacancy,True
3438,2024-09-08,10:27:12,0,Vacancy,0,Vacancy,True
3439,2024-09-08,10:27:28,0,Vacancy,0,Vacancy,True
3440,2024-09-08,10:27:44,0,Vacancy,0,Vacancy,True
3441,2024-09-08,10:28:00,0,Vacancy,0,Vacancy,True
3442,2024-09-08,10:28:16,0,Vacancy,0,Vacancy,True
3443,2024-09-08,10:28:32,0,Vacancy,0,Vacancy,True
3444,2024-09-08,10:28:48,0,Vacancy,0,Vacancy,True
3445,2024-09-08,10:29:04,0,Vacancy,0,Vacancy,True
3446,2024-09-08,10:29:20,0,Vacancy,0,Vacancy,True
3447,2024-09-08,10:29:36,0,Vacancy,0,Vacancy,True
3448,2024-09-08,10:29:52,0,Vacancy,0,Vacancy,True
3449,2024-09-08,10:30:08,0,Vacancy,0,Vacancy,True
3450,2024-09-08,10:30:24,0,Vacancy,0,Vacancy,True
3451,2024-09-08,10:30:40,0,Vacancy,0,Vacancy,True
3452,2024-09-08,10:30:56,0,Vacancy,0,Vacancy,True
3453,2024-09-08,10:31:12,0,Vacancy,0,Vacancy,True
3454,2024-09-08,10:31:28,0,Vacancy,0,Vacancy,True
3455,2024-09-08,10:31:44,0,Vacancy,0,Vacancy,True
3456,2024-09-08,10:32:00,0,Vacancy,0,Vacancy,True
3457,2024-09-08,10:32:16,0,Vacancy,0,Vacancy,True
3458,2024-09-08,10:32:32,0,Vacancy,0,Vacancy,True
3459,2024-09-08,10:32:48,0,Vacancy,0,Vacancy,True
3460,2024-09-08,10:33:04,0,Vacancy,0,Vacancy,True
3461,2024-09-08,10:33:20,0,Vacancy,0,Vacancy,True
3462,2024-09-08,10:33:36,0,Vacancy,0,Vacancy,True
3463,2024-09-08,10:33:52,0,Vacancy,0,Vacancy,True
3464,2024-09-08,10:34:08,0,Vacancy,0,Vacancy,True
3465,2024-09-08,10:34:24,0,Vacancy,0,Vacancy,True
3466,2024-09-08,10:34:40,0,Vacancy,0,Vacancy,True
3467,2024-09-08,10:35:12,0,Vacancy,0,Vacancy,True
3468,2024-09-08,10:35:28,0,Vacancy,0,Vacancy,True
3469,2024-09-08,10:35:44,0,Vacancy,0,Vacancy,True
3470,2024-09-08,10:36:00,0,Vacancy,0,Vacancy,True
3471,2024-09-08,10:36:16,0,Vacancy,0,Vacancy,True
3472,2024-09-08,10:36:32,0,Vacancy,0,Vacancy,True
3473,2024-09-08,10:36:48,0,Vacancy,0,Vacancy,True
3474,2024-09-08,10:37:05,0,Vacancy,0,Vacancy,True
3475,2024-09-08,10:37:21,0,Vacancy,0,Vacancy,True
3476,2024-09-08,10:37:36,0,Vacancy,0,Vacancy,True
3477,2024-09-08,10:37:53,0,Vacancy,0,Vacancy,True
3478,2024-09-08,10:38:09,0,Vacancy,0,Vacancy,True
3479,2024-09-08,10:38:24,0,Vacancy,0,Vacancy,True
3480,2024-09-08,10:38:41,0,Vacancy,0,Vacancy,True
3481,2024-09-08,10:38:56,0,Vacancy,0,Vacancy,True
3482,2024-09-08,10:39:13,0,Vacancy,0,Vacancy,True
3483,2024-09-08,10:39:29,0,Vacancy,0,Vacancy,True
3484,2024-09-08,10:39:45,0,Vacancy,0,Vacancy,True
3485,2024-09-08,10:40:01,0,Vacancy,0,Vacancy,True
3486,2024-09-08,10:40:17,0,Vacancy,0,Vacancy,True
3487,2024-09-08,10:40:33,0,Vacancy,0,Vacancy,True
3488,2024-09-08,10:40:49,0,Vacancy,0,Vacancy,True
3489,2024-09-08,10:41:05,0,Vacancy,0,Vacancy,True
3490,2024-09-08,10:41:21,0,Vacancy,0,Vacancy,True
3491,2024-09-08,10:41:37,0,Vacancy,0,Vacancy,True
3492,2024-09-08,10:41:53,0,Vacancy,0,Vacancy,True
3493,2024-09-08,10:42:09,0,Vacancy,0,Vacancy,True
3494,2024-09-08,10:42:25,0,Vacancy,0,Vacancy,True
3495,2024-09-08,10:42:41,0,Vacancy,0,Vacancy,True
3496,2024-09-08,10:42:57,0,Vacancy,0,Vacancy,True
3497,2024-09-08,10:43:13,0,Vacancy,0,Vacancy,True
3498,2024-09-08,10:43:29,0,Vacancy,0,Vacancy,True
3499,2024-09-08,10:43:45,0,Vacancy,0,Vacancy,True
3500,2024-09-08,10:44:01,0,Vacancy,0,Vacancy,True
3501,2024-09-08,10:44:17,0,Vacancy,0,Vacancy,True
3502,2024-09-08,10:44:33,0,Vacancy,0,Vacancy,True
3503,2024-09-08,10:44:49,0,Vacancy,0,Vacancy,True
3504,2024-09-08,10:45:05,0,Vacancy,0,Vacancy,True
3505,2024-09-08,10:45:21,0,Vacancy,0,Vacancy,True
3506,2024-09-08,10:45:37,0,Vacancy,0,Vacancy,True
3507,2024-09-08,10:45:53,0,Vacancy,0,Vacancy,True
3508,2024-09-08,10:46:09,0,Vacancy,0,Vacancy,True
3509,2024-09-08,10:46:25,0,Vacancy,0,Vacancy,True
3510,2024-09-08,10:46:41,0,Vacancy,0,Vacancy,True
3511,2024-09-08,10:46:57,0,Vacancy,0,Vacancy,True
3512,2024-09-08,10:47:13,0,Vacancy,0,Vacancy,True
3513,2024-09-08,10:47:29,0,Vacancy,0,Vacancy,True
3514,2024-09-08,10:47:45,0,Vacancy,0,Vacancy,True
3515,2024-09-08,10:48:01,0,Vacancy,0,Vacancy,True
3516,2024-09-08,10:48:17,0,Vacancy,0,Vacancy,True
3517,2024-09-08,10:48:33,0,Vacancy,0,Vacancy,True
3518,2024-09-08,10:48:49,0,Vacancy,0,Vacancy,True
3519,2024-09-08,10:49:05,0,Vacancy,0,Vacancy,True
3520,2024-09-08,10:49:21,0,Vacancy,0,Vacancy,True
3521,2024-09-08,10:49:37,0,Vacancy,0,Vacancy,True
3522,2024-09-08,10:49:53,0,Vacancy,0,Vacancy,True
3523,2024-09-08,10:50:09,0,Vacancy,0,Vacancy,True
3524,2024-09-08,10:50:25,0,Vacancy,0,Vacancy,True
3525,2024-09-08,10:50:41,0,Vacancy,0,Vacancy,True
3526,2024-09-08,10:50:57,0,Vacancy,0,Vacancy,True
3527,2024-09-08,10:51:13,0,Vacancy,0,Vacancy,True
3528,2024-09-08,10:51:29,0,Vacancy,0,Vacancy,True
3529,2024-09-08,10:51:45,0,Vacancy,0,Vacancy,True
3530,2024-09-08,10:52:01,0,Vacancy,0,Vacancy,True
3531,2024-09-08,10:52:17,0,Vacancy,0,Vacancy,True
3532,2024-09-08,10:52:33,0,Vacancy,0,Vacancy,True
3533,2024-09-08,10:52:49,0,Vacancy,0,Vacancy,True
3534,2024-09-08,10:53:05,0,Vacancy,0,Vacancy,True
3535,2024-09-08,10:53:21,0,Vacancy,0,Vacancy,True
3536,2024-09-08,10:53:37,0,Vacancy,0,Vacancy,True
3537,2024-09-08,10:53:53,0,Vacancy,0,Vacancy,True
3538,2024-09-08,10:54:09,0,Vacancy,0,Vacancy,True
3539,2024-09-08,10:54:25,0,Vacancy,0,Vacancy,True
3540,2024-09-08,10:54:41,0,Vacancy,0,Vacancy,True
3541,2024-09-08,10:54:57,0,Vacancy,0,Vacancy,True
3542,2024-09-08,10:55:13,0,Vacancy,0,Vacancy,True
3543,2024-09-08,10:55:29,0,Vacancy,0,Vacancy,True
3544,2024-09-08,10:55:45,0,Vacancy,0,Vacancy,True
3545,2024-09-08,10:56:01,0,Vacancy,0,Vacancy,True
3546,2024-09-08,10:56:17,0,Vacancy,0,Vacancy,True
3547,2024-09-08,10:56:33,0,Vacancy,0,Vacancy,True
3548,2024-09-08,10:56:49,0,Vacancy,0,Vacancy,True
3549,2024-09-08,10:57:05,0,Vacancy,0,Vacancy,True
3550,2024-09-08,10:57:21,0,Vacancy,0,Vacancy,True
3551,2024-09-08,10:57:37,0,Vacancy,0,Vacancy,True
3552,2024-09-08,10:57:53,0,Vacancy,0,Vacancy,True
3553,2024-09-08,10:58:09,0,Vacancy,0,Vacancy,True
3554,2024-09-08,10:58:25,0,Vacancy,0,Vacancy,True
3555,2024-09-08,10:58:41,0,Vacancy,0,Vacancy,True
3556,2024-09-08,10:58:57,0,Vacancy,0,Vacancy,True
3557,2024-09-08,10:59:13,0,Vacancy,0,Vacancy,True
3558,2024-09-08,10:59:29,0,Vacancy,0,Vacancy,True
3559,2024-09-08,10:59:45,0,Vacancy,0,Vacancy,True
3560,2024-09-08,11:00:01,0,Vacancy,0,Vacancy,True
3561,2024-09-08,11:00:17,0,Vacancy,0,Vacancy,True
3562,2024-09-08,11:00:33,0,Vacancy,0,Vacancy,True
3563,2024-09-08,11:00:49,0,Vacancy,0,Vacancy,True
3564,2024-09-08,11:01:05,0,Vacancy,0,Vacancy,True
3565,2024-09-08,11:01:21,0,Vacancy,0,Vacancy,True
3566,2024-09-08,11:01:37,0,Vacancy,0,Vacancy,True
3567,2024-09-08,11:01:53,0,Vacancy,0,Vacancy,True
3568,2024-09-08,11:02:09,0,Vacancy,0,Vacancy,True
3569,2024-09-08,11:02:25,0,Vacancy,0,Vacancy,True
3570,2024-09-08,11:02:41,0,Vacancy,0,Vacancy,True
3571,2024-09-08,11:02:57,0,Vacancy,0,Vacancy,True
3572,2024-09-08,11:03:13,0,Vacancy,0,Vacancy,True
3573,2024-09-08,11:03:29,0,Vacancy,0,Vacancy,True
3574,2024-09-08,11:03:45,0,Vacancy,0,Vacancy,True
3575,2024-09-08,11:04:01,0,Vacancy,0,Vacancy,True
3576,2024-09-08,11:04:17,0,Vacancy,0,Vacancy,True
3577,2024-09-08,11:04:33,0,Vacancy,0,Vacancy,True
3578,2024-09-08,11:04:49,0,Vacancy,0,Vacancy,True
3579,2024-09-08,11:05:05,0,Vacancy,0,Vacancy,True
3580,2024-09-08,11:05:21,0,Vacancy,0,Vacancy,True
3581,2024-09-08,11:05:37,0,Vacancy,0,Vacancy,True
3582,2024-09-08,11:05:53,0,Vacancy,0,Vacancy,True
3583,2024-09-08,11:06:09,0,Vacancy,0,Vacancy,True
3584,2024-09-08,11:06:25,0,Vacancy,0,Vacancy,True
3585,2024-09-08,11:06:41,0,Vacancy,0,Vacancy,True
3586,2024-09-08,11:06:57,0,Vacancy,0,Vacancy,True
3587,2024-09-08,11:07:13,0,Vacancy,0,Vacancy,True
3588,2024-09-08,11:07:29,0,Vacancy,0,Vacancy,True
3589,2024-09-08,11:07:45,0,Vacancy,0,Vacancy,True
3590,2024-09-08,11:08:01,0,Vacancy,0,Vacancy,True
3591,2024-09-08,11:08:17,0,Vacancy,0,Vacancy,True
3592,2024-09-08,11:08:33,0,Vacancy,0,Vacancy,True
3593,2024-09-08,11:08:49,0,Vacancy,0,Vacancy,True
3594,2024-09-08,11:09:05,0,Vacancy,0,Vacancy,True
3595,2024-09-08,11:09:21,0,Vacancy,0,Vacancy,True
3596,2024-09-08,11:09:37,0,Vacancy,0,Vacancy,True
3597,2024-09-08,11:09:53,0,Vacancy,0,Vacancy,True
3598,2024-09-08,11:10:09,0,Vacancy,0,Vacancy,True
3599,2024-09-08,11:10:25,0,Vacancy,0,Vacancy,True
3600,2024-09-08,11:10:41,0,Vacancy,0,Vacancy,True
3601,2024-09-08,11:10:57,0,Vacancy,0,Vacancy,True
3602,2024-09-08,11:11:13,0,Vacancy,0,Vacancy,True
3603,2024-09-08,11:11:29,0,Vacancy,0,Vacancy,True
3604,2024-09-08,11:11:45,0,Vacancy,0,Vacancy,True
3605,2024-09-08,11:12:01,0,Vacancy,0,Vacancy,True
3606,2024-09-08,11:12:17,0,Vacancy,0,Vacancy,True
3607,2024-09-08,11:12:33,0,Vacancy,0,Vacancy,True
3608,2024-09-08,11:12:49,0,Vacancy,0,Vacancy,True
3609,2024-09-08,11:13:05,0,Vacancy,0,Vacancy,True
3610,2024-09-08,11:13:21,3,Other activity/motion,3,Other activity/motion,True
3611,2024-09-08,11:13:27,3,Other activity/motion,3,Other activity/motion,True
3612,2024-09-08,11:13:37,0,Vacancy,0,Vacancy,True
3613,2024-09-08,11:13:53,0,Vacancy,0,Vacancy,True
3614,2024-09-08,11:14:09,0,Vacancy,0,Vacancy,True
3615,2024-09-08,11:14:25,0,Vacancy,0,Vacancy,True
3616,2024-09-08,11:14:41,0,Vacancy,0,Vacancy,True
3617,2024-09-08,11:14:57,0,Vacancy,0,Vacancy,True
3618,2024-09-08,11:15:13,0,Vacancy,0,Vacancy,True
3619,2024-09-08,11:15:29,0,Vacancy,0,Vacancy,True
3620,2024-09-08,11:15:45,0,Vacancy,0,Vacancy,True
3621,2024-09-08,11:16:01,0,Vacancy,0,Vacancy,True
3622,2024-09-08,11:16:17,0,Vacancy,0,Vacancy,True
3623,2024-09-08,11:16:33,0,Vacancy,0,Vacancy,True
3624,2024-09-08,11:16:49,0,Vacancy,0,Vacancy,True
3625,2024-09-08,11:17:05,0,Vacancy,0,Vacancy,True
3626,2024-09-08,11:17:21,0,Vacancy,0,Vacancy,True
3627,2024-09-08,11:17:37,0,Vacancy,0,Vacancy,True
3628,2024-09-08,11:17:53,0,Vacancy,0,Vacancy,True
3629,2024-09-08,11:18:09,0,Vacancy,0,Vacancy,True
3630,2024-09-08,11:18:25,0,Vacancy,0,Vacancy,True
3631,2024-09-08,11:18:41,0,Vacancy,0,Vacancy,True
3632,2024-09-08,11:18:58,0,Vacancy,0,Vacancy,True
3633,2024-09-08,11:19:13,0,Vacancy,0,Vacancy,True
3634,2024-09-08,11:19:29,0,Vacancy,0,Vacancy,True
3635,2024-09-08,11:19:45,0,Vacancy,0,Vacancy,True
3636,2024-09-08,11:20:01,0,Vacancy,0,Vacancy,True
3637,2024-09-08,11:20:17,0,Vacancy,0,Vacancy,True
3638,2024-09-08,11:20:33,0,Vacancy,0,Vacancy,True
3639,2024-09-08,11:20:49,0,Vacancy,0,Vacancy,True
3640,2024-09-08,11:21:06,0,Vacancy,0,Vacancy,True
3641,2024-09-08,11:21:21,0,Vacancy,0,Vacancy,True
3642,2024-09-08,11:21:38,0,Vacancy,0,Vacancy,True
3643,2024-09-08,11:21:54,0,Vacancy,0,Vacancy,True
3644,2024-09-08,11:22:09,0,Vacancy,0,Vacancy,True
3645,2024-09-08,11:22:26,0,Vacancy,0,Vacancy,True
3646,2024-09-08,11:22:41,0,Vacancy,0,Vacancy,True
3647,2024-09-08,11:22:58,0,Vacancy,0,Vacancy,True
3648,2024-09-08,11:23:13,0,Vacancy,0,Vacancy,True
3649,2024-09-08,11:23:30,0,Vacancy,0,Vacancy,True
3650,2024-09-08,11:23:46,0,Vacancy,0,Vacancy,True
3651,2024-09-08,11:24:02,0,Vacancy,0,Vacancy,True
3652,2024-09-08,11:24:18,0,Vacancy,0,Vacancy,True
3653,2024-09-08,11:24:34,0,Vacancy,0,Vacancy,True
3654,2024-09-08,11:24:50,0,Vacancy,0,Vacancy,True
3655,2024-09-08,11:25:06,0,Vacancy,0,Vacancy,True
3656,2024-09-08,11:25:22,0,Vacancy,0,Vacancy,True
3657,2024-09-08,11:25:38,0,Vacancy,0,Vacancy,True
3658,2024-09-08,11:25:54,0,Vacancy,0,Vacancy,True
3659,2024-09-08,11:26:10,0,Vacancy,0,Vacancy,True
3660,2024-09-08,11:26:26,0,Vacancy,0,Vacancy,True
3661,2024-09-08,11:26:42,0,Vacancy,0,Vacancy,True
3662,2024-09-08,11:26:58,0,Vacancy,0,Vacancy,True
3663,2024-09-08,11:27:14,0,Vacancy,0,Vacancy,True
3664,2024-09-08,11:27:30,0,Vacancy,0,Vacancy,True
3665,2024-09-08,11:27:46,0,Vacancy,0,Vacancy,True
3666,2024-09-08,11:28:02,0,Vacancy,0,Vacancy,True
3667,2024-09-08,11:28:18,0,Vacancy,0,Vacancy,True
3668,2024-09-08,11:28:34,0,Vacancy,0,Vacancy,True
3669,2024-09-08,11:28:50,0,Vacancy,0,Vacancy,True
3670,2024-09-08,11:29:06,0,Vacancy,0,Vacancy,True
3671,2024-09-08,11:29:22,0,Vacancy,0,Vacancy,True
3672,2024-09-08,11:29:38,0,Vacancy,0,Vacancy,True
3673,2024-09-08,11:29:54,0,Vacancy,0,Vacancy,True
3674,2024-09-08,11:30:10,0,Vacancy,0,Vacancy,True
3675,2024-09-08,11:30:26,0,Vacancy,0,Vacancy,True
3676,2024-09-08,11:30:42,0,Vacancy,0,Vacancy,True
3677,2024-09-08,11:30:58,0,Vacancy,0,Vacancy,True
3678,2024-09-08,11:31:14,0,Vacancy,0,Vacancy,True
3679,2024-09-08,11:31:30,0,Vacancy,0,Vacancy,True
3680,2024-09-08,11:31:46,0,Vacancy,0,Vacancy,True
3681,2024-09-08,11:32:02,0,Vacancy,0,Vacancy,True
3682,2024-09-08,11:32:18,0,Vacancy,0,Vacancy,True
3683,2024-09-08,11:32:34,0,Vacancy,0,Vacancy,True
3684,2024-09-08,11:32:50,0,Vacancy,0,Vacancy,True
3685,2024-09-08,11:33:06,0,Vacancy,0,Vacancy,True
3686,2024-09-08,11:33:22,0,Vacancy,0,Vacancy,True
3687,2024-09-08,11:33:38,0,Vacancy,0,Vacancy,True
3688,2024-09-08,11:33:54,0,Vacancy,0,Vacancy,True
3689,2024-09-08,11:34:10,0,Vacancy,0,Vacancy,True
3690,2024-09-08,11:34:26,0,Vacancy,0,Vacancy,True
3691,2024-09-08,11:34:42,0,Vacancy,0,Vacancy,True
3692,2024-09-08,11:34:58,0,Vacancy,0,Vacancy,True
3693,2024-09-08,11:35:14,0,Vacancy,0,Vacancy,True
3694,2024-09-08,11:35:30,0,Vacancy,0,Vacancy,True
3695,2024-09-08,11:35:46,0,Vacancy,0,Vacancy,True
3696,2024-09-08,11:36:02,0,Vacancy,0,Vacancy,True
3697,2024-09-08,11:36:18,0,Vacancy,0,Vacancy,True
3698,2024-09-08,11:36:34,0,Vacancy,0,Vacancy,True
3699,2024-09-08,11:36:50,0,Vacancy,0,Vacancy,True
3700,2024-09-08,11:37:06,0,Vacancy,0,Vacancy,True
3701,2024-09-08,11:37:22,0,Vacancy,0,Vacancy,True
3702,2024-09-08,11:37:38,0,Vacancy,0,Vacancy,True
3703,2024-09-08,11:37:54,0,Vacancy,0,Vacancy,True
3704,2024-09-08,11:38:10,0,Vacancy,0,Vacancy,True
3705,2024-09-08,11:38:26,0,Vacancy,0,Vacancy,True
3706,2024-09-08,11:38:42,0,Vacancy,0,Vacancy,True
3707,2024-09-08,11:38:58,0,Vacancy,0,Vacancy,True
3708,2024-09-08,11:39:14,0,Vacancy,0,Vacancy,True
3709,2024-09-08,11:39:30,0,Vacancy,0,Vacancy,True
3710,2024-09-08,11:39:46,0,Vacancy,0,Vacancy,True
3711,2024-09-08,11:40:02,0,Vacancy,0,Vacancy,True
3712,2024-09-08,11:40:18,0,Vacancy,0,Vacancy,True
3713,2024-09-08,11:40:34,0,Vacancy,0,Vacancy,True
3714,2024-09-08,11:40:50,0,Vacancy,0,Vacancy,True
3715,2024-09-08,11:41:06,0,Vacancy,0,Vacancy,True
3716,2024-09-08,11:41:22,0,Vacancy,0,Vacancy,True
3717,2024-09-08,11:41:38,0,Vacancy,0,Vacancy,True
3718,2024-09-08,11:41:54,0,Vacancy,0,Vacancy,True
3719,2024-09-08,11:42:10,0,Vacancy,0,Vacancy,True
3720,2024-09-08,11:42:26,0,Vacancy,0,Vacancy,True
3721,2024-09-08,11:42:42,0,Vacancy,0,Vacancy,True
3722,2024-09-08,11:42:58,0,Vacancy,0,Vacancy,True
3723,2024-09-08,11:43:14,0,Vacancy,0,Vacancy,True
3724,2024-09-08,11:43:30,0,Vacancy,0,Vacancy,True
3725,2024-09-08,11:43:46,0,Vacancy,0,Vacancy,True
3726,2024-09-08,11:44:02,0,Vacancy,0,Vacancy,True
3727,2024-09-08,11:44:18,0,Vacancy,0,Vacancy,True
3728,2024-09-08,11:44:34,0,Vacancy,0,Vacancy,True
3729,2024-09-08,11:44:50,0,Vacancy,0,Vacancy,True
3730,2024-09-08,11:45:06,0,Vacancy,0,Vacancy,True
3731,2024-09-08,11:45:22,0,Vacancy,0,Vacancy,True
3732,2024-09-08,11:45:38,0,Vacancy,0,Vacancy,True
3733,2024-09-08,11:45:54,0,Vacancy,0,Vacancy,True
3734,2024-09-08,11:46:10,0,Vacancy,0,Vacancy,True
3735,2024-09-08,11:46:26,0,Vacancy,0,Vacancy,True
3736,2024-09-08,11:46:42,0,Vacancy,0,Vacancy,True
3737,2024-09-08,11:46:58,0,Vacancy,0,Vacancy,True
3738,2024-09-08,11:47:14,0,Vacancy,0,Vacancy,True
3739,2024-09-08,11:47:30,0,Vacancy,0,Vacancy,True
3740,2024-09-08,11:47:46,0,Vacancy,0,Vacancy,True
3741,2024-09-08,11:48:02,0,Vacancy,0,Vacancy,True
3742,2024-09-08,11:48:18,0,Vacancy,0,Vacancy,True
3743,2024-09-08,11:48:34,0,Vacancy,0,Vacancy,True
3744,2024-09-08,11:48:50,0,Vacancy,0,Vacancy,True
3745,2024-09-08,11:49:06,0,Vacancy,0,Vacancy,True
3746,2024-09-08,11:49:22,0,Vacancy,0,Vacancy,True
3747,2024-09-08,11:49:38,0,Vacancy,0,Vacancy,True
3748,2024-09-08,11:49:54,0,Vacancy,0,Vacancy,True
3749,2024-09-08,11:50:10,0,Vacancy,0,Vacancy,True
3750,2024-09-08,11:50:26,0,Vacancy,0,Vacancy,True
3751,2024-09-08,11:50:42,0,Vacancy,0,Vacancy,True
3752,2024-09-08,11:50:58,0,Vacancy,0,Vacancy,True
3753,2024-09-08,11:51:14,0,Vacancy,0,Vacancy,True
3754,2024-09-08,11:51:30,0,Vacancy,0,Vacancy,True
3755,2024-09-08,11:51:46,0,Vacancy,0,Vacancy,True
3756,2024-09-08,11:52:02,0,Vacancy,0,Vacancy,True
3757,2024-09-08,11:52:18,0,Vacancy,0,Vacancy,True
3758,2024-09-08,11:52:34,0,Vacancy,0,Vacancy,True
3759,2024-09-08,11:52:50,0,Vacancy,0,Vacancy,True
3760,2024-09-08,11:53:06,0,Vacancy,0,Vacancy,True
3761,2024-09-08,11:53:22,0,Vacancy,0,Vacancy,True
3762,2024-09-08,11:53:38,0,Vacancy,0,Vacancy,True
3763,2024-09-08,11:53:54,0,Vacancy,0,Vacancy,True
3764,2024-09-08,11:54:10,0,Vacancy,0,Vacancy,True
3765,2024-09-08,11:54:26,0,Vacancy,0,Vacancy,True
3766,2024-09-08,11:54:42,0,Vacancy,0,Vacancy,True
3767,2024-09-08,11:54:58,0,Vacancy,0,Vacancy,True
3768,2024-09-08,11:55:14,0,Vacancy,0,Vacancy,True
3769,2024-09-08,11:55:30,0,Vacancy,0,Vacancy,True
3770,2024-09-08,11:55:46,0,Vacancy,0,Vacancy,True
3771,2024-09-08,11:56:02,0,Vacancy,0,Vacancy,True
3772,2024-09-08,11:56:18,0,Vacancy,0,Vacancy,True
3773,2024-09-08,11:56:34,0,Vacancy,0,Vacancy,True
3774,2024-09-08,11:56:50,0,Vacancy,0,Vacancy,True
3775,2024-09-08,11:57:06,0,Vacancy,0,Vacancy,True
3776,2024-09-08,11:57:22,0,Vacancy,0,Vacancy,True
3777,2024-09-08,11:57:38,0,Vacancy,0,Vacancy,True
3778,2024-09-08,11:57:54,0,Vacancy,0,Vacancy,True
3779,2024-09-08,11:58:10,0,Vacancy,0,Vacancy,True
3780,2024-09-08,11:58:26,3,Other activity/motion,3,Other activity/motion,True
3781,2024-09-08,11:58:32,3,Other activity/motion,3,Other activity/motion,True
3782,2024-09-08,11:58:42,3,Other activity/motion,3,Other activity/motion,True
3783,2024-09-08,11:58:48,3,Other activity/motion,3,Other activity/motion,True
3784,2024-09-08,11:58:53,3,Other activity/motion,3,Other activity/motion,True
3785,2024-09-08,11:58:59,3,Other activity/motion,3,Other activity/motion,True
3786,2024-09-08,11:59:14,3,Other activity/motion,3,Other activity/motion,True
3787,2024-09-08,11:59:20,3,Other activity/motion,3,Other activity/motion,True
3788,2024-09-08,11:59:25,3,Other activity/motion,3,Other activity/motion,True
3789,2024-09-08,11:59:31,3,Other activity/motion,3,Other activity/motion,True
3790,2024-09-08,11:59:37,3,Other activity/motion,3,Other activity/motion,True
3791,2024-09-08,11:59:42,3,Other activity/motion,3,Other activity/motion,True
3792,2024-09-08,11:59:47,3,Other activity/motion,3,Other activity/motion,True
3793,2024-09-08,12:00:02,1,Stationary human presence,0,Vacancy,False
3794,2024-09-08,12:00:18,3,Other activity/motion,0,Vacancy,False
3795,2024-09-08,12:00:34,0,Vacancy,0,Vacancy,True
3796,2024-09-08,12:00:50,0,Vacancy,0,Vacancy,True
3797,2024-09-08,12:01:06,0,Vacancy,0,Vacancy,True
3798,2024-09-08,12:01:22,0,Vacancy,0,Vacancy,True
3799,2024-09-08,12:01:38,0,Vacancy,0,Vacancy,True
3800,2024-09-08,12:01:54,0,Vacancy,0,Vacancy,True
3801,2024-09-08,12:02:10,0,Vacancy,0,Vacancy,True
3802,2024-09-08,12:02:26,0,Vacancy,0,Vacancy,True
3803,2024-09-08,12:02:42,0,Vacancy,0,Vacancy,True
3804,2024-09-08,12:02:58,0,Vacancy,0,Vacancy,True
3805,2024-09-08,12:03:14,0,Vacancy,0,Vacancy,True
3806,2024-09-08,12:03:30,0,Vacancy,0,Vacancy,True
3807,2024-09-08,12:03:46,0,Vacancy,0,Vacancy,True
3808,2024-09-08,12:04:02,0,Vacancy,0,Vacancy,True
3809,2024-09-08,12:04:19,0,Vacancy,0,Vacancy,True
3810,2024-09-08,12:04:34,0,Vacancy,0,Vacancy,True
3811,2024-09-08,12:04:50,0,Vacancy,0,Vacancy,True
3812,2024-09-08,12:05:06,0,Vacancy,0,Vacancy,True
3813,2024-09-08,12:05:22,0,Vacancy,0,Vacancy,True
3814,2024-09-08,12:05:39,0,Vacancy,0,Vacancy,True
3815,2024-09-08,12:05:54,0,Vacancy,0,Vacancy,True
3816,2024-09-08,12:06:10,0,Vacancy,0,Vacancy,True
3817,2024-09-08,12:06:26,0,Vacancy,1,Stationary human presence,False
3818,2024-09-08,12:06:43,0,Vacancy,0,Vacancy,True
3819,2024-09-08,12:06:58,0,Vacancy,0,Vacancy,True
3820,2024-09-08,12:07:15,1,Stationary human presence,0,Vacancy,False
3821,2024-09-08,12:07:31,0,Vacancy,0,Vacancy,True
3822,2024-09-08,12:07:47,1,Stationary human presence,1,Stationary human presence,True
3823,2024-09-08,12:08:03,0,Vacancy,0,Vacancy,True
3824,2024-09-08,12:08:18,0,Vacancy,0,Vacancy,True
3825,2024-09-08,12:08:35,0,Vacancy,0,Vacancy,True
3826,2024-09-08,12:08:51,1,Stationary human presence,1,Stationary human presence,True
3827,2024-09-08,12:09:07,0,Vacancy,0,Vacancy,True
3828,2024-09-08,12:09:23,1,Stationary human presence,3,Other activity/motion,False
3829,2024-09-08,12:09:39,0,Vacancy,0,Vacancy,True
3830,2024-09-08,12:09:55,0,Vacancy,0,Vacancy,True
3831,2024-09-08,12:10:11,0,Vacancy,0,Vacancy,True
3832,2024-09-08,12:10:27,0,Vacancy,0,Vacancy,True
3833,2024-09-08,12:10:43,0,Vacancy,0,Vacancy,True
3834,2024-09-08,12:10:59,0,Vacancy,0,Vacancy,True
3835,2024-09-08,12:11:15,0,Vacancy,1,Stationary human presence,False
3836,2024-09-08,12:11:31,1,Stationary human presence,1,Stationary human presence,True
3837,2024-09-08,12:11:47,0,Vacancy,0,Vacancy,True
3838,2024-09-08,12:12:03,1,Stationary human presence,0,Vacancy,False
3839,2024-09-08,12:12:19,0,Vacancy,0,Vacancy,True
3840,2024-09-08,12:12:35,1,Stationary human presence,1,Stationary human presence,True
3841,2024-09-08,12:12:51,1,Stationary human presence,1,Stationary human presence,True
3842,2024-09-08,12:13:07,0,Vacancy,0,Vacancy,True
3843,2024-09-08,12:13:23,1,Stationary human presence,1,Stationary human presence,True
3844,2024-09-08,12:13:39,1,Stationary human presence,1,Stationary human presence,True
3845,2024-09-08,12:13:55,1,Stationary human presence,1,Stationary human presence,True
3846,2024-09-08,12:14:11,1,Stationary human presence,1,Stationary human presence,True
3847,2024-09-08,12:14:27,1,Stationary human presence,1,Stationary human presence,True
3848,2024-09-08,12:14:43,1,Stationary human presence,1,Stationary human presence,True
3849,2024-09-08,12:14:59,1,Stationary human presence,1,Stationary human presence,True
3850,2024-09-08,12:15:15,1,Stationary human presence,1,Stationary human presence,True
3851,2024-09-08,12:15:31,1,Stationary human presence,1,Stationary human presence,True
3852,2024-09-08,12:15:47,1,Stationary human presence,1,Stationary human presence,True
3853,2024-09-08,12:16:03,1,Stationary human presence,1,Stationary human presence,True
3854,2024-09-08,12:16:19,1,Stationary human presence,1,Stationary human presence,True
3855,2024-09-08,12:16:35,1,Stationary human presence,1,Stationary human presence,True
3856,2024-09-08,12:16:51,1,Stationary human presence,1,Stationary human presence,True
3857,2024-09-08,12:17:07,0,Vacancy,0,Vacancy,True
3858,2024-09-08,12:17:23,1,Stationary human presence,1,Stationary human presence,True
3859,2024-09-08,12:17:39,1,Stationary human presence,1,Stationary human presence,True
3860,2024-09-08,12:17:55,0,Vacancy,1,Stationary human presence,False
3861,2024-09-08,12:18:11,3,Other activity/motion,0,Vacancy,False
3862,2024-09-08,12:18:27,1,Stationary human presence,0,Vacancy,False
3863,2024-09-08,12:18:43,1,Stationary human presence,1,Stationary human presence,True
3864,2024-09-08,12:18:59,1,Stationary human presence,1,Stationary human presence,True
3865,2024-09-08,12:19:15,1,Stationary human presence,1,Stationary human presence,True
3866,2024-09-08,12:19:31,1,Stationary human presence,1,Stationary human presence,True
3867,2024-09-08,12:19:47,3,Other activity/motion,1,Stationary human presence,False
3868,2024-09-08,12:20:03,1,Stationary human presence,1,Stationary human presence,True
3869,2024-09-08,12:20:19,1,Stationary human presence,1,Stationary human presence,True
3870,2024-09-08,12:20:35,1,Stationary human presence,1,Stationary human presence,True
3871,2024-09-08,12:20:51,1,Stationary human presence,1,Stationary human presence,True
3872,2024-09-08,12:21:07,3,Other activity/motion,1,Stationary human presence,False
3873,2024-09-08,12:21:23,1,Stationary human presence,1,Stationary human presence,True
3874,2024-09-08,12:21:39,3,Other activity/motion,1,Stationary human presence,False
3875,2024-09-08,12:21:55,1,Stationary human presence,1,Stationary human presence,True
3876,2024-09-08,12:22:11,3,Other activity/motion,1,Stationary human presence,False
3877,2024-09-08,12:22:27,1,Stationary human presence,1,Stationary human presence,True
3878,2024-09-08,12:22:43,1,Stationary human presence,1,Stationary human presence,True
3879,2024-09-08,12:22:59,1,Stationary human presence,1,Stationary human presence,True
3880,2024-09-08,12:23:15,1,Stationary human presence,0,Vacancy,False
3881,2024-09-08,12:23:31,1,Stationary human presence,1,Stationary human presence,True
3882,2024-09-08,12:23:47,1,Stationary human presence,1,Stationary human presence,True
3883,2024-09-08,12:24:03,1,Stationary human presence,1,Stationary human presence,True
3884,2024-09-08,12:24:19,1,Stationary human presence,1,Stationary human presence,True
3885,2024-09-08,12:24:35,1,Stationary human presence,1,Stationary human presence,True
3886,2024-09-08,12:24:51,3,Other activity/motion,0,Vacancy,False
3887,2024-09-08,12:25:07,3,Other activity/motion,1,Stationary human presence,False
3888,2024-09-08,12:25:23,1,Stationary human presence,1,Stationary human presence,True
3889,2024-09-08,12:25:39,1,Stationary human presence,1,Stationary human presence,True
3890,2024-09-08,12:25:55,1,Stationary human presence,1,Stationary human presence,True
3891,2024-09-08,12:26:11,1,Stationary human presence,1,Stationary human presence,True
3892,2024-09-08,12:26:27,1,Stationary human presence,0,Vacancy,False
3893,2024-09-08,12:26:43,3,Other activity/motion,3,Other activity/motion,True
3894,2024-09-08,12:26:49,3,Other activity/motion,3,Other activity/motion,True
3895,2024-09-08,12:26:54,3,Other activity/motion,3,Other activity/motion,True
3896,2024-09-08,12:27:00,3,Other activity/motion,3,Other activity/motion,True
3897,2024-09-08,12:27:15,0,Vacancy,3,Other activity/motion,False
3898,2024-09-08,12:27:31,3,Other activity/motion,3,Other activity/motion,True
3899,2024-09-08,12:27:47,3,Other activity/motion,3,Other activity/motion,True
3900,2024-09-08,12:27:53,3,Other activity/motion,3,Other activity/motion,True
3901,2024-09-08,12:28:03,3,Other activity/motion,3,Other activity/motion,True
3902,2024-09-08,12:28:19,3,Other activity/motion,3,Other activity/motion,True
3903,2024-09-08,12:28:35,3,Other activity/motion,3,Other activity/motion,True
3904,2024-09-08,12:28:51,3,Other activity/motion,3,Other activity/motion,True
3905,2024-09-08,12:28:57,3,Other activity/motion,3,Other activity/motion,True
3906,2024-09-08,12:29:02,3,Other activity/motion,3,Other activity/motion,True
3907,2024-09-08,12:29:08,3,Other activity/motion,3,Other activity/motion,True
3908,2024-09-08,12:29:23,3,Other activity/motion,3,Other activity/motion,True
3909,2024-09-08,12:29:29,3,Other activity/motion,3,Other activity/motion,True
3910,2024-09-08,12:29:34,3,Other activity/motion,3,Other activity/motion,True
3911,2024-09-08,12:29:40,3,Other activity/motion,3,Other activity/motion,True
3912,2024-09-08,12:29:46,3,Other activity/motion,3,Other activity/motion,True
3913,2024-09-08,12:29:55,3,Other activity/motion,3,Other activity/motion,True
3914,2024-09-08,12:30:11,3,Other activity/motion,3,Other activity/motion,True
3915,2024-09-08,12:30:27,3,Other activity/motion,3,Other activity/motion,True
3916,2024-09-08,12:30:33,3,Other activity/motion,3,Other activity/motion,True
3917,2024-09-08,12:30:38,3,Other activity/motion,3,Other activity/motion,True
3918,2024-09-08,12:30:44,3,Other activity/motion,3,Other activity/motion,True
3919,2024-09-08,12:30:59,3,Other activity/motion,3,Other activity/motion,True
3920,2024-09-08,12:31:15,3,Other activity/motion,3,Other activity/motion,True
3921,2024-09-08,12:31:21,3,Other activity/motion,3,Other activity/motion,True
3922,2024-09-08,12:31:26,3,Other activity/motion,3,Other activity/motion,True
3923,2024-09-08,12:31:32,3,Other activity/motion,3,Other activity/motion,True
3924,2024-09-08,12:31:47,3,Other activity/motion,3,Other activity/motion,True
3925,2024-09-08,12:32:03,3,Other activity/motion,3,Other activity/motion,True
3926,2024-09-08,12:32:19,3,Other activity/motion,3,Other activity/motion,True
3927,2024-09-08,12:32:35,3,Other activity/motion,3,Other activity/motion,True
3928,2024-09-08,12:32:51,3,Other activity/motion,1,Stationary human presence,False
3929,2024-09-08,12:33:07,1,Stationary human presence,1,Stationary human presence,True
3930,2024-09-08,12:33:23,1,Stationary human presence,1,Stationary human presence,True
3931,2024-09-08,12:33:39,1,Stationary human presence,1,Stationary human presence,True
3932,2024-09-08,12:33:55,1,Stationary human presence,1,Stationary human presence,True
3933,2024-09-08,12:34:11,3,Other activity/motion,3,Other activity/motion,True
3934,2024-09-08,12:34:27,1,Stationary human presence,1,Stationary human presence,True
3935,2024-09-08,12:34:43,1,Stationary human presence,1,Stationary human presence,True
3936,2024-09-08,12:34:59,1,Stationary human presence,1,Stationary human presence,True
3937,2024-09-08,12:35:15,1,Stationary human presence,1,Stationary human presence,True
3938,2024-09-08,12:35:31,3,Other activity/motion,3,Other activity/motion,True
3939,2024-09-08,12:35:37,3,Other activity/motion,3,Other activity/motion,True
3940,2024-09-08,12:35:42,3,Other activity/motion,3,Other activity/motion,True
3941,2024-09-08,12:35:48,3,Other activity/motion,3,Other activity/motion,True
3942,2024-09-08,12:35:54,3,Other activity/motion,3,Other activity/motion,True
3943,2024-09-08,12:36:03,3,Other activity/motion,1,Stationary human presence,False
3944,2024-09-08,12:36:19,3,Other activity/motion,3,Other activity/motion,True
3945,2024-09-08,12:36:35,3,Other activity/motion,3,Other activity/motion,True
3946,2024-09-08,12:36:51,1,Stationary human presence,3,Other activity/motion,False
3947,2024-09-08,12:37:07,3,Other activity/motion,1,Stationary human presence,False
3948,2024-09-08,12:37:23,3,Other activity/motion,1,Stationary human presence,False
3949,2024-09-08,12:37:39,3,Other activity/motion,1,Stationary human presence,False
3950,2024-09-08,12:37:45,3,Other activity/motion,3,Other activity/motion,True
3951,2024-09-08,12:37:50,3,Other activity/motion,3,Other activity/motion,True
3952,2024-09-08,12:37:56,1,Stationary human presence,3,Other activity/motion,False
3953,2024-09-08,12:38:11,1,Stationary human presence,1,Stationary human presence,True
3954,2024-09-08,12:38:27,1,Stationary human presence,1,Stationary human presence,True
3955,2024-09-08,12:38:43,3,Other activity/motion,1,Stationary human presence,False
3956,2024-09-08,12:38:59,3,Other activity/motion,3,Other activity/motion,True
3957,2024-09-08,12:39:15,3,Other activity/motion,1,Stationary human presence,False
3958,2024-09-08,12:39:21,3,Other activity/motion,3,Other activity/motion,True
3959,2024-09-08,12:39:26,3,Other activity/motion,3,Other activity/motion,True
3960,2024-09-08,12:39:32,3,Other activity/motion,3,Other activity/motion,True
3961,2024-09-08,12:39:47,3,Other activity/motion,3,Other activity/motion,True
3962,2024-09-08,12:40:03,1,Stationary human presence,3,Other activity/motion,False
3963,2024-09-08,12:40:19,1,Stationary human presence,1,Stationary human presence,True
3964,2024-09-08,12:40:35,3,Other activity/motion,1,Stationary human presence,False
3965,2024-09-08,12:40:51,1,Stationary human presence,1,Stationary human presence,True
3966,2024-09-08,12:41:07,3,Other activity/motion,1,Stationary human presence,False
3967,2024-09-08,12:41:23,1,Stationary human presence,3,Other activity/motion,False
3968,2024-09-08,12:41:39,1,Stationary human presence,1,Stationary human presence,True
3969,2024-09-08,12:41:55,1,Stationary human presence,1,Stationary human presence,True
3970,2024-09-08,12:42:11,1,Stationary human presence,1,Stationary human presence,True
3971,2024-09-08,12:42:27,1,Stationary human presence,1,Stationary human presence,True
3972,2024-09-08,12:42:43,3,Other activity/motion,0,Vacancy,False
3973,2024-09-08,12:42:49,1,Stationary human presence,3,Other activity/motion,False
3974,2024-09-08,12:42:59,1,Stationary human presence,1,Stationary human presence,True
3975,2024-09-08,12:43:15,1,Stationary human presence,1,Stationary human presence,True
3976,2024-09-08,12:43:31,1,Stationary human presence,1,Stationary human presence,True
3977,2024-09-08,12:43:47,1,Stationary human presence,1,Stationary human presence,True
3978,2024-09-08,12:44:03,1,Stationary human presence,1,Stationary human presence,True
3979,2024-09-08,12:44:19,1,Stationary human presence,1,Stationary human presence,True
3980,2024-09-08,12:44:35,1,Stationary human presence,1,Stationary human presence,True
3981,2024-09-08,12:44:51,1,Stationary human presence,1,Stationary human presence,True
3982,2024-09-08,12:45:07,1,Stationary human presence,1,Stationary human presence,True
3983,2024-09-08,12:45:23,1,Stationary human presence,1,Stationary human presence,True
3984,2024-09-08,12:45:39,1,Stationary human presence,1,Stationary human presence,True
3985,2024-09-08,12:45:55,1,Stationary human presence,1,Stationary human presence,True
3986,2024-09-08,12:46:11,1,Stationary human presence,1,Stationary human presence,True
3987,2024-09-08,12:46:27,1,Stationary human presence,1,Stationary human presence,True
3988,2024-09-08,12:46:43,1,Stationary human presence,1,Stationary human presence,True
3989,2024-09-08,12:46:59,1,Stationary human presence,1,Stationary human presence,True
3990,2024-09-08,12:47:15,1,Stationary human presence,1,Stationary human presence,True
3991,2024-09-08,12:47:31,1,Stationary human presence,1,Stationary human presence,True
3992,2024-09-08,12:47:47,1,Stationary human presence,1,Stationary human presence,True
3993,2024-09-08,12:48:03,1,Stationary human presence,1,Stationary human presence,True
3994,2024-09-08,12:48:19,1,Stationary human presence,1,Stationary human presence,True
3995,2024-09-08,12:48:35,1,Stationary human presence,1,Stationary human presence,True
3996,2024-09-08,12:48:51,1,Stationary human presence,1,Stationary human presence,True
3997,2024-09-08,12:49:07,1,Stationary human presence,1,Stationary human presence,True
3998,2024-09-08,12:49:23,1,Stationary human presence,1,Stationary human presence,True
3999,2024-09-08,12:49:39,1,Stationary human presence,1,Stationary human presence,True
4000,2024-09-08,12:49:55,1,Stationary human presence,1,Stationary human presence,True
4001,2024-09-08,12:50:11,1,Stationary human presence,1,Stationary human presence,True
4002,2024-09-08,12:50:28,1,Stationary human presence,1,Stationary human presence,True
4003,2024-09-08,12:50:44,1,Stationary human presence,1,Stationary human presence,True
4004,2024-09-08,12:50:59,1,Stationary human presence,1,Stationary human presence,True
4005,2024-09-08,12:51:16,1,Stationary human presence,1,Stationary human presence,True
4006,2024-09-08,12:51:31,1,Stationary human presence,1,Stationary human presence,True
4007,2024-09-08,12:51:48,1,Stationary human presence,1,Stationary human presence,True
4008,2024-09-08,12:52:03,1,Stationary human presence,1,Stationary human presence,True
4009,2024-09-08,12:52:19,1,Stationary human presence,1,Stationary human presence,True
4010,2024-09-08,12:52:35,1,Stationary human presence,1,Stationary human presence,True
4011,2024-09-08,12:52:52,1,Stationary human presence,1,Stationary human presence,True
4012,2024-09-08,12:53:08,1,Stationary human presence,1,Stationary human presence,True
4013,2024-09-08,12:53:24,3,Other activity/motion,3,Other activity/motion,True
4014,2024-09-08,12:53:40,3,Other activity/motion,1,Stationary human presence,False
4015,2024-09-08,12:53:56,1,Stationary human presence,1,Stationary human presence,True
4016,2024-09-08,12:54:12,1,Stationary human presence,1,Stationary human presence,True
4017,2024-09-08,12:54:28,1,Stationary human presence,1,Stationary human presence,True
4018,2024-09-08,12:54:44,3,Other activity/motion,1,Stationary human presence,False
4019,2024-09-08,12:55:00,1,Stationary human presence,1,Stationary human presence,True
4020,2024-09-08,12:55:16,1,Stationary human presence,1,Stationary human presence,True
4021,2024-09-08,12:55:32,1,Stationary human presence,1,Stationary human presence,True
4022,2024-09-08,12:55:48,1,Stationary human presence,1,Stationary human presence,True
4023,2024-09-08,12:56:04,1,Stationary human presence,1,Stationary human presence,True
4024,2024-09-08,12:56:20,1,Stationary human presence,1,Stationary human presence,True
4025,2024-09-08,12:56:36,1,Stationary human presence,1,Stationary human presence,True
4026,2024-09-08,12:56:52,1,Stationary human presence,1,Stationary human presence,True
4027,2024-09-08,12:57:08,3,Other activity/motion,3,Other activity/motion,True
4028,2024-09-08,12:57:24,1,Stationary human presence,1,Stationary human presence,True
4029,2024-09-08,12:57:40,1,Stationary human presence,1,Stationary human presence,True
4030,2024-09-08,12:57:56,1,Stationary human presence,1,Stationary human presence,True
4031,2024-09-08,12:58:12,3,Other activity/motion,1,Stationary human presence,False
4032,2024-09-08,12:58:28,1,Stationary human presence,1,Stationary human presence,True
4033,2024-09-08,12:58:44,1,Stationary human presence,1,Stationary human presence,True
4034,2024-09-08,12:59:00,1,Stationary human presence,1,Stationary human presence,True
4035,2024-09-08,12:59:16,1,Stationary human presence,1,Stationary human presence,True
4036,2024-09-08,12:59:32,1,Stationary human presence,1,Stationary human presence,True
4037,2024-09-08,12:59:48,1,Stationary human presence,1,Stationary human presence,True
4038,2024-09-08,13:00:04,1,Stationary human presence,1,Stationary human presence,True
4039,2024-09-08,13:00:20,1,Stationary human presence,1,Stationary human presence,True
4040,2024-09-08,13:00:36,1,Stationary human presence,1,Stationary human presence,True
4041,2024-09-08,13:00:52,1,Stationary human presence,1,Stationary human presence,True
4042,2024-09-08,13:01:08,1,Stationary human presence,1,Stationary human presence,True
4043,2024-09-08,13:01:24,1,Stationary human presence,1,Stationary human presence,True
4044,2024-09-08,13:01:40,1,Stationary human presence,1,Stationary human presence,True
4045,2024-09-08,13:01:56,1,Stationary human presence,1,Stationary human presence,True
4046,2024-09-08,13:02:12,1,Stationary human presence,1,Stationary human presence,True
4047,2024-09-08,13:02:28,1,Stationary human presence,1,Stationary human presence,True
4048,2024-09-08,13:02:44,1,Stationary human presence,1,Stationary human presence,True
4049,2024-09-08,13:03:00,1,Stationary human presence,1,Stationary human presence,True
4050,2024-09-08,13:03:16,1,Stationary human presence,1,Stationary human presence,True
4051,2024-09-08,13:03:32,1,Stationary human presence,1,Stationary human presence,True
4052,2024-09-08,13:03:48,1,Stationary human presence,1,Stationary human presence,True
4053,2024-09-08,13:04:04,1,Stationary human presence,1,Stationary human presence,True
4054,2024-09-08,13:04:20,1,Stationary human presence,1,Stationary human presence,True
4055,2024-09-08,13:04:36,1,Stationary human presence,1,Stationary human presence,True
4056,2024-09-08,13:04:52,3,Other activity/motion,3,Other activity/motion,True
4057,2024-09-08,13:04:57,3,Other activity/motion,3,Other activity/motion,True
4058,2024-09-08,13:05:08,1,Stationary human presence,3,Other activity/motion,False
4059,2024-09-08,13:05:24,1,Stationary human presence,1,Stationary human presence,True
4060,2024-09-08,13:05:40,1,Stationary human presence,1,Stationary human presence,True
4061,2024-09-08,13:05:56,3,Other activity/motion,1,Stationary human presence,False
4062,2024-09-08,13:06:01,3,Other activity/motion,3,Other activity/motion,True
4063,2024-09-08,13:06:12,3,Other activity/motion,1,Stationary human presence,False
4064,2024-09-08,13:06:28,1,Stationary human presence,1,Stationary human presence,True
4065,2024-09-08,13:06:44,1,Stationary human presence,1,Stationary human presence,True
4066,2024-09-08,13:07:00,1,Stationary human presence,1,Stationary human presence,True
4067,2024-09-08,13:07:16,3,Other activity/motion,1,Stationary human presence,False
4068,2024-09-08,13:07:32,1,Stationary human presence,1,Stationary human presence,True
4069,2024-09-08,13:07:48,1,Stationary human presence,1,Stationary human presence,True
4070,2024-09-08,13:08:04,1,Stationary human presence,1,Stationary human presence,True
4071,2024-09-08,13:08:20,1,Stationary human presence,1,Stationary human presence,True
4072,2024-09-08,13:08:36,1,Stationary human presence,1,Stationary human presence,True
4073,2024-09-08,13:08:52,1,Stationary human presence,1,Stationary human presence,True
4074,2024-09-08,13:09:08,3,Other activity/motion,1,Stationary human presence,False
4075,2024-09-08,13:09:14,3,Other activity/motion,3,Other activity/motion,True
4076,2024-09-08,13:09:24,3,Other activity/motion,3,Other activity/motion,True
4077,2024-09-08,13:09:40,1,Stationary human presence,1,Stationary human presence,True
4078,2024-09-08,13:09:56,3,Other activity/motion,1,Stationary human presence,False
4079,2024-09-08,13:10:12,1,Stationary human presence,1,Stationary human presence,True
4080,2024-09-08,13:10:28,3,Other activity/motion,1,Stationary human presence,False
4081,2024-09-08,13:10:44,3,Other activity/motion,1,Stationary human presence,False
4082,2024-09-08,13:10:50,3,Other activity/motion,3,Other activity/motion,True
4083,2024-09-08,13:11:00,3,Other activity/motion,3,Other activity/motion,True
4084,2024-09-08,13:11:16,1,Stationary human presence,1,Stationary human presence,True
4085,2024-09-08,13:11:32,1,Stationary human presence,1,Stationary human presence,True
4086,2024-09-08,13:11:48,1,Stationary human presence,1,Stationary human presence,True
4087,2024-09-08,13:12:04,3,Other activity/motion,3,Other activity/motion,True
4088,2024-09-08,13:12:20,3,Other activity/motion,3,Other activity/motion,True
4089,2024-09-08,13:12:36,1,Stationary human presence,1,Stationary human presence,True
4090,2024-09-08,13:12:52,1,Stationary human presence,1,Stationary human presence,True
4091,2024-09-08,13:13:08,1,Stationary human presence,1,Stationary human presence,True
4092,2024-09-08,13:13:24,1,Stationary human presence,1,Stationary human presence,True
4093,2024-09-08,13:13:40,3,Other activity/motion,1,Stationary human presence,False
4094,2024-09-08,13:13:56,1,Stationary human presence,1,Stationary human presence,True
4095,2024-09-08,13:14:12,1,Stationary human presence,1,Stationary human presence,True
4096,2024-09-08,13:14:28,1,Stationary human presence,1,Stationary human presence,True
4097,2024-09-08,13:14:44,1,Stationary human presence,1,Stationary human presence,True
4098,2024-09-08,13:15:00,1,Stationary human presence,1,Stationary human presence,True
4099,2024-09-08,13:15:06,3,Other activity/motion,3,Other activity/motion,True
4100,2024-09-08,13:15:16,1,Stationary human presence,3,Other activity/motion,False
4101,2024-09-08,13:15:32,1,Stationary human presence,1,Stationary human presence,True
4102,2024-09-08,13:15:48,1,Stationary human presence,1,Stationary human presence,True
4103,2024-09-08,13:16:04,3,Other activity/motion,1,Stationary human presence,False
4104,2024-09-08,13:16:20,1,Stationary human presence,1,Stationary human presence,True
4105,2024-09-08,13:16:36,3,Other activity/motion,3,Other activity/motion,True
4106,2024-09-08,13:16:52,3,Other activity/motion,3,Other activity/motion,True
4107,2024-09-08,13:17:08,1,Stationary human presence,1,Stationary human presence,True
4108,2024-09-08,13:17:24,1,Stationary human presence,1,Stationary human presence,True
4109,2024-09-08,13:17:40,1,Stationary human presence,3,Other activity/motion,False
4110,2024-09-08,13:17:56,1,Stationary human presence,1,Stationary human presence,True
4111,2024-09-08,13:18:12,1,Stationary human presence,1,Stationary human presence,True
4112,2024-09-08,13:18:28,3,Other activity/motion,3,Other activity/motion,True
4113,2024-09-08,13:18:44,1,Stationary human presence,1,Stationary human presence,True
4114,2024-09-08,13:19:00,1,Stationary human presence,1,Stationary human presence,True
4115,2024-09-08,13:19:16,1,Stationary human presence,1,Stationary human presence,True
4116,2024-09-08,13:19:32,1,Stationary human presence,1,Stationary human presence,True
4117,2024-09-08,13:19:48,1,Stationary human presence,1,Stationary human presence,True
4118,2024-09-08,13:20:04,1,Stationary human presence,1,Stationary human presence,True
4119,2024-09-08,13:20:20,1,Stationary human presence,1,Stationary human presence,True
4120,2024-09-08,13:20:36,1,Stationary human presence,1,Stationary human presence,True
4121,2024-09-08,13:20:52,1,Stationary human presence,1,Stationary human presence,True
4122,2024-09-08,13:21:08,3,Other activity/motion,1,Stationary human presence,False
4123,2024-09-08,13:21:24,1,Stationary human presence,1,Stationary human presence,True
4124,2024-09-08,13:21:40,1,Stationary human presence,1,Stationary human presence,True
4125,2024-09-08,13:21:56,3,Other activity/motion,1,Stationary human presence,False
4126,2024-09-08,13:22:12,3,Other activity/motion,3,Other activity/motion,True
4127,2024-09-08,13:22:18,3,Other activity/motion,3,Other activity/motion,True
4128,2024-09-08,13:22:23,3,Other activity/motion,3,Other activity/motion,True
4129,2024-09-08,13:22:29,3,Other activity/motion,3,Other activity/motion,True
4130,2024-09-08,13:22:44,3,Other activity/motion,3,Other activity/motion,True
4131,2024-09-08,13:22:50,3,Other activity/motion,3,Other activity/motion,True
4132,2024-09-08,13:23:00,3,Other activity/motion,3,Other activity/motion,True
4133,2024-09-08,13:23:06,3,Other activity/motion,3,Other activity/motion,True
4134,2024-09-08,13:23:11,3,Other activity/motion,3,Other activity/motion,True
4135,2024-09-08,13:23:17,3,Other activity/motion,3,Other activity/motion,True
4136,2024-09-08,13:23:32,3,Other activity/motion,3,Other activity/motion,True
4137,2024-09-08,13:23:38,3,Other activity/motion,3,Other activity/motion,True
4138,2024-09-08,13:23:48,3,Other activity/motion,3,Other activity/motion,True
4139,2024-09-08,13:24:04,3,Other activity/motion,3,Other activity/motion,True
4140,2024-09-08,13:24:10,3,Other activity/motion,3,Other activity/motion,True
4141,2024-09-08,13:24:20,3,Other activity/motion,3,Other activity/motion,True
4142,2024-09-08,13:24:36,1,Stationary human presence,1,Stationary human presence,True
4143,2024-09-08,13:24:52,1,Stationary human presence,1,Stationary human presence,True
4144,2024-09-08,13:25:08,1,Stationary human presence,1,Stationary human presence,True
4145,2024-09-08,13:25:24,1,Stationary human presence,1,Stationary human presence,True
4146,2024-09-08,13:25:40,1,Stationary human presence,1,Stationary human presence,True
4147,2024-09-08,13:25:56,1,Stationary human presence,1,Stationary human presence,True
4148,2024-09-08,13:26:12,1,Stationary human presence,1,Stationary human presence,True
4149,2024-09-08,13:26:28,1,Stationary human presence,1,Stationary human presence,True
4150,2024-09-08,13:26:44,1,Stationary human presence,1,Stationary human presence,True
4151,2024-09-08,13:27:00,1,Stationary human presence,1,Stationary human presence,True
4152,2024-09-08,13:27:16,1,Stationary human presence,1,Stationary human presence,True
4153,2024-09-08,13:27:32,1,Stationary human presence,1,Stationary human presence,True
4154,2024-09-08,13:27:48,1,Stationary human presence,1,Stationary human presence,True
4155,2024-09-08,13:28:04,1,Stationary human presence,1,Stationary human presence,True
4156,2024-09-08,13:28:20,1,Stationary human presence,1,Stationary human presence,True
4157,2024-09-08,13:28:36,1,Stationary human presence,1,Stationary human presence,True
4158,2024-09-08,13:28:52,1,Stationary human presence,1,Stationary human presence,True
4159,2024-09-08,13:29:08,1,Stationary human presence,1,Stationary human presence,True
4160,2024-09-08,13:29:24,1,Stationary human presence,1,Stationary human presence,True
4161,2024-09-08,13:29:40,1,Stationary human presence,1,Stationary human presence,True
4162,2024-09-08,13:29:56,1,Stationary human presence,1,Stationary human presence,True
4163,2024-09-08,13:30:12,1,Stationary human presence,1,Stationary human presence,True
4164,2024-09-08,13:30:28,1,Stationary human presence,1,Stationary human presence,True
4165,2024-09-08,13:30:44,1,Stationary human presence,1,Stationary human presence,True
4166,2024-09-08,13:31:00,1,Stationary human presence,1,Stationary human presence,True
4167,2024-09-08,13:31:16,1,Stationary human presence,1,Stationary human presence,True
4168,2024-09-08,13:31:32,1,Stationary human presence,1,Stationary human presence,True
4169,2024-09-08,13:31:48,1,Stationary human presence,1,Stationary human presence,True
4170,2024-09-08,13:32:04,1,Stationary human presence,1,Stationary human presence,True
4171,2024-09-08,13:32:20,1,Stationary human presence,1,Stationary human presence,True
4172,2024-09-08,13:32:36,1,Stationary human presence,1,Stationary human presence,True
4173,2024-09-08,13:32:52,1,Stationary human presence,1,Stationary human presence,True
4174,2024-09-08,13:33:08,1,Stationary human presence,1,Stationary human presence,True
4175,2024-09-08,13:33:24,1,Stationary human presence,1,Stationary human presence,True
4176,2024-09-08,13:33:40,1,Stationary human presence,1,Stationary human presence,True
4177,2024-09-08,13:33:56,1,Stationary human presence,1,Stationary human presence,True
4178,2024-09-08,13:34:12,1,Stationary human presence,1,Stationary human presence,True
4179,2024-09-08,13:34:28,1,Stationary human presence,1,Stationary human presence,True
4180,2024-09-08,13:34:44,1,Stationary human presence,1,Stationary human presence,True
4181,2024-09-08,13:35:00,1,Stationary human presence,1,Stationary human presence,True
4182,2024-09-08,13:35:17,1,Stationary human presence,1,Stationary human presence,True
4183,2024-09-08,13:35:32,1,Stationary human presence,1,Stationary human presence,True
4184,2024-09-08,13:35:48,1,Stationary human presence,1,Stationary human presence,True
4185,2024-09-08,13:36:04,3,Other activity/motion,3,Other activity/motion,True
4186,2024-09-08,13:36:21,3,Other activity/motion,3,Other activity/motion,True
4187,2024-09-08,13:36:36,1,Stationary human presence,1,Stationary human presence,True
4188,2024-09-08,13:36:53,1,Stationary human presence,1,Stationary human presence,True
4189,2024-09-08,13:37:08,1,Stationary human presence,1,Stationary human presence,True
4190,2024-09-08,13:37:25,1,Stationary human presence,1,Stationary human presence,True
4191,2024-09-08,13:37:41,1,Stationary human presence,1,Stationary human presence,True
4192,2024-09-08,13:37:57,1,Stationary human presence,1,Stationary human presence,True
4193,2024-09-08,13:38:13,1,Stationary human presence,1,Stationary human presence,True
4194,2024-09-08,13:38:28,1,Stationary human presence,1,Stationary human presence,True
4195,2024-09-08,13:38:45,1,Stationary human presence,1,Stationary human presence,True
4196,2024-09-08,13:39:01,1,Stationary human presence,1,Stationary human presence,True
4197,2024-09-08,13:39:17,1,Stationary human presence,1,Stationary human presence,True
4198,2024-09-08,13:39:33,1,Stationary human presence,1,Stationary human presence,True
4199,2024-09-08,13:39:49,1,Stationary human presence,1,Stationary human presence,True
4200,2024-09-08,13:40:05,1,Stationary human presence,1,Stationary human presence,True
4201,2024-09-08,13:40:21,1,Stationary human presence,1,Stationary human presence,True
4202,2024-09-08,13:40:37,0,Vacancy,3,Other activity/motion,False
4203,2024-09-08,13:40:53,3,Other activity/motion,3,Other activity/motion,True
4204,2024-09-08,13:41:09,1,Stationary human presence,1,Stationary human presence,True
4205,2024-09-08,13:41:25,1,Stationary human presence,1,Stationary human presence,True
4206,2024-09-08,13:41:41,1,Stationary human presence,1,Stationary human presence,True
4207,2024-09-08,13:41:57,1,Stationary human presence,1,Stationary human presence,True
4208,2024-09-08,13:42:13,1,Stationary human presence,1,Stationary human presence,True
4209,2024-09-08,13:42:29,1,Stationary human presence,1,Stationary human presence,True
4210,2024-09-08,13:42:45,3,Other activity/motion,3,Other activity/motion,True
4211,2024-09-08,13:43:01,1,Stationary human presence,1,Stationary human presence,True
4212,2024-09-08,13:43:17,1,Stationary human presence,1,Stationary human presence,True
4213,2024-09-08,13:43:33,1,Stationary human presence,1,Stationary human presence,True
4214,2024-09-08,13:43:49,1,Stationary human presence,1,Stationary human presence,True
4215,2024-09-08,13:44:05,1,Stationary human presence,1,Stationary human presence,True
4216,2024-09-08,13:44:21,1,Stationary human presence,1,Stationary human presence,True
4217,2024-09-08,13:44:37,1,Stationary human presence,1,Stationary human presence,True
4218,2024-09-08,13:44:53,1,Stationary human presence,1,Stationary human presence,True
4219,2024-09-08,13:45:09,1,Stationary human presence,1,Stationary human presence,True
4220,2024-09-08,13:45:25,1,Stationary human presence,1,Stationary human presence,True
4221,2024-09-08,13:45:41,1,Stationary human presence,1,Stationary human presence,True
4222,2024-09-08,13:45:57,1,Stationary human presence,1,Stationary human presence,True
4223,2024-09-08,13:46:13,1,Stationary human presence,1,Stationary human presence,True
4224,2024-09-08,13:46:29,1,Stationary human presence,1,Stationary human presence,True
4225,2024-09-08,13:46:45,1,Stationary human presence,1,Stationary human presence,True
4226,2024-09-08,13:47:01,1,Stationary human presence,1,Stationary human presence,True
4227,2024-09-08,13:47:17,1,Stationary human presence,1,Stationary human presence,True
4228,2024-09-08,13:47:33,1,Stationary human presence,1,Stationary human presence,True
4229,2024-09-08,13:47:49,1,Stationary human presence,1,Stationary human presence,True
4230,2024-09-08,13:48:05,1,Stationary human presence,1,Stationary human presence,True
4231,2024-09-08,13:48:21,1,Stationary human presence,1,Stationary human presence,True
4232,2024-09-08,13:48:37,1,Stationary human presence,1,Stationary human presence,True
4233,2024-09-08,13:48:53,1,Stationary human presence,1,Stationary human presence,True
4234,2024-09-08,13:49:09,1,Stationary human presence,1,Stationary human presence,True
4235,2024-09-08,13:49:25,1,Stationary human presence,1,Stationary human presence,True
4236,2024-09-08,13:49:41,1,Stationary human presence,1,Stationary human presence,True
4237,2024-09-08,13:49:57,1,Stationary human presence,1,Stationary human presence,True
4238,2024-09-08,13:50:13,1,Stationary human presence,1,Stationary human presence,True
4239,2024-09-08,13:50:29,1,Stationary human presence,1,Stationary human presence,True
4240,2024-09-08,13:50:45,1,Stationary human presence,1,Stationary human presence,True
4241,2024-09-08,13:51:01,1,Stationary human presence,1,Stationary human presence,True
4242,2024-09-08,13:51:17,1,Stationary human presence,1,Stationary human presence,True
4243,2024-09-08,13:51:33,1,Stationary human presence,1,Stationary human presence,True
4244,2024-09-08,13:51:49,1,Stationary human presence,1,Stationary human presence,True
4245,2024-09-08,13:52:05,1,Stationary human presence,1,Stationary human presence,True
4246,2024-09-08,13:52:21,1,Stationary human presence,1,Stationary human presence,True
4247,2024-09-08,13:52:37,1,Stationary human presence,1,Stationary human presence,True
4248,2024-09-08,13:52:53,1,Stationary human presence,1,Stationary human presence,True
4249,2024-09-08,13:53:09,1,Stationary human presence,1,Stationary human presence,True
4250,2024-09-08,13:53:25,1,Stationary human presence,1,Stationary human presence,True
4251,2024-09-08,13:53:41,1,Stationary human presence,1,Stationary human presence,True
4252,2024-09-08,13:53:57,1,Stationary human presence,1,Stationary human presence,True
4253,2024-09-08,13:54:13,1,Stationary human presence,1,Stationary human presence,True
4254,2024-09-08,13:54:29,1,Stationary human presence,1,Stationary human presence,True
4255,2024-09-08,13:54:45,1,Stationary human presence,1,Stationary human presence,True
4256,2024-09-08,13:55:01,1,Stationary human presence,1,Stationary human presence,True
4257,2024-09-08,13:55:17,0,Vacancy,0,Vacancy,True
4258,2024-09-08,13:55:33,1,Stationary human presence,1,Stationary human presence,True
4259,2024-09-08,13:55:49,1,Stationary human presence,1,Stationary human presence,True
4260,2024-09-08,13:56:05,1,Stationary human presence,1,Stationary human presence,True
4261,2024-09-08,13:56:21,1,Stationary human presence,1,Stationary human presence,True
4262,2024-09-08,13:56:37,1,Stationary human presence,1,Stationary human presence,True
4263,2024-09-08,13:56:53,1,Stationary human presence,1,Stationary human presence,True
4264,2024-09-08,13:57:09,1,Stationary human presence,1,Stationary human presence,True
4265,2024-09-08,13:57:25,1,Stationary human presence,1,Stationary human presence,True
4266,2024-09-08,13:57:41,1,Stationary human presence,1,Stationary human presence,True
4267,2024-09-08,13:57:57,1,Stationary human presence,1,Stationary human presence,True
4268,2024-09-08,13:58:13,1,Stationary human presence,1,Stationary human presence,True
4269,2024-09-08,13:58:29,1,Stationary human presence,1,Stationary human presence,True
4270,2024-09-08,13:58:45,1,Stationary human presence,1,Stationary human presence,True
4271,2024-09-08,13:59:01,1,Stationary human presence,1,Stationary human presence,True
4272,2024-09-08,13:59:17,1,Stationary human presence,1,Stationary human presence,True
4273,2024-09-08,13:59:33,1,Stationary human presence,1,Stationary human presence,True
4274,2024-09-08,13:59:49,1,Stationary human presence,1,Stationary human presence,True
4275,2024-09-08,14:00:05,1,Stationary human presence,1,Stationary human presence,True
4276,2024-09-08,14:00:21,1,Stationary human presence,1,Stationary human presence,True
4277,2024-09-08,14:00:37,1,Stationary human presence,1,Stationary human presence,True
4278,2024-09-08,14:00:53,1,Stationary human presence,1,Stationary human presence,True
4279,2024-09-08,14:01:09,1,Stationary human presence,1,Stationary human presence,True
4280,2024-09-08,14:01:25,1,Stationary human presence,1,Stationary human presence,True
4281,2024-09-08,14:01:41,1,Stationary human presence,1,Stationary human presence,True
4282,2024-09-08,14:01:57,1,Stationary human presence,1,Stationary human presence,True
4283,2024-09-08,14:02:13,1,Stationary human presence,1,Stationary human presence,True
4284,2024-09-08,14:02:29,1,Stationary human presence,1,Stationary human presence,True
4285,2024-09-08,14:02:45,1,Stationary human presence,1,Stationary human presence,True
4286,2024-09-08,14:03:01,1,Stationary human presence,1,Stationary human presence,True
4287,2024-09-08,14:03:17,1,Stationary human presence,1,Stationary human presence,True
4288,2024-09-08,14:03:33,1,Stationary human presence,1,Stationary human presence,True
4289,2024-09-08,14:03:49,1,Stationary human presence,1,Stationary human presence,True
4290,2024-09-08,14:04:05,1,Stationary human presence,1,Stationary human presence,True
4291,2024-09-08,14:04:21,1,Stationary human presence,0,Vacancy,False
4292,2024-09-08,14:04:37,1,Stationary human presence,1,Stationary human presence,True
4293,2024-09-08,14:04:53,1,Stationary human presence,1,Stationary human presence,True
4294,2024-09-08,14:05:09,1,Stationary human presence,1,Stationary human presence,True
4295,2024-09-08,14:05:25,3,Other activity/motion,3,Other activity/motion,True
4296,2024-09-08,14:05:41,0,Vacancy,3,Other activity/motion,False
4297,2024-09-08,14:05:57,3,Other activity/motion,3,Other activity/motion,True
4298,2024-09-08,14:06:13,0,Vacancy,0,Vacancy,True
4299,2024-09-08,14:06:29,3,Other activity/motion,3,Other activity/motion,True
4300,2024-09-08,14:06:35,3,Other activity/motion,3,Other activity/motion,True
4301,2024-09-08,14:06:40,3,Other activity/motion,3,Other activity/motion,True
4302,2024-09-08,14:06:46,3,Other activity/motion,3,Other activity/motion,True
4303,2024-09-08,14:06:52,3,Other activity/motion,3,Other activity/motion,True
4304,2024-09-08,14:07:01,1,Stationary human presence,1,Stationary human presence,True
4305,2024-09-08,14:07:17,3,Other activity/motion,3,Other activity/motion,True
4306,2024-09-08,14:07:33,1,Stationary human presence,1,Stationary human presence,True
4307,2024-09-08,14:07:49,1,Stationary human presence,1,Stationary human presence,True
4308,2024-09-08,14:08:05,1,Stationary human presence,1,Stationary human presence,True
4309,2024-09-08,14:08:21,1,Stationary human presence,1,Stationary human presence,True
4310,2024-09-08,14:08:37,3,Other activity/motion,1,Stationary human presence,False
4311,2024-09-08,14:08:53,1,Stationary human presence,1,Stationary human presence,True
4312,2024-09-08,14:09:09,1,Stationary human presence,1,Stationary human presence,True
4313,2024-09-08,14:09:25,1,Stationary human presence,1,Stationary human presence,True
4314,2024-09-08,14:09:41,1,Stationary human presence,1,Stationary human presence,True
4315,2024-09-08,14:09:57,1,Stationary human presence,1,Stationary human presence,True
4316,2024-09-08,14:10:13,1,Stationary human presence,1,Stationary human presence,True
4317,2024-09-08,14:10:29,3,Other activity/motion,1,Stationary human presence,False
4318,2024-09-08,14:10:45,1,Stationary human presence,1,Stationary human presence,True
4319,2024-09-08,14:11:01,1,Stationary human presence,1,Stationary human presence,True
4320,2024-09-08,14:11:17,3,Other activity/motion,1,Stationary human presence,False
4321,2024-09-08,14:11:33,1,Stationary human presence,1,Stationary human presence,True
4322,2024-09-08,14:11:49,1,Stationary human presence,1,Stationary human presence,True
4323,2024-09-08,14:12:05,1,Stationary human presence,1,Stationary human presence,True
4324,2024-09-08,14:12:21,1,Stationary human presence,1,Stationary human presence,True
4325,2024-09-08,14:12:37,1,Stationary human presence,1,Stationary human presence,True
4326,2024-09-08,14:12:53,3,Other activity/motion,1,Stationary human presence,False
4327,2024-09-08,14:13:09,3,Other activity/motion,1,Stationary human presence,False
4328,2024-09-08,14:13:25,1,Stationary human presence,1,Stationary human presence,True
4329,2024-09-08,14:13:41,1,Stationary human presence,1,Stationary human presence,True
4330,2024-09-08,14:13:57,1,Stationary human presence,1,Stationary human presence,True
4331,2024-09-08,14:14:13,1,Stationary human presence,3,Other activity/motion,False
4332,2024-09-08,14:14:29,1,Stationary human presence,1,Stationary human presence,True
4333,2024-09-08,14:14:45,1,Stationary human presence,1,Stationary human presence,True
4334,2024-09-08,14:15:01,3,Other activity/motion,3,Other activity/motion,True
4335,2024-09-08,14:15:07,3,Other activity/motion,3,Other activity/motion,True
4336,2024-09-08,14:15:17,3,Other activity/motion,3,Other activity/motion,True
4337,2024-09-08,14:15:33,3,Other activity/motion,3,Other activity/motion,True
4338,2024-09-08,14:15:39,3,Other activity/motion,3,Other activity/motion,True
4339,2024-09-08,14:15:44,3,Other activity/motion,3,Other activity/motion,True
4340,2024-09-08,14:15:50,1,Stationary human presence,3,Other activity/motion,False
4341,2024-09-08,14:16:05,1,Stationary human presence,1,Stationary human presence,True
4342,2024-09-08,14:16:21,1,Stationary human presence,1,Stationary human presence,True
4343,2024-09-08,14:16:37,1,Stationary human presence,1,Stationary human presence,True
4344,2024-09-08,14:16:53,1,Stationary human presence,1,Stationary human presence,True
4345,2024-09-08,14:17:09,1,Stationary human presence,1,Stationary human presence,True
4346,2024-09-08,14:17:25,1,Stationary human presence,1,Stationary human presence,True
4347,2024-09-08,14:17:41,1,Stationary human presence,1,Stationary human presence,True
4348,2024-09-08,14:17:57,1,Stationary human presence,1,Stationary human presence,True
4349,2024-09-08,14:18:13,1,Stationary human presence,1,Stationary human presence,True
4350,2024-09-08,14:18:29,1,Stationary human presence,1,Stationary human presence,True
4351,2024-09-08,14:18:45,1,Stationary human presence,1,Stationary human presence,True
4352,2024-09-08,14:19:01,1,Stationary human presence,1,Stationary human presence,True
4353,2024-09-08,14:19:17,1,Stationary human presence,1,Stationary human presence,True
4354,2024-09-08,14:19:33,1,Stationary human presence,1,Stationary human presence,True
4355,2024-09-08,14:19:49,1,Stationary human presence,1,Stationary human presence,True
4356,2024-09-08,14:20:05,1,Stationary human presence,1,Stationary human presence,True
4357,2024-09-08,14:20:21,1,Stationary human presence,1,Stationary human presence,True
4358,2024-09-08,14:20:38,1,Stationary human presence,1,Stationary human presence,True
4359,2024-09-08,14:20:53,1,Stationary human presence,1,Stationary human presence,True
4360,2024-09-08,14:21:10,1,Stationary human presence,1,Stationary human presence,True
4361,2024-09-08,14:21:25,1,Stationary human presence,1,Stationary human presence,True
4362,2024-09-08,14:21:41,1,Stationary human presence,1,Stationary human presence,True
4363,2024-09-08,14:21:57,1,Stationary human presence,1,Stationary human presence,True
4364,2024-09-08,14:22:14,3,Other activity/motion,3,Other activity/motion,True
4365,2024-09-08,14:22:19,3,Other activity/motion,3,Other activity/motion,True
4366,2024-09-08,14:22:25,3,Other activity/motion,3,Other activity/motion,True
4367,2024-09-08,14:22:30,3,Other activity/motion,3,Other activity/motion,True
4368,2024-09-08,14:22:37,3,Other activity/motion,3,Other activity/motion,True
4369,2024-09-08,14:22:41,3,Other activity/motion,3,Other activity/motion,True
4370,2024-09-08,14:22:47,3,Other activity/motion,3,Other activity/motion,True
4371,2024-09-08,14:23:02,3,Other activity/motion,3,Other activity/motion,True
4372,2024-09-08,14:23:18,3,Other activity/motion,1,Stationary human presence,False
4373,2024-09-08,14:23:34,3,Other activity/motion,3,Other activity/motion,True
4374,2024-09-08,14:23:50,3,Other activity/motion,3,Other activity/motion,True
4375,2024-09-08,14:24:06,3,Other activity/motion,3,Other activity/motion,True
4376,2024-09-08,14:24:11,3,Other activity/motion,3,Other activity/motion,True
4377,2024-09-08,14:24:17,3,Other activity/motion,3,Other activity/motion,True
4378,2024-09-08,14:24:22,3,Other activity/motion,3,Other activity/motion,True
4379,2024-09-08,14:24:38,1,Stationary human presence,1,Stationary human presence,True
4380,2024-09-08,14:24:54,3,Other activity/motion,3,Other activity/motion,True
4381,2024-09-08,14:24:59,3,Other activity/motion,3,Other activity/motion,True
4382,2024-09-08,14:25:10,3,Other activity/motion,3,Other activity/motion,True
4383,2024-09-08,14:25:26,1,Stationary human presence,1,Stationary human presence,True
4384,2024-09-08,14:25:42,3,Other activity/motion,1,Stationary human presence,False
4385,2024-09-08,14:25:58,3,Other activity/motion,1,Stationary human presence,False
4386,2024-09-08,14:26:14,3,Other activity/motion,1,Stationary human presence,False
4387,2024-09-08,14:26:30,3,Other activity/motion,3,Other activity/motion,True
4388,2024-09-08,14:26:46,3,Other activity/motion,3,Other activity/motion,True
4389,2024-09-08,14:27:02,3,Other activity/motion,3,Other activity/motion,True
4390,2024-09-08,14:27:07,3,Other activity/motion,3,Other activity/motion,True
4391,2024-09-08,14:27:13,3,Other activity/motion,3,Other activity/motion,True
4392,2024-09-08,14:27:18,3,Other activity/motion,3,Other activity/motion,True
4393,2024-09-08,14:27:25,3,Other activity/motion,3,Other activity/motion,True
4394,2024-09-08,14:27:34,3,Other activity/motion,1,Stationary human presence,False
4395,2024-09-08,14:27:50,3,Other activity/motion,3,Other activity/motion,True
4396,2024-09-08,14:28:06,3,Other activity/motion,3,Other activity/motion,True
4397,2024-09-08,14:28:11,3,Other activity/motion,3,Other activity/motion,True
4398,2024-09-08,14:28:22,3,Other activity/motion,3,Other activity/motion,True
4399,2024-09-08,14:28:38,3,Other activity/motion,1,Stationary human presence,False
4400,2024-09-08,14:28:54,3,Other activity/motion,3,Other activity/motion,True
4401,2024-09-08,14:29:10,3,Other activity/motion,1,Stationary human presence,False
4402,2024-09-08,14:29:26,1,Stationary human presence,1,Stationary human presence,True
4403,2024-09-08,14:29:42,1,Stationary human presence,3,Other activity/motion,False
4404,2024-09-08,14:29:58,3,Other activity/motion,3,Other activity/motion,True
4405,2024-09-08,14:30:14,1,Stationary human presence,3,Other activity/motion,False
4406,2024-09-08,14:30:30,3,Other activity/motion,3,Other activity/motion,True
4407,2024-09-08,14:30:46,3,Other activity/motion,3,Other activity/motion,True
4408,2024-09-08,14:31:02,3,Other activity/motion,3,Other activity/motion,True
4409,2024-09-08,14:31:18,3,Other activity/motion,3,Other activity/motion,True
4410,2024-09-08,14:31:34,3,Other activity/motion,3,Other activity/motion,True
4411,2024-09-08,14:31:50,1,Stationary human presence,3,Other activity/motion,False
4412,2024-09-08,14:32:06,1,Stationary human presence,1,Stationary human presence,True
4413,2024-09-08,14:32:22,1,Stationary human presence,3,Other activity/motion,False
4414,2024-09-08,14:32:38,3,Other activity/motion,3,Other activity/motion,True
4415,2024-09-08,14:32:54,1,Stationary human presence,3,Other activity/motion,False
4416,2024-09-08,14:33:10,3,Other activity/motion,3,Other activity/motion,True
4417,2024-09-08,14:33:26,0,Vacancy,3,Other activity/motion,False
4418,2024-09-08,14:33:42,3,Other activity/motion,3,Other activity/motion,True
4419,2024-09-08,14:33:58,3,Other activity/motion,3,Other activity/motion,True
4420,2024-09-08,14:34:03,3,Other activity/motion,3,Other activity/motion,True
4421,2024-09-08,14:34:14,3,Other activity/motion,3,Other activity/motion,True
4422,2024-09-08,14:34:19,3,Other activity/motion,3,Other activity/motion,True
4423,2024-09-08,14:34:25,3,Other activity/motion,3,Other activity/motion,True
4424,2024-09-08,14:34:30,3,Other activity/motion,3,Other activity/motion,True
4425,2024-09-08,14:34:46,3,Other activity/motion,3,Other activity/motion,True
4426,2024-09-08,14:34:51,3,Other activity/motion,3,Other activity/motion,True
4427,2024-09-08,14:35:02,3,Other activity/motion,1,Stationary human presence,False
4428,2024-09-08,14:35:18,3,Other activity/motion,1,Stationary human presence,False
4429,2024-09-08,14:35:34,3,Other activity/motion,3,Other activity/motion,True
4430,2024-09-08,14:35:39,3,Other activity/motion,3,Other activity/motion,True
4431,2024-09-08,14:35:50,3,Other activity/motion,1,Stationary human presence,False
4432,2024-09-08,14:36:06,1,Stationary human presence,1,Stationary human presence,True
4433,2024-09-08,14:36:22,3,Other activity/motion,1,Stationary human presence,False
4434,2024-09-08,14:36:38,3,Other activity/motion,1,Stationary human presence,False
4435,2024-09-08,14:36:54,3,Other activity/motion,3,Other activity/motion,True
4436,2024-09-08,14:37:00,3,Other activity/motion,3,Other activity/motion,True
4437,2024-09-08,14:37:10,3,Other activity/motion,3,Other activity/motion,True
4438,2024-09-08,14:37:26,1,Stationary human presence,1,Stationary human presence,True
4439,2024-09-08,14:37:42,3,Other activity/motion,1,Stationary human presence,False
4440,2024-09-08,14:37:58,1,Stationary human presence,1,Stationary human presence,True
4441,2024-09-08,14:38:14,3,Other activity/motion,1,Stationary human presence,False
4442,2024-09-08,14:38:30,1,Stationary human presence,1,Stationary human presence,True
4443,2024-09-08,14:38:46,1,Stationary human presence,1,Stationary human presence,True
4444,2024-09-08,14:39:02,3,Other activity/motion,1,Stationary human presence,False
4445,2024-09-08,14:39:18,3,Other activity/motion,1,Stationary human presence,False
4446,2024-09-08,14:39:34,3,Other activity/motion,3,Other activity/motion,True
4447,2024-09-08,14:39:50,1,Stationary human presence,1,Stationary human presence,True
4448,2024-09-08,14:40:06,3,Other activity/motion,1,Stationary human presence,False
4449,2024-09-08,14:40:22,3,Other activity/motion,1,Stationary human presence,False
4450,2024-09-08,14:40:38,1,Stationary human presence,1,Stationary human presence,True
4451,2024-09-08,14:40:54,1,Stationary human presence,1,Stationary human presence,True
4452,2024-09-08,14:41:10,3,Other activity/motion,1,Stationary human presence,False
4453,2024-09-08,14:41:26,3,Other activity/motion,1,Stationary human presence,False
4454,2024-09-08,14:41:42,1,Stationary human presence,1,Stationary human presence,True
4455,2024-09-08,14:41:58,3,Other activity/motion,1,Stationary human presence,False
4456,2024-09-08,14:42:14,1,Stationary human presence,1,Stationary human presence,True
4457,2024-09-08,14:42:30,1,Stationary human presence,1,Stationary human presence,True
4458,2024-09-08,14:42:46,3,Other activity/motion,1,Stationary human presence,False
4459,2024-09-08,14:43:02,3,Other activity/motion,1,Stationary human presence,False
4460,2024-09-08,14:43:08,3,Other activity/motion,3,Other activity/motion,True
4461,2024-09-08,14:43:18,3,Other activity/motion,1,Stationary human presence,False
4462,2024-09-08,14:43:34,3,Other activity/motion,1,Stationary human presence,False
4463,2024-09-08,14:43:50,3,Other activity/motion,0,Vacancy,False
4464,2024-09-08,14:43:56,3,Other activity/motion,3,Other activity/motion,True
4465,2024-09-08,14:44:06,1,Stationary human presence,3,Other activity/motion,False
4466,2024-09-08,14:44:22,1,Stationary human presence,1,Stationary human presence,True
4467,2024-09-08,14:44:38,1,Stationary human presence,1,Stationary human presence,True
4468,2024-09-08,14:44:54,1,Stationary human presence,1,Stationary human presence,True
4469,2024-09-08,14:45:10,1,Stationary human presence,1,Stationary human presence,True
4470,2024-09-08,14:45:26,1,Stationary human presence,1,Stationary human presence,True
4471,2024-09-08,14:45:42,1,Stationary human presence,1,Stationary human presence,True
4472,2024-09-08,14:45:58,1,Stationary human presence,1,Stationary human presence,True
4473,2024-09-08,14:46:14,1,Stationary human presence,1,Stationary human presence,True
4474,2024-09-08,14:46:30,1,Stationary human presence,1,Stationary human presence,True
4475,2024-09-08,14:46:46,1,Stationary human presence,1,Stationary human presence,True
4476,2024-09-08,14:47:02,1,Stationary human presence,1,Stationary human presence,True
4477,2024-09-08,14:47:18,1,Stationary human presence,1,Stationary human presence,True
4478,2024-09-08,14:47:34,3,Other activity/motion,1,Stationary human presence,False
4479,2024-09-08,14:47:50,1,Stationary human presence,1,Stationary human presence,True
4480,2024-09-08,14:48:06,1,Stationary human presence,1,Stationary human presence,True
4481,2024-09-08,14:48:22,1,Stationary human presence,1,Stationary human presence,True
4482,2024-09-08,14:48:38,3,Other activity/motion,3,Other activity/motion,True
4483,2024-09-08,14:48:44,3,Other activity/motion,3,Other activity/motion,True
4484,2024-09-08,14:48:49,3,Other activity/motion,3,Other activity/motion,True
4485,2024-09-08,14:48:55,3,Other activity/motion,3,Other activity/motion,True
4486,2024-09-08,14:49:10,3,Other activity/motion,1,Stationary human presence,False
4487,2024-09-08,14:49:26,1,Stationary human presence,1,Stationary human presence,True
4488,2024-09-08,14:49:42,1,Stationary human presence,1,Stationary human presence,True
4489,2024-09-08,14:49:58,1,Stationary human presence,1,Stationary human presence,True
4490,2024-09-08,14:50:14,1,Stationary human presence,1,Stationary human presence,True
4491,2024-09-08,14:50:20,3,Other activity/motion,3,Other activity/motion,True
4492,2024-09-08,14:50:30,1,Stationary human presence,1,Stationary human presence,True
4493,2024-09-08,14:50:46,1,Stationary human presence,1,Stationary human presence,True
4494,2024-09-08,14:51:02,1,Stationary human presence,1,Stationary human presence,True
4495,2024-09-08,14:51:18,3,Other activity/motion,1,Stationary human presence,False
4496,2024-09-08,14:51:34,3,Other activity/motion,3,Other activity/motion,True
4497,2024-09-08,14:51:50,1,Stationary human presence,1,Stationary human presence,True
4498,2024-09-08,14:52:06,1,Stationary human presence,1,Stationary human presence,True
4499,2024-09-08,14:52:22,1,Stationary human presence,1,Stationary human presence,True
4500,2024-09-08,14:52:38,3,Other activity/motion,1,Stationary human presence,False
4501,2024-09-08,14:52:54,1,Stationary human presence,1,Stationary human presence,True
4502,2024-09-08,14:53:10,1,Stationary human presence,1,Stationary human presence,True
4503,2024-09-08,14:53:26,3,Other activity/motion,1,Stationary human presence,False
4504,2024-09-08,14:53:42,3,Other activity/motion,1,Stationary human presence,False
4505,2024-09-08,14:53:48,1,Stationary human presence,3,Other activity/motion,False
4506,2024-09-08,14:53:58,1,Stationary human presence,1,Stationary human presence,True
4507,2024-09-08,14:54:14,1,Stationary human presence,1,Stationary human presence,True
4508,2024-09-08,14:54:30,3,Other activity/motion,3,Other activity/motion,True
4509,2024-09-08,14:54:36,3,Other activity/motion,3,Other activity/motion,True
4510,2024-09-08,14:54:46,1,Stationary human presence,3,Other activity/motion,False
4511,2024-09-08,14:55:02,1,Stationary human presence,1,Stationary human presence,True
4512,2024-09-08,14:55:18,1,Stationary human presence,1,Stationary human presence,True
4513,2024-09-08,14:55:34,1,Stationary human presence,1,Stationary human presence,True
4514,2024-09-08,14:55:50,1,Stationary human presence,1,Stationary human presence,True
4515,2024-09-08,14:56:06,1,Stationary human presence,1,Stationary human presence,True
4516,2024-09-08,14:56:22,1,Stationary human presence,1,Stationary human presence,True
4517,2024-09-08,14:56:38,1,Stationary human presence,1,Stationary human presence,True
4518,2024-09-08,14:56:54,1,Stationary human presence,1,Stationary human presence,True
4519,2024-09-08,14:57:10,1,Stationary human presence,1,Stationary human presence,True
4520,2024-09-08,14:57:26,1,Stationary human presence,1,Stationary human presence,True
4521,2024-09-08,14:57:42,1,Stationary human presence,1,Stationary human presence,True
4522,2024-09-08,14:57:58,1,Stationary human presence,1,Stationary human presence,True
4523,2024-09-08,14:58:14,1,Stationary human presence,1,Stationary human presence,True
4524,2024-09-08,14:58:30,3,Other activity/motion,3,Other activity/motion,True
4525,2024-09-08,14:58:46,1,Stationary human presence,3,Other activity/motion,False
4526,2024-09-08,14:59:02,1,Stationary human presence,1,Stationary human presence,True
4527,2024-09-08,14:59:18,1,Stationary human presence,1,Stationary human presence,True
4528,2024-09-08,14:59:34,1,Stationary human presence,1,Stationary human presence,True
4529,2024-09-08,14:59:50,1,Stationary human presence,1,Stationary human presence,True
4530,2024-09-08,15:00:06,1,Stationary human presence,1,Stationary human presence,True
4531,2024-09-08,15:00:22,1,Stationary human presence,1,Stationary human presence,True
4532,2024-09-08,15:00:38,1,Stationary human presence,1,Stationary human presence,True
4533,2024-09-08,15:00:54,1,Stationary human presence,1,Stationary human presence,True
4534,2024-09-08,15:01:10,1,Stationary human presence,1,Stationary human presence,True
4535,2024-09-08,15:01:26,1,Stationary human presence,1,Stationary human presence,True
4536,2024-09-08,15:01:42,1,Stationary human presence,1,Stationary human presence,True
4537,2024-09-08,15:01:58,1,Stationary human presence,1,Stationary human presence,True
4538,2024-09-08,15:02:14,1,Stationary human presence,1,Stationary human presence,True
4539,2024-09-08,15:02:30,1,Stationary human presence,1,Stationary human presence,True
4540,2024-09-08,15:02:46,1,Stationary human presence,1,Stationary human presence,True
4541,2024-09-08,15:03:02,1,Stationary human presence,1,Stationary human presence,True
4542,2024-09-08,15:03:18,1,Stationary human presence,1,Stationary human presence,True
4543,2024-09-08,15:03:34,1,Stationary human presence,1,Stationary human presence,True
4544,2024-09-08,15:03:50,1,Stationary human presence,1,Stationary human presence,True
4545,2024-09-08,15:04:06,1,Stationary human presence,1,Stationary human presence,True
4546,2024-09-08,15:04:22,1,Stationary human presence,1,Stationary human presence,True
4547,2024-09-08,15:04:38,0,Vacancy,0,Vacancy,True
4548,2024-09-08,15:04:54,1,Stationary human presence,1,Stationary human presence,True
4549,2024-09-08,15:05:10,1,Stationary human presence,1,Stationary human presence,True
4550,2024-09-08,15:05:27,1,Stationary human presence,1,Stationary human presence,True
4551,2024-09-08,15:05:42,1,Stationary human presence,1,Stationary human presence,True
4552,2024-09-08,15:05:59,1,Stationary human presence,1,Stationary human presence,True
4553,2024-09-08,15:06:14,1,Stationary human presence,1,Stationary human presence,True
4554,2024-09-08,15:06:31,1,Stationary human presence,1,Stationary human presence,True
4555,2024-09-08,15:06:46,1,Stationary human presence,1,Stationary human presence,True
4556,2024-09-08,15:07:03,1,Stationary human presence,1,Stationary human presence,True
4557,2024-09-08,15:07:19,1,Stationary human presence,1,Stationary human presence,True
4558,2024-09-08,15:07:34,1,Stationary human presence,1,Stationary human presence,True
4559,2024-09-08,15:07:51,1,Stationary human presence,1,Stationary human presence,True
4560,2024-09-08,15:08:07,3,Other activity/motion,3,Other activity/motion,True
4561,2024-09-08,15:08:23,1,Stationary human presence,1,Stationary human presence,True
4562,2024-09-08,15:08:39,1,Stationary human presence,1,Stationary human presence,True
4563,2024-09-08,15:08:55,1,Stationary human presence,1,Stationary human presence,True
4564,2024-09-08,15:09:11,1,Stationary human presence,1,Stationary human presence,True
4565,2024-09-08,15:09:27,1,Stationary human presence,1,Stationary human presence,True
4566,2024-09-08,15:09:43,1,Stationary human presence,1,Stationary human presence,True
4567,2024-09-08,15:09:59,1,Stationary human presence,1,Stationary human presence,True
4568,2024-09-08,15:10:15,1,Stationary human presence,1,Stationary human presence,True
4569,2024-09-08,15:10:31,1,Stationary human presence,1,Stationary human presence,True
4570,2024-09-08,15:10:47,3,Other activity/motion,1,Stationary human presence,False
4571,2024-09-08,15:11:03,1,Stationary human presence,1,Stationary human presence,True
4572,2024-09-08,15:11:19,1,Stationary human presence,1,Stationary human presence,True
4573,2024-09-08,15:11:35,1,Stationary human presence,1,Stationary human presence,True
4574,2024-09-08,15:11:51,1,Stationary human presence,1,Stationary human presence,True
4575,2024-09-08,15:12:07,1,Stationary human presence,1,Stationary human presence,True
4576,2024-09-08,15:12:23,1,Stationary human presence,1,Stationary human presence,True
4577,2024-09-08,15:12:39,3,Other activity/motion,3,Other activity/motion,True
4578,2024-09-08,15:12:55,1,Stationary human presence,1,Stationary human presence,True
4579,2024-09-08,15:13:11,1,Stationary human presence,1,Stationary human presence,True
4580,2024-09-08,15:13:27,1,Stationary human presence,1,Stationary human presence,True
4581,2024-09-08,15:13:43,1,Stationary human presence,1,Stationary human presence,True
4582,2024-09-08,15:13:59,1,Stationary human presence,1,Stationary human presence,True
4583,2024-09-08,15:14:15,1,Stationary human presence,1,Stationary human presence,True
4584,2024-09-08,15:14:31,3,Other activity/motion,1,Stationary human presence,False
4585,2024-09-08,15:14:47,1,Stationary human presence,1,Stationary human presence,True
4586,2024-09-08,15:15:03,1,Stationary human presence,1,Stationary human presence,True
4587,2024-09-08,15:15:19,1,Stationary human presence,1,Stationary human presence,True
4588,2024-09-08,15:15:35,3,Other activity/motion,3,Other activity/motion,True
4589,2024-09-08,15:15:51,1,Stationary human presence,1,Stationary human presence,True
4590,2024-09-08,15:16:07,3,Other activity/motion,3,Other activity/motion,True
4591,2024-09-08,15:16:23,1,Stationary human presence,1,Stationary human presence,True
4592,2024-09-08,15:16:39,3,Other activity/motion,3,Other activity/motion,True
4593,2024-09-08,15:16:55,3,Other activity/motion,3,Other activity/motion,True
4594,2024-09-08,15:17:11,0,Vacancy,3,Other activity/motion,False
4595,2024-09-08,15:17:27,1,Stationary human presence,1,Stationary human presence,True
4596,2024-09-08,15:17:43,1,Stationary human presence,1,Stationary human presence,True
4597,2024-09-08,15:17:59,1,Stationary human presence,1,Stationary human presence,True
4598,2024-09-08,15:18:15,1,Stationary human presence,1,Stationary human presence,True
4599,2024-09-08,15:18:31,1,Stationary human presence,1,Stationary human presence,True
4600,2024-09-08,15:18:47,1,Stationary human presence,1,Stationary human presence,True
4601,2024-09-08,15:19:03,1,Stationary human presence,1,Stationary human presence,True
4602,2024-09-08,15:19:19,1,Stationary human presence,1,Stationary human presence,True
4603,2024-09-08,15:19:35,1,Stationary human presence,1,Stationary human presence,True
4604,2024-09-08,15:19:51,1,Stationary human presence,1,Stationary human presence,True
4605,2024-09-08,15:20:07,1,Stationary human presence,1,Stationary human presence,True
4606,2024-09-08,15:20:23,1,Stationary human presence,1,Stationary human presence,True
4607,2024-09-08,15:20:39,1,Stationary human presence,1,Stationary human presence,True
4608,2024-09-08,15:20:55,1,Stationary human presence,1,Stationary human presence,True
4609,2024-09-08,15:21:11,1,Stationary human presence,1,Stationary human presence,True
4610,2024-09-08,15:21:27,1,Stationary human presence,1,Stationary human presence,True
4611,2024-09-08,15:21:43,1,Stationary human presence,1,Stationary human presence,True
4612,2024-09-08,15:21:59,1,Stationary human presence,1,Stationary human presence,True
4613,2024-09-08,15:22:15,1,Stationary human presence,1,Stationary human presence,True
4614,2024-09-08,15:22:31,1,Stationary human presence,1,Stationary human presence,True
4615,2024-09-08,15:22:47,1,Stationary human presence,1,Stationary human presence,True
4616,2024-09-08,15:23:03,1,Stationary human presence,1,Stationary human presence,True
4617,2024-09-08,15:23:19,1,Stationary human presence,1,Stationary human presence,True
4618,2024-09-08,15:23:35,1,Stationary human presence,1,Stationary human presence,True
4619,2024-09-08,15:23:51,3,Other activity/motion,3,Other activity/motion,True
4620,2024-09-08,15:24:07,3,Other activity/motion,3,Other activity/motion,True
4621,2024-09-08,15:24:23,3,Other activity/motion,3,Other activity/motion,True
4622,2024-09-08,15:24:29,3,Other activity/motion,3,Other activity/motion,True
4623,2024-09-08,15:24:34,3,Other activity/motion,3,Other activity/motion,True
4624,2024-09-08,15:24:40,3,Other activity/motion,3,Other activity/motion,True
4625,2024-09-08,15:24:55,3,Other activity/motion,3,Other activity/motion,True
4626,2024-09-08,15:25:11,3,Other activity/motion,3,Other activity/motion,True
4627,2024-09-08,15:25:17,3,Other activity/motion,3,Other activity/motion,True
4628,2024-09-08,15:25:27,3,Other activity/motion,3,Other activity/motion,True
4629,2024-09-08,15:25:33,3,Other activity/motion,3,Other activity/motion,True
4630,2024-09-08,15:25:43,3,Other activity/motion,3,Other activity/motion,True
4631,2024-09-08,15:25:49,3,Other activity/motion,3,Other activity/motion,True
4632,2024-09-08,15:25:54,3,Other activity/motion,3,Other activity/motion,True
4633,2024-09-08,15:26:00,3,Other activity/motion,3,Other activity/motion,True
4634,2024-09-08,15:26:15,3,Other activity/motion,3,Other activity/motion,True
4635,2024-09-08,15:26:31,3,Other activity/motion,3,Other activity/motion,True
4636,2024-09-08,15:26:37,3,Other activity/motion,3,Other activity/motion,True
4637,2024-09-08,15:26:47,3,Other activity/motion,3,Other activity/motion,True
4638,2024-09-08,15:26:53,3,Other activity/motion,3,Other activity/motion,True
4639,2024-09-08,15:26:58,3,Other activity/motion,3,Other activity/motion,True
4640,2024-09-08,15:27:04,3,Other activity/motion,3,Other activity/motion,True
4641,2024-09-08,15:27:19,3,Other activity/motion,3,Other activity/motion,True
4642,2024-09-08,15:27:25,3,Other activity/motion,3,Other activity/motion,True
4643,2024-09-08,15:27:35,3,Other activity/motion,3,Other activity/motion,True
4644,2024-09-08,15:27:41,3,Other activity/motion,3,Other activity/motion,True
4645,2024-09-08,15:27:46,3,Other activity/motion,3,Other activity/motion,True
4646,2024-09-08,15:27:52,3,Other activity/motion,3,Other activity/motion,True
4647,2024-09-08,15:28:07,3,Other activity/motion,3,Other activity/motion,True
4648,2024-09-08,15:28:23,3,Other activity/motion,3,Other activity/motion,True
4649,2024-09-08,15:28:39,3,Other activity/motion,3,Other activity/motion,True
4650,2024-09-08,15:28:55,3,Other activity/motion,3,Other activity/motion,True
4651,2024-09-08,15:29:11,3,Other activity/motion,3,Other activity/motion,True
4652,2024-09-08,15:29:17,3,Other activity/motion,3,Other activity/motion,True
4653,2024-09-08,15:29:27,3,Other activity/motion,3,Other activity/motion,True
4654,2024-09-08,15:29:33,3,Other activity/motion,3,Other activity/motion,True
4655,2024-09-08,15:29:43,3,Other activity/motion,3,Other activity/motion,True
4656,2024-09-08,15:29:59,3,Other activity/motion,3,Other activity/motion,True
4657,2024-09-08,15:30:05,3,Other activity/motion,3,Other activity/motion,True
4658,2024-09-08,15:30:15,3,Other activity/motion,3,Other activity/motion,True
4659,2024-09-08,15:30:31,3,Other activity/motion,3,Other activity/motion,True
4660,2024-09-08,15:30:47,1,Stationary human presence,3,Other activity/motion,False
4661,2024-09-08,15:31:03,3,Other activity/motion,3,Other activity/motion,True
4662,2024-09-08,15:31:19,3,Other activity/motion,3,Other activity/motion,True
4663,2024-09-08,15:31:35,3,Other activity/motion,3,Other activity/motion,True
4664,2024-09-08,15:31:51,3,Other activity/motion,3,Other activity/motion,True
4665,2024-09-08,15:31:57,3,Other activity/motion,3,Other activity/motion,True
4666,2024-09-08,15:32:07,3,Other activity/motion,3,Other activity/motion,True
4667,2024-09-08,15:32:23,3,Other activity/motion,3,Other activity/motion,True
4668,2024-09-08,15:32:29,3,Other activity/motion,3,Other activity/motion,True
4669,2024-09-08,15:32:34,3,Other activity/motion,3,Other activity/motion,True
4670,2024-09-08,15:32:40,3,Other activity/motion,3,Other activity/motion,True
4671,2024-09-08,15:32:46,3,Other activity/motion,3,Other activity/motion,True
4672,2024-09-08,15:32:55,3,Other activity/motion,3,Other activity/motion,True
4673,2024-09-08,15:33:11,3,Other activity/motion,3,Other activity/motion,True
4674,2024-09-08,15:33:17,3,Other activity/motion,3,Other activity/motion,True
4675,2024-09-08,15:33:27,3,Other activity/motion,3,Other activity/motion,True
4676,2024-09-08,15:33:33,3,Other activity/motion,3,Other activity/motion,True
4677,2024-09-08,15:33:43,3,Other activity/motion,3,Other activity/motion,True
4678,2024-09-08,15:33:49,3,Other activity/motion,3,Other activity/motion,True
4679,2024-09-08,15:33:54,3,Other activity/motion,3,Other activity/motion,True
4680,2024-09-08,15:34:00,3,Other activity/motion,3,Other activity/motion,True
4681,2024-09-08,15:34:06,3,Other activity/motion,3,Other activity/motion,True
4682,2024-09-08,15:34:15,1,Stationary human presence,3,Other activity/motion,False
4683,2024-09-08,15:34:31,3,Other activity/motion,3,Other activity/motion,True
4684,2024-09-08,15:34:47,3,Other activity/motion,3,Other activity/motion,True
4685,2024-09-08,15:34:53,3,Other activity/motion,3,Other activity/motion,True
4686,2024-09-08,15:34:58,3,Other activity/motion,3,Other activity/motion,True
4687,2024-09-08,15:35:04,3,Other activity/motion,3,Other activity/motion,True
4688,2024-09-08,15:35:19,1,Stationary human presence,3,Other activity/motion,False
4689,2024-09-08,15:35:35,3,Other activity/motion,3,Other activity/motion,True
4690,2024-09-08,15:35:51,3,Other activity/motion,3,Other activity/motion,True
4691,2024-09-08,15:35:57,3,Other activity/motion,3,Other activity/motion,True
4692,2024-09-08,15:36:02,3,Other activity/motion,3,Other activity/motion,True
4693,2024-09-08,15:36:08,3,Other activity/motion,3,Other activity/motion,True
4694,2024-09-08,15:36:14,3,Other activity/motion,3,Other activity/motion,True
4695,2024-09-08,15:36:19,3,Other activity/motion,3,Other activity/motion,True
4696,2024-09-08,15:36:24,3,Other activity/motion,3,Other activity/motion,True
4697,2024-09-08,15:36:31,3,Other activity/motion,3,Other activity/motion,True
4698,2024-09-08,15:36:39,3,Other activity/motion,3,Other activity/motion,True
4699,2024-09-08,15:36:55,3,Other activity/motion,3,Other activity/motion,True
4700,2024-09-08,15:37:01,3,Other activity/motion,3,Other activity/motion,True
4701,2024-09-08,15:37:06,3,Other activity/motion,3,Other activity/motion,True
4702,2024-09-08,15:37:12,3,Other activity/motion,3,Other activity/motion,True
4703,2024-09-08,15:37:27,3,Other activity/motion,3,Other activity/motion,True
4704,2024-09-08,15:37:43,3,Other activity/motion,3,Other activity/motion,True
4705,2024-09-08,15:37:49,3,Other activity/motion,3,Other activity/motion,True
4706,2024-09-08,15:37:59,3,Other activity/motion,3,Other activity/motion,True
4707,2024-09-08,15:38:05,3,Other activity/motion,3,Other activity/motion,True
4708,2024-09-08,15:38:10,3,Other activity/motion,3,Other activity/motion,True
4709,2024-09-08,15:38:16,3,Other activity/motion,3,Other activity/motion,True
4710,2024-09-08,15:38:22,3,Other activity/motion,3,Other activity/motion,True
4711,2024-09-08,15:38:27,3,Other activity/motion,3,Other activity/motion,True
4712,2024-09-08,15:38:32,3,Other activity/motion,3,Other activity/motion,True
4713,2024-09-08,15:38:47,3,Other activity/motion,3,Other activity/motion,True
4714,2024-09-08,15:38:53,3,Other activity/motion,3,Other activity/motion,True
4715,2024-09-08,15:39:03,3,Other activity/motion,3,Other activity/motion,True
4716,2024-09-08,15:39:19,3,Other activity/motion,3,Other activity/motion,True
4717,2024-09-08,15:39:35,3,Other activity/motion,3,Other activity/motion,True
4718,2024-09-08,15:39:41,3,Other activity/motion,3,Other activity/motion,True
4719,2024-09-08,15:39:51,3,Other activity/motion,3,Other activity/motion,True
4720,2024-09-08,15:40:07,3,Other activity/motion,3,Other activity/motion,True
4721,2024-09-08,15:40:23,3,Other activity/motion,3,Other activity/motion,True
4722,2024-09-08,15:40:39,3,Other activity/motion,3,Other activity/motion,True
4723,2024-09-08,15:40:55,1,Stationary human presence,3,Other activity/motion,False
4724,2024-09-08,15:41:11,1,Stationary human presence,3,Other activity/motion,False
4725,2024-09-08,15:41:27,1,Stationary human presence,3,Other activity/motion,False
4726,2024-09-08,15:41:33,3,Other activity/motion,3,Other activity/motion,True
4727,2024-09-08,15:41:43,3,Other activity/motion,3,Other activity/motion,True
4728,2024-09-08,15:41:59,3,Other activity/motion,3,Other activity/motion,True
4729,2024-09-08,15:42:05,3,Other activity/motion,3,Other activity/motion,True
4730,2024-09-08,15:42:15,3,Other activity/motion,3,Other activity/motion,True
4731,2024-09-08,15:42:31,3,Other activity/motion,3,Other activity/motion,True
4732,2024-09-08,15:42:47,3,Other activity/motion,3,Other activity/motion,True
4733,2024-09-08,15:42:53,3,Other activity/motion,3,Other activity/motion,True
4734,2024-09-08,15:43:03,3,Other activity/motion,3,Other activity/motion,True
4735,2024-09-08,15:43:09,3,Other activity/motion,3,Other activity/motion,True
4736,2024-09-08,15:43:19,3,Other activity/motion,3,Other activity/motion,True
4737,2024-09-08,15:43:35,1,Stationary human presence,3,Other activity/motion,False
4738,2024-09-08,15:43:51,3,Other activity/motion,3,Other activity/motion,True
4739,2024-09-08,15:44:07,3,Other activity/motion,3,Other activity/motion,True
4740,2024-09-08,15:44:23,3,Other activity/motion,3,Other activity/motion,True
4741,2024-09-08,15:44:39,3,Other activity/motion,3,Other activity/motion,True
4742,2024-09-08,15:44:45,3,Other activity/motion,3,Other activity/motion,True
4743,2024-09-08,15:44:50,3,Other activity/motion,3,Other activity/motion,True
4744,2024-09-08,15:44:56,3,Other activity/motion,3,Other activity/motion,True
4745,2024-09-08,15:45:02,3,Other activity/motion,3,Other activity/motion,True
4746,2024-09-08,15:45:11,3,Other activity/motion,3,Other activity/motion,True
4747,2024-09-08,15:45:27,3,Other activity/motion,3,Other activity/motion,True
4748,2024-09-08,15:45:43,3,Other activity/motion,3,Other activity/motion,True
4749,2024-09-08,15:45:59,3,Other activity/motion,3,Other activity/motion,True
4750,2024-09-08,15:46:15,3,Other activity/motion,3,Other activity/motion,True
4751,2024-09-08,15:46:31,3,Other activity/motion,3,Other activity/motion,True
4752,2024-09-08,15:46:47,3,Other activity/motion,3,Other activity/motion,True
4753,2024-09-08,15:47:03,3,Other activity/motion,3,Other activity/motion,True
4754,2024-09-08,15:47:19,3,Other activity/motion,1,Stationary human presence,False
4755,2024-09-08,15:47:35,3,Other activity/motion,3,Other activity/motion,True
4756,2024-09-08,15:47:52,1,Stationary human presence,1,Stationary human presence,True
4757,2024-09-08,15:48:07,1,Stationary human presence,1,Stationary human presence,True
4758,2024-09-08,15:48:23,1,Stationary human presence,1,Stationary human presence,True
4759,2024-09-08,15:48:39,3,Other activity/motion,3,Other activity/motion,True
4760,2024-09-08,15:48:56,3,Other activity/motion,3,Other activity/motion,True
4761,2024-09-08,15:49:11,3,Other activity/motion,3,Other activity/motion,True
4762,2024-09-08,15:49:27,3,Other activity/motion,3,Other activity/motion,True
4763,2024-09-08,15:49:33,3,Other activity/motion,3,Other activity/motion,True
4764,2024-09-08,15:49:43,3,Other activity/motion,3,Other activity/motion,True
4765,2024-09-08,15:49:59,1,Stationary human presence,1,Stationary human presence,True
4766,2024-09-08,15:50:15,3,Other activity/motion,3,Other activity/motion,True
4767,2024-09-08,15:50:21,3,Other activity/motion,3,Other activity/motion,True
4768,2024-09-08,15:50:31,3,Other activity/motion,3,Other activity/motion,True
4769,2024-09-08,15:50:37,3,Other activity/motion,3,Other activity/motion,True
4770,2024-09-08,15:50:48,3,Other activity/motion,3,Other activity/motion,True
4771,2024-09-08,15:51:03,3,Other activity/motion,3,Other activity/motion,True
4772,2024-09-08,15:51:20,3,Other activity/motion,3,Other activity/motion,True
4773,2024-09-08,15:51:35,3,Other activity/motion,3,Other activity/motion,True
4774,2024-09-08,15:51:52,3,Other activity/motion,1,Stationary human presence,False
4775,2024-09-08,15:52:07,3,Other activity/motion,3,Other activity/motion,True
4776,2024-09-08,15:52:13,3,Other activity/motion,3,Other activity/motion,True
4777,2024-09-08,15:52:19,3,Other activity/motion,3,Other activity/motion,True
4778,2024-09-08,15:52:24,1,Stationary human presence,3,Other activity/motion,False
4779,2024-09-08,15:52:40,3,Other activity/motion,3,Other activity/motion,True
4780,2024-09-08,15:52:55,1,Stationary human presence,1,Stationary human presence,True
4781,2024-09-08,15:53:12,1,Stationary human presence,1,Stationary human presence,True
4782,2024-09-08,15:53:27,1,Stationary human presence,1,Stationary human presence,True
4783,2024-09-08,15:53:44,1,Stationary human presence,1,Stationary human presence,True
4784,2024-09-08,15:54:00,1,Stationary human presence,1,Stationary human presence,True
4785,2024-09-08,15:54:16,1,Stationary human presence,1,Stationary human presence,True
4786,2024-09-08,15:54:32,1,Stationary human presence,1,Stationary human presence,True
4787,2024-09-08,15:54:48,1,Stationary human presence,3,Other activity/motion,False
4788,2024-09-08,15:55:04,1,Stationary human presence,1,Stationary human presence,True
4789,2024-09-08,15:55:20,3,Other activity/motion,3,Other activity/motion,True
4790,2024-09-08,15:55:36,3,Other activity/motion,3,Other activity/motion,True
4791,2024-09-08,15:55:52,1,Stationary human presence,1,Stationary human presence,True
4792,2024-09-08,15:56:08,1,Stationary human presence,1,Stationary human presence,True
4793,2024-09-08,15:56:24,1,Stationary human presence,1,Stationary human presence,True
4794,2024-09-08,15:56:40,3,Other activity/motion,1,Stationary human presence,False
4795,2024-09-08,15:56:45,3,Other activity/motion,3,Other activity/motion,True
4796,2024-09-08,15:56:56,1,Stationary human presence,1,Stationary human presence,True
4797,2024-09-08,15:57:12,3,Other activity/motion,1,Stationary human presence,False
4798,2024-09-08,15:57:28,3,Other activity/motion,1,Stationary human presence,False
4799,2024-09-08,15:57:44,1,Stationary human presence,1,Stationary human presence,True
4800,2024-09-08,15:58:00,1,Stationary human presence,1,Stationary human presence,True
4801,2024-09-08,15:58:16,1,Stationary human presence,1,Stationary human presence,True
4802,2024-09-08,15:58:32,1,Stationary human presence,1,Stationary human presence,True
4803,2024-09-08,15:58:48,1,Stationary human presence,1,Stationary human presence,True
4804,2024-09-08,15:59:04,1,Stationary human presence,1,Stationary human presence,True
4805,2024-09-08,15:59:20,1,Stationary human presence,1,Stationary human presence,True
4806,2024-09-08,15:59:36,1,Stationary human presence,1,Stationary human presence,True
4807,2024-09-08,15:59:52,1,Stationary human presence,1,Stationary human presence,True
4808,2024-09-08,16:00:08,1,Stationary human presence,1,Stationary human presence,True
4809,2024-09-08,16:00:24,3,Other activity/motion,3,Other activity/motion,True
4810,2024-09-08,16:00:40,1,Stationary human presence,1,Stationary human presence,True
4811,2024-09-08,16:00:56,3,Other activity/motion,1,Stationary human presence,False
4812,2024-09-08,16:01:12,1,Stationary human presence,1,Stationary human presence,True
4813,2024-09-08,16:01:28,1,Stationary human presence,1,Stationary human presence,True
4814,2024-09-08,16:01:44,1,Stationary human presence,1,Stationary human presence,True
4815,2024-09-08,16:02:00,1,Stationary human presence,1,Stationary human presence,True
4816,2024-09-08,16:02:16,3,Other activity/motion,1,Stationary human presence,False
4817,2024-09-08,16:02:32,1,Stationary human presence,1,Stationary human presence,True
4818,2024-09-08,16:02:48,1,Stationary human presence,1,Stationary human presence,True
4819,2024-09-08,16:03:04,1,Stationary human presence,1,Stationary human presence,True
4820,2024-09-08,16:03:20,1,Stationary human presence,1,Stationary human presence,True
4821,2024-09-08,16:03:36,1,Stationary human presence,1,Stationary human presence,True
4822,2024-09-08,16:03:52,1,Stationary human presence,1,Stationary human presence,True
4823,2024-09-08,16:04:08,1,Stationary human presence,1,Stationary human presence,True
4824,2024-09-08,16:04:24,1,Stationary human presence,1,Stationary human presence,True
4825,2024-09-08,16:04:40,1,Stationary human presence,1,Stationary human presence,True
4826,2024-09-08,16:04:56,1,Stationary human presence,1,Stationary human presence,True
4827,2024-09-08,16:05:12,1,Stationary human presence,1,Stationary human presence,True
4828,2024-09-08,16:05:28,1,Stationary human presence,1,Stationary human presence,True
4829,2024-09-08,16:05:44,1,Stationary human presence,1,Stationary human presence,True
4830,2024-09-08,16:06:00,1,Stationary human presence,1,Stationary human presence,True
4831,2024-09-08,16:06:16,1,Stationary human presence,3,Other activity/motion,False
4832,2024-09-08,16:06:32,1,Stationary human presence,1,Stationary human presence,True
4833,2024-09-08,16:06:48,1,Stationary human presence,1,Stationary human presence,True
4834,2024-09-08,16:07:04,1,Stationary human presence,1,Stationary human presence,True
4835,2024-09-08,16:07:20,1,Stationary human presence,1,Stationary human presence,True
4836,2024-09-08,16:07:36,1,Stationary human presence,1,Stationary human presence,True
4837,2024-09-08,16:07:52,1,Stationary human presence,1,Stationary human presence,True
4838,2024-09-08,16:08:08,1,Stationary human presence,1,Stationary human presence,True
4839,2024-09-08,16:08:24,1,Stationary human presence,1,Stationary human presence,True
4840,2024-09-08,16:08:40,1,Stationary human presence,1,Stationary human presence,True
4841,2024-09-08,16:08:56,1,Stationary human presence,1,Stationary human presence,True
4842,2024-09-08,16:09:12,3,Other activity/motion,3,Other activity/motion,True
4843,2024-09-08,16:09:28,1,Stationary human presence,1,Stationary human presence,True
4844,2024-09-08,16:09:44,1,Stationary human presence,1,Stationary human presence,True
4845,2024-09-08,16:10:00,1,Stationary human presence,1,Stationary human presence,True
4846,2024-09-08,16:10:16,1,Stationary human presence,1,Stationary human presence,True
4847,2024-09-08,16:10:32,1,Stationary human presence,1,Stationary human presence,True
4848,2024-09-08,16:10:48,3,Other activity/motion,3,Other activity/motion,True
4849,2024-09-08,16:11:04,1,Stationary human presence,1,Stationary human presence,True
4850,2024-09-08,16:11:20,1,Stationary human presence,1,Stationary human presence,True
4851,2024-09-08,16:11:36,1,Stationary human presence,1,Stationary human presence,True
4852,2024-09-08,16:11:52,3,Other activity/motion,1,Stationary human presence,False
4853,2024-09-08,16:12:08,1,Stationary human presence,1,Stationary human presence,True
4854,2024-09-08,16:12:24,1,Stationary human presence,1,Stationary human presence,True
4855,2024-09-08,16:12:40,1,Stationary human presence,1,Stationary human presence,True
4856,2024-09-08,16:12:56,1,Stationary human presence,1,Stationary human presence,True
4857,2024-09-08,16:13:02,3,Other activity/motion,3,Other activity/motion,True
4858,2024-09-08,16:13:12,1,Stationary human presence,1,Stationary human presence,True
4859,2024-09-08,16:13:28,1,Stationary human presence,1,Stationary human presence,True
4860,2024-09-08,16:13:44,1,Stationary human presence,1,Stationary human presence,True
4861,2024-09-08,16:14:00,1,Stationary human presence,1,Stationary human presence,True
4862,2024-09-08,16:14:16,1,Stationary human presence,1,Stationary human presence,True
4863,2024-09-08,16:14:32,1,Stationary human presence,1,Stationary human presence,True
4864,2024-09-08,16:14:48,1,Stationary human presence,1,Stationary human presence,True
4865,2024-09-08,16:15:04,1,Stationary human presence,3,Other activity/motion,False
4866,2024-09-08,16:15:20,1,Stationary human presence,1,Stationary human presence,True
4867,2024-09-08,16:15:36,1,Stationary human presence,1,Stationary human presence,True
4868,2024-09-08,16:15:52,1,Stationary human presence,1,Stationary human presence,True
4869,2024-09-08,16:16:08,1,Stationary human presence,1,Stationary human presence,True
4870,2024-09-08,16:16:24,1,Stationary human presence,1,Stationary human presence,True
4871,2024-09-08,16:16:40,1,Stationary human presence,1,Stationary human presence,True
4872,2024-09-08,16:16:56,1,Stationary human presence,1,Stationary human presence,True
4873,2024-09-08,16:17:12,1,Stationary human presence,1,Stationary human presence,True
4874,2024-09-08,16:17:28,1,Stationary human presence,1,Stationary human presence,True
4875,2024-09-08,16:17:44,1,Stationary human presence,1,Stationary human presence,True
4876,2024-09-08,16:18:00,1,Stationary human presence,1,Stationary human presence,True
4877,2024-09-08,16:18:16,1,Stationary human presence,1,Stationary human presence,True
4878,2024-09-08,16:18:32,3,Other activity/motion,3,Other activity/motion,True
4879,2024-09-08,16:18:48,1,Stationary human presence,1,Stationary human presence,True
4880,2024-09-08,16:19:04,3,Other activity/motion,1,Stationary human presence,False
4881,2024-09-08,16:19:10,3,Other activity/motion,3,Other activity/motion,True
4882,2024-09-08,16:19:20,1,Stationary human presence,1,Stationary human presence,True
4883,2024-09-08,16:19:36,1,Stationary human presence,1,Stationary human presence,True
4884,2024-09-08,16:19:52,1,Stationary human presence,1,Stationary human presence,True
4885,2024-09-08,16:20:08,1,Stationary human presence,1,Stationary human presence,True
4886,2024-09-08,16:20:24,1,Stationary human presence,1,Stationary human presence,True
4887,2024-09-08,16:20:40,1,Stationary human presence,1,Stationary human presence,True
4888,2024-09-08,16:20:56,1,Stationary human presence,1,Stationary human presence,True
4889,2024-09-08,16:21:12,1,Stationary human presence,1,Stationary human presence,True
4890,2024-09-08,16:21:28,1,Stationary human presence,1,Stationary human presence,True
4891,2024-09-08,16:21:44,1,Stationary human presence,1,Stationary human presence,True
4892,2024-09-08,16:22:00,1,Stationary human presence,1,Stationary human presence,True
4893,2024-09-08,16:22:16,1,Stationary human presence,1,Stationary human presence,True
4894,2024-09-08,16:22:32,1,Stationary human presence,1,Stationary human presence,True
4895,2024-09-08,16:22:48,3,Other activity/motion,3,Other activity/motion,True
4896,2024-09-08,16:23:04,1,Stationary human presence,1,Stationary human presence,True
4897,2024-09-08,16:23:20,1,Stationary human presence,3,Other activity/motion,False
4898,2024-09-08,16:23:36,1,Stationary human presence,1,Stationary human presence,True
4899,2024-09-08,16:23:52,1,Stationary human presence,1,Stationary human presence,True
4900,2024-09-08,16:24:08,1,Stationary human presence,1,Stationary human presence,True
4901,2024-09-08,16:24:24,1,Stationary human presence,1,Stationary human presence,True
4902,2024-09-08,16:24:40,1,Stationary human presence,3,Other activity/motion,False
4903,2024-09-08,16:24:56,1,Stationary human presence,1,Stationary human presence,True
4904,2024-09-08,16:25:12,1,Stationary human presence,1,Stationary human presence,True
4905,2024-09-08,16:25:28,1,Stationary human presence,1,Stationary human presence,True
4906,2024-09-08,16:25:44,1,Stationary human presence,1,Stationary human presence,True
4907,2024-09-08,16:26:00,1,Stationary human presence,1,Stationary human presence,True
4908,2024-09-08,16:26:16,1,Stationary human presence,1,Stationary human presence,True
4909,2024-09-08,16:26:32,1,Stationary human presence,1,Stationary human presence,True
4910,2024-09-08,16:26:48,3,Other activity/motion,1,Stationary human presence,False
4911,2024-09-08,16:27:04,1,Stationary human presence,1,Stationary human presence,True
4912,2024-09-08,16:27:20,3,Other activity/motion,1,Stationary human presence,False
4913,2024-09-08,16:27:36,3,Other activity/motion,3,Other activity/motion,True
4914,2024-09-08,16:27:52,3,Other activity/motion,3,Other activity/motion,True
4915,2024-09-08,16:28:08,3,Other activity/motion,1,Stationary human presence,False
4916,2024-09-08,16:28:24,1,Stationary human presence,1,Stationary human presence,True
4917,2024-09-08,16:28:40,1,Stationary human presence,1,Stationary human presence,True
4918,2024-09-08,16:28:56,1,Stationary human presence,1,Stationary human presence,True
4919,2024-09-08,16:29:12,1,Stationary human presence,1,Stationary human presence,True
4920,2024-09-08,16:29:28,1,Stationary human presence,1,Stationary human presence,True
4921,2024-09-08,16:29:44,3,Other activity/motion,1,Stationary human presence,False
4922,2024-09-08,16:30:00,1,Stationary human presence,1,Stationary human presence,True
4923,2024-09-08,16:30:16,1,Stationary human presence,1,Stationary human presence,True
4924,2024-09-08,16:30:32,1,Stationary human presence,3,Other activity/motion,False
4925,2024-09-08,16:30:48,1,Stationary human presence,1,Stationary human presence,True
4926,2024-09-08,16:31:04,1,Stationary human presence,1,Stationary human presence,True
4927,2024-09-08,16:31:20,1,Stationary human presence,1,Stationary human presence,True
4928,2024-09-08,16:31:36,3,Other activity/motion,3,Other activity/motion,True
4929,2024-09-08,16:31:52,3,Other activity/motion,1,Stationary human presence,False
4930,2024-09-08,16:32:08,1,Stationary human presence,1,Stationary human presence,True
4931,2024-09-08,16:32:24,1,Stationary human presence,1,Stationary human presence,True
4932,2024-09-08,16:32:40,3,Other activity/motion,3,Other activity/motion,True
4933,2024-09-08,16:32:56,1,Stationary human presence,1,Stationary human presence,True
4934,2024-09-08,16:33:12,1,Stationary human presence,1,Stationary human presence,True
4935,2024-09-08,16:33:28,1,Stationary human presence,1,Stationary human presence,True
4936,2024-09-08,16:33:45,3,Other activity/motion,3,Other activity/motion,True
4937,2024-09-08,16:34:00,3,Other activity/motion,1,Stationary human presence,False
4938,2024-09-08,16:34:16,3,Other activity/motion,3,Other activity/motion,True
4939,2024-09-08,16:34:32,3,Other activity/motion,3,Other activity/motion,True
4940,2024-09-08,16:34:48,3,Other activity/motion,3,Other activity/motion,True
4941,2024-09-08,16:35:04,3,Other activity/motion,3,Other activity/motion,True
4942,2024-09-08,16:35:20,3,Other activity/motion,3,Other activity/motion,True
4943,2024-09-08,16:35:36,1,Stationary human presence,3,Other activity/motion,False
4944,2024-09-08,16:35:52,1,Stationary human presence,1,Stationary human presence,True
4945,2024-09-08,16:36:09,1,Stationary human presence,1,Stationary human presence,True
4946,2024-09-08,16:36:24,1,Stationary human presence,1,Stationary human presence,True
4947,2024-09-08,16:36:41,1,Stationary human presence,1,Stationary human presence,True
4948,2024-09-08,16:36:57,1,Stationary human presence,1,Stationary human presence,True
4949,2024-09-08,16:37:13,1,Stationary human presence,1,Stationary human presence,True
4950,2024-09-08,16:37:29,1,Stationary human presence,1,Stationary human presence,True
4951,2024-09-08,16:37:45,1,Stationary human presence,1,Stationary human presence,True
4952,2024-09-08,16:38:01,1,Stationary human presence,1,Stationary human presence,True
4953,2024-09-08,16:38:16,1,Stationary human presence,1,Stationary human presence,True
4954,2024-09-08,16:38:33,1,Stationary human presence,1,Stationary human presence,True
4955,2024-09-08,16:38:49,1,Stationary human presence,1,Stationary human presence,True
4956,2024-09-08,16:39:05,1,Stationary human presence,1,Stationary human presence,True
4957,2024-09-08,16:39:21,1,Stationary human presence,1,Stationary human presence,True
4958,2024-09-08,16:39:37,0,Vacancy,0,Vacancy,True
4959,2024-09-08,16:39:53,1,Stationary human presence,1,Stationary human presence,True
4960,2024-09-08,16:40:09,1,Stationary human presence,1,Stationary human presence,True
4961,2024-09-08,16:40:25,1,Stationary human presence,1,Stationary human presence,True
4962,2024-09-08,16:40:41,1,Stationary human presence,1,Stationary human presence,True
4963,2024-09-08,16:40:57,1,Stationary human presence,1,Stationary human presence,True
4964,2024-09-08,16:41:13,1,Stationary human presence,1,Stationary human presence,True
4965,2024-09-08,16:41:29,1,Stationary human presence,1,Stationary human presence,True
4966,2024-09-08,16:41:45,0,Vacancy,0,Vacancy,True
4967,2024-09-08,16:42:01,1,Stationary human presence,0,Vacancy,False
4968,2024-09-08,16:42:17,1,Stationary human presence,1,Stationary human presence,True
4969,2024-09-08,16:42:33,1,Stationary human presence,1,Stationary human presence,True
4970,2024-09-08,16:42:49,1,Stationary human presence,1,Stationary human presence,True
4971,2024-09-08,16:43:05,0,Vacancy,0,Vacancy,True
4972,2024-09-08,16:43:21,0,Vacancy,0,Vacancy,True
4973,2024-09-08,16:43:37,0,Vacancy,0,Vacancy,True
4974,2024-09-08,16:43:53,1,Stationary human presence,1,Stationary human presence,True
4975,2024-09-08,16:44:09,1,Stationary human presence,1,Stationary human presence,True
4976,2024-09-08,16:44:25,1,Stationary human presence,1,Stationary human presence,True
4977,2024-09-08,16:44:41,1,Stationary human presence,1,Stationary human presence,True
4978,2024-09-08,16:44:57,0,Vacancy,0,Vacancy,True
4979,2024-09-08,16:45:13,0,Vacancy,0,Vacancy,True
4980,2024-09-08,16:45:29,0,Vacancy,0,Vacancy,True
4981,2024-09-08,16:45:45,0,Vacancy,0,Vacancy,True
4982,2024-09-08,16:46:01,0,Vacancy,0,Vacancy,True
4983,2024-09-08,16:46:17,0,Vacancy,0,Vacancy,True
4984,2024-09-08,16:46:33,0,Vacancy,0,Vacancy,True
4985,2024-09-08,16:46:49,0,Vacancy,0,Vacancy,True
4986,2024-09-08,16:47:05,0,Vacancy,0,Vacancy,True
4987,2024-09-08,16:47:21,1,Stationary human presence,1,Stationary human presence,True
4988,2024-09-08,16:47:37,0,Vacancy,1,Stationary human presence,False
4989,2024-09-08,16:47:53,0,Vacancy,0,Vacancy,True
4990,2024-09-08,16:48:09,0,Vacancy,0,Vacancy,True
4991,2024-09-08,16:48:25,0,Vacancy,1,Stationary human presence,False
4992,2024-09-08,16:48:41,1,Stationary human presence,1,Stationary human presence,True
4993,2024-09-08,16:48:57,0,Vacancy,1,Stationary human presence,False
4994,2024-09-08,16:49:13,0,Vacancy,0,Vacancy,True
4995,2024-09-08,16:49:29,1,Stationary human presence,1,Stationary human presence,True
4996,2024-09-08,16:49:45,0,Vacancy,1,Stationary human presence,False
4997,2024-09-08,16:50:01,0,Vacancy,1,Stationary human presence,False
4998,2024-09-08,16:50:17,0,Vacancy,0,Vacancy,True
4999,2024-09-08,16:50:33,0,Vacancy,0,Vacancy,True
5000,2024-09-08,16:50:49,0,Vacancy,0,Vacancy,True
5001,2024-09-08,16:51:05,0,Vacancy,0,Vacancy,True
5002,2024-09-08,16:51:21,0,Vacancy,0,Vacancy,True
5003,2024-09-08,16:51:37,1,Stationary human presence,1,Stationary human presence,True
5004,2024-09-08,16:51:53,1,Stationary human presence,1,Stationary human presence,True
5005,2024-09-08,16:52:09,0,Vacancy,0,Vacancy,True
5006,2024-09-08,16:52:25,0,Vacancy,0,Vacancy,True
5007,2024-09-08,16:52:41,1,Stationary human presence,1,Stationary human presence,True
5008,2024-09-08,16:52:57,0,Vacancy,0,Vacancy,True
5009,2024-09-08,16:53:13,0,Vacancy,0,Vacancy,True
5010,2024-09-08,16:53:29,0,Vacancy,0,Vacancy,True
5011,2024-09-08,16:53:45,0,Vacancy,0,Vacancy,True
5012,2024-09-08,16:54:01,0,Vacancy,0,Vacancy,True
5013,2024-09-08,16:54:17,0,Vacancy,0,Vacancy,True
5014,2024-09-08,16:54:33,0,Vacancy,0,Vacancy,True
5015,2024-09-08,16:54:49,0,Vacancy,0,Vacancy,True
5016,2024-09-08,16:55:05,0,Vacancy,0,Vacancy,True
5017,2024-09-08,16:55:21,1,Stationary human presence,1,Stationary human presence,True
5018,2024-09-08,16:55:37,0,Vacancy,1,Stationary human presence,False
5019,2024-09-08,16:55:53,0,Vacancy,0,Vacancy,True
5020,2024-09-08,16:56:09,0,Vacancy,0,Vacancy,True
5021,2024-09-08,16:56:25,0,Vacancy,0,Vacancy,True
5022,2024-09-08,16:56:41,0,Vacancy,0,Vacancy,True
5023,2024-09-08,16:56:57,0,Vacancy,0,Vacancy,True
5024,2024-09-08,16:57:13,0,Vacancy,0,Vacancy,True
5025,2024-09-08,16:57:29,0,Vacancy,0,Vacancy,True
5026,2024-09-08,16:57:45,0,Vacancy,0,Vacancy,True
5027,2024-09-08,16:58:01,0,Vacancy,0,Vacancy,True
5028,2024-09-08,16:58:17,0,Vacancy,0,Vacancy,True
5029,2024-09-08,16:58:33,0,Vacancy,0,Vacancy,True
5030,2024-09-08,16:58:49,0,Vacancy,0,Vacancy,True
5031,2024-09-08,16:59:05,0,Vacancy,0,Vacancy,True
5032,2024-09-08,16:59:21,0,Vacancy,0,Vacancy,True
5033,2024-09-08,16:59:37,0,Vacancy,0,Vacancy,True
5034,2024-09-08,16:59:53,0,Vacancy,0,Vacancy,True
5035,2024-09-08,17:00:09,0,Vacancy,0,Vacancy,True
5036,2024-09-08,17:00:25,0,Vacancy,0,Vacancy,True
5037,2024-09-08,17:00:41,0,Vacancy,0,Vacancy,True
5038,2024-09-08,17:00:57,0,Vacancy,0,Vacancy,True
5039,2024-09-08,17:01:13,0,Vacancy,0,Vacancy,True
5040,2024-09-08,17:01:29,0,Vacancy,0,Vacancy,True
5041,2024-09-08,17:01:45,0,Vacancy,0,Vacancy,True
5042,2024-09-08,17:02:01,0,Vacancy,0,Vacancy,True
5043,2024-09-08,17:02:17,0,Vacancy,0,Vacancy,True
5044,2024-09-08,17:02:33,0,Vacancy,0,Vacancy,True
5045,2024-09-08,17:02:49,0,Vacancy,0,Vacancy,True
5046,2024-09-08,17:03:05,0,Vacancy,0,Vacancy,True
5047,2024-09-08,17:03:21,0,Vacancy,0,Vacancy,True
5048,2024-09-08,17:03:37,0,Vacancy,0,Vacancy,True
5049,2024-09-08,17:03:53,0,Vacancy,0,Vacancy,True
5050,2024-09-08,17:04:09,0,Vacancy,0,Vacancy,True
5051,2024-09-08,17:04:25,0,Vacancy,0,Vacancy,True
5052,2024-09-08,17:04:41,0,Vacancy,0,Vacancy,True
5053,2024-09-08,17:04:57,0,Vacancy,0,Vacancy,True
5054,2024-09-08,17:05:13,0,Vacancy,0,Vacancy,True
5055,2024-09-08,17:05:29,0,Vacancy,0,Vacancy,True
5056,2024-09-08,17:05:45,0,Vacancy,0,Vacancy,True
5057,2024-09-08,17:06:01,0,Vacancy,0,Vacancy,True
5058,2024-09-08,17:06:17,0,Vacancy,0,Vacancy,True
5059,2024-09-08,17:06:33,0,Vacancy,0,Vacancy,True
5060,2024-09-08,17:06:49,0,Vacancy,0,Vacancy,True
5061,2024-09-08,17:07:05,0,Vacancy,0,Vacancy,True
5062,2024-09-08,17:07:21,0,Vacancy,0,Vacancy,True
5063,2024-09-08,17:07:37,0,Vacancy,0,Vacancy,True
5064,2024-09-08,17:07:53,0,Vacancy,0,Vacancy,True
5065,2024-09-08,17:08:09,0,Vacancy,0,Vacancy,True
5066,2024-09-08,17:08:25,0,Vacancy,0,Vacancy,True
5067,2024-09-08,17:08:41,0,Vacancy,0,Vacancy,True
5068,2024-09-08,17:08:57,0,Vacancy,0,Vacancy,True
5069,2024-09-08,17:09:13,0,Vacancy,0,Vacancy,True
5070,2024-09-08,17:09:29,0,Vacancy,0,Vacancy,True
5071,2024-09-08,17:09:45,0,Vacancy,0,Vacancy,True
5072,2024-09-08,17:10:01,0,Vacancy,0,Vacancy,True
5073,2024-09-08,17:10:17,0,Vacancy,0,Vacancy,True
5074,2024-09-08,17:10:33,0,Vacancy,0,Vacancy,True
5075,2024-09-08,17:10:49,0,Vacancy,0,Vacancy,True
5076,2024-09-08,17:11:05,0,Vacancy,0,Vacancy,True
5077,2024-09-08,17:11:21,0,Vacancy,0,Vacancy,True
5078,2024-09-08,17:11:37,0,Vacancy,0,Vacancy,True
5079,2024-09-08,17:11:53,0,Vacancy,0,Vacancy,True
5080,2024-09-08,17:12:09,0,Vacancy,0,Vacancy,True
5081,2024-09-08,17:12:25,0,Vacancy,0,Vacancy,True
5082,2024-09-08,17:12:41,0,Vacancy,0,Vacancy,True
5083,2024-09-08,17:12:57,0,Vacancy,0,Vacancy,True
5084,2024-09-08,17:13:13,0,Vacancy,0,Vacancy,True
5085,2024-09-08,17:13:29,0,Vacancy,0,Vacancy,True
5086,2024-09-08,17:13:45,0,Vacancy,0,Vacancy,True
5087,2024-09-08,17:14:01,0,Vacancy,0,Vacancy,True
5088,2024-09-08,17:14:17,0,Vacancy,0,Vacancy,True
5089,2024-09-08,17:14:33,0,Vacancy,0,Vacancy,True
5090,2024-09-08,17:14:49,0,Vacancy,0,Vacancy,True
5091,2024-09-08,17:15:05,0,Vacancy,0,Vacancy,True
5092,2024-09-08,17:15:21,0,Vacancy,0,Vacancy,True
5093,2024-09-08,17:15:37,0,Vacancy,0,Vacancy,True
5094,2024-09-08,17:15:53,0,Vacancy,0,Vacancy,True
5095,2024-09-08,17:16:09,0,Vacancy,0,Vacancy,True
5096,2024-09-08,17:16:25,0,Vacancy,0,Vacancy,True
5097,2024-09-08,17:16:41,0,Vacancy,0,Vacancy,True
5098,2024-09-08,17:16:57,0,Vacancy,0,Vacancy,True
5099,2024-09-08,17:17:13,0,Vacancy,0,Vacancy,True
5100,2024-09-08,17:17:29,0,Vacancy,0,Vacancy,True
5101,2024-09-08,17:17:45,0,Vacancy,0,Vacancy,True
5102,2024-09-08,17:18:01,0,Vacancy,0,Vacancy,True
5103,2024-09-08,17:18:17,0,Vacancy,0,Vacancy,True
5104,2024-09-08,17:18:33,0,Vacancy,0,Vacancy,True
5105,2024-09-08,17:18:49,0,Vacancy,0,Vacancy,True
5106,2024-09-08,17:19:05,0,Vacancy,0,Vacancy,True
5107,2024-09-08,17:19:21,0,Vacancy,0,Vacancy,True
5108,2024-09-08,17:19:37,0,Vacancy,0,Vacancy,True
5109,2024-09-08,17:19:54,0,Vacancy,0,Vacancy,True
5110,2024-09-08,17:20:09,0,Vacancy,0,Vacancy,True
5111,2024-09-08,17:20:26,0,Vacancy,0,Vacancy,True
5112,2024-09-08,17:20:42,0,Vacancy,0,Vacancy,True
5113,2024-09-08,17:20:58,0,Vacancy,0,Vacancy,True
5114,2024-09-08,17:21:13,0,Vacancy,0,Vacancy,True
5115,2024-09-08,17:21:29,0,Vacancy,0,Vacancy,True
5116,2024-09-08,17:21:45,0,Vacancy,0,Vacancy,True
5117,2024-09-08,17:22:02,0,Vacancy,0,Vacancy,True
5118,2024-09-08,17:22:18,0,Vacancy,0,Vacancy,True
5119,2024-09-08,17:22:34,0,Vacancy,0,Vacancy,True
5120,2024-09-08,17:22:50,0,Vacancy,0,Vacancy,True
5121,2024-09-08,17:23:06,0,Vacancy,0,Vacancy,True
5122,2024-09-08,17:23:22,0,Vacancy,0,Vacancy,True
5123,2024-09-08,17:23:38,0,Vacancy,0,Vacancy,True
5124,2024-09-08,17:23:54,0,Vacancy,0,Vacancy,True
5125,2024-09-08,17:24:10,0,Vacancy,0,Vacancy,True
5126,2024-09-08,17:24:26,0,Vacancy,0,Vacancy,True
5127,2024-09-08,17:24:42,0,Vacancy,0,Vacancy,True
5128,2024-09-08,17:24:58,0,Vacancy,0,Vacancy,True
5129,2024-09-08,17:25:14,0,Vacancy,0,Vacancy,True
5130,2024-09-08,17:25:30,0,Vacancy,0,Vacancy,True
5131,2024-09-08,17:25:46,0,Vacancy,0,Vacancy,True
5132,2024-09-08,17:26:02,0,Vacancy,0,Vacancy,True
5133,2024-09-08,17:26:18,0,Vacancy,0,Vacancy,True
5134,2024-09-08,17:26:34,0,Vacancy,0,Vacancy,True
5135,2024-09-08,17:26:50,0,Vacancy,0,Vacancy,True
5136,2024-09-08,17:27:06,0,Vacancy,0,Vacancy,True
5137,2024-09-08,17:27:22,0,Vacancy,0,Vacancy,True
5138,2024-09-08,17:27:38,0,Vacancy,0,Vacancy,True
5139,2024-09-08,17:27:54,0,Vacancy,0,Vacancy,True
5140,2024-09-08,17:28:10,0,Vacancy,0,Vacancy,True
5141,2024-09-08,17:28:26,0,Vacancy,0,Vacancy,True
5142,2024-09-08,17:28:42,0,Vacancy,0,Vacancy,True
5143,2024-09-08,17:28:58,0,Vacancy,0,Vacancy,True
5144,2024-09-08,17:29:14,0,Vacancy,0,Vacancy,True
5145,2024-09-08,17:29:30,0,Vacancy,0,Vacancy,True
5146,2024-09-08,17:29:46,0,Vacancy,0,Vacancy,True
5147,2024-09-08,17:30:02,0,Vacancy,0,Vacancy,True
5148,2024-09-08,17:30:18,0,Vacancy,0,Vacancy,True
5149,2024-09-08,17:30:34,0,Vacancy,0,Vacancy,True
5150,2024-09-08,17:30:50,0,Vacancy,0,Vacancy,True
5151,2024-09-08,17:31:06,0,Vacancy,0,Vacancy,True
5152,2024-09-08,17:31:22,0,Vacancy,0,Vacancy,True
5153,2024-09-08,17:31:38,0,Vacancy,0,Vacancy,True
5154,2024-09-08,17:31:54,0,Vacancy,0,Vacancy,True
5155,2024-09-08,17:32:10,0,Vacancy,0,Vacancy,True
5156,2024-09-08,17:32:26,0,Vacancy,0,Vacancy,True
5157,2024-09-08,17:32:42,0,Vacancy,0,Vacancy,True
5158,2024-09-08,17:32:58,0,Vacancy,0,Vacancy,True
5159,2024-09-08,17:33:14,0,Vacancy,0,Vacancy,True
5160,2024-09-08,17:33:30,0,Vacancy,0,Vacancy,True
5161,2024-09-08,17:33:46,0,Vacancy,0,Vacancy,True
5162,2024-09-08,17:34:02,0,Vacancy,0,Vacancy,True
5163,2024-09-08,17:34:18,0,Vacancy,0,Vacancy,True
5164,2024-09-08,17:34:34,0,Vacancy,0,Vacancy,True
5165,2024-09-08,17:34:50,0,Vacancy,0,Vacancy,True
5166,2024-09-08,17:35:06,0,Vacancy,0,Vacancy,True
5167,2024-09-08,17:35:22,0,Vacancy,0,Vacancy,True
5168,2024-09-08,17:35:38,0,Vacancy,0,Vacancy,True
5169,2024-09-08,17:35:54,0,Vacancy,0,Vacancy,True
5170,2024-09-08,17:36:10,0,Vacancy,0,Vacancy,True
5171,2024-09-08,17:36:26,0,Vacancy,0,Vacancy,True
5172,2024-09-08,17:36:42,0,Vacancy,0,Vacancy,True
5173,2024-09-08,17:36:58,0,Vacancy,0,Vacancy,True
5174,2024-09-08,17:37:14,0,Vacancy,0,Vacancy,True
5175,2024-09-08,17:37:30,0,Vacancy,0,Vacancy,True
5176,2024-09-08,17:37:46,0,Vacancy,0,Vacancy,True
5177,2024-09-08,17:38:02,0,Vacancy,0,Vacancy,True
5178,2024-09-08,17:38:18,0,Vacancy,0,Vacancy,True
5179,2024-09-08,17:38:34,0,Vacancy,0,Vacancy,True
5180,2024-09-08,17:38:50,0,Vacancy,0,Vacancy,True
5181,2024-09-08,17:39:06,0,Vacancy,0,Vacancy,True
5182,2024-09-08,17:39:22,0,Vacancy,0,Vacancy,True
5183,2024-09-08,17:39:38,0,Vacancy,0,Vacancy,True
5184,2024-09-08,17:39:54,0,Vacancy,0,Vacancy,True
5185,2024-09-08,17:40:10,0,Vacancy,0,Vacancy,True
5186,2024-09-08,17:40:26,0,Vacancy,0,Vacancy,True
5187,2024-09-08,17:40:42,0,Vacancy,0,Vacancy,True
5188,2024-09-08,17:40:58,0,Vacancy,0,Vacancy,True
5189,2024-09-08,17:41:14,0,Vacancy,0,Vacancy,True
5190,2024-09-08,17:41:30,0,Vacancy,0,Vacancy,True
5191,2024-09-08,17:41:46,0,Vacancy,0,Vacancy,True
5192,2024-09-08,17:42:02,0,Vacancy,0,Vacancy,True
5193,2024-09-08,17:42:18,0,Vacancy,0,Vacancy,True
5194,2024-09-08,17:42:34,0,Vacancy,0,Vacancy,True
5195,2024-09-08,17:42:50,0,Vacancy,0,Vacancy,True
5196,2024-09-08,17:43:06,0,Vacancy,0,Vacancy,True
5197,2024-09-08,17:43:22,0,Vacancy,0,Vacancy,True
5198,2024-09-08,17:43:38,0,Vacancy,0,Vacancy,True
5199,2024-09-08,17:43:54,0,Vacancy,0,Vacancy,True
5200,2024-09-08,17:44:10,0,Vacancy,0,Vacancy,True
5201,2024-09-08,17:44:26,0,Vacancy,0,Vacancy,True
5202,2024-09-08,17:44:42,0,Vacancy,0,Vacancy,True
5203,2024-09-08,17:44:58,0,Vacancy,0,Vacancy,True
5204,2024-09-08,17:45:14,0,Vacancy,0,Vacancy,True
5205,2024-09-08,17:45:30,0,Vacancy,0,Vacancy,True
5206,2024-09-08,17:45:46,0,Vacancy,0,Vacancy,True
5207,2024-09-08,17:46:02,0,Vacancy,0,Vacancy,True
5208,2024-09-08,17:46:18,0,Vacancy,0,Vacancy,True
5209,2024-09-08,17:46:34,0,Vacancy,0,Vacancy,True
5210,2024-09-08,17:46:50,0,Vacancy,0,Vacancy,True
5211,2024-09-08,17:47:06,0,Vacancy,0,Vacancy,True
5212,2024-09-08,17:47:22,0,Vacancy,0,Vacancy,True
5213,2024-09-08,17:47:38,0,Vacancy,0,Vacancy,True
5214,2024-09-08,17:47:54,0,Vacancy,0,Vacancy,True
5215,2024-09-08,17:48:10,0,Vacancy,0,Vacancy,True
5216,2024-09-08,17:48:26,0,Vacancy,0,Vacancy,True
5217,2024-09-08,17:48:42,0,Vacancy,0,Vacancy,True
5218,2024-09-08,17:48:58,0,Vacancy,0,Vacancy,True
5219,2024-09-08,17:49:14,0,Vacancy,0,Vacancy,True
5220,2024-09-08,17:49:30,0,Vacancy,0,Vacancy,True
5221,2024-09-08,17:49:46,0,Vacancy,0,Vacancy,True
5222,2024-09-08,17:50:02,0,Vacancy,0,Vacancy,True
5223,2024-09-08,17:50:18,0,Vacancy,0,Vacancy,True
5224,2024-09-08,17:50:34,0,Vacancy,0,Vacancy,True
5225,2024-09-08,17:50:50,0,Vacancy,0,Vacancy,True
5226,2024-09-08,17:51:06,0,Vacancy,0,Vacancy,True
5227,2024-09-08,17:51:22,0,Vacancy,0,Vacancy,True
5228,2024-09-08,17:51:38,0,Vacancy,0,Vacancy,True
5229,2024-09-08,17:51:54,0,Vacancy,0,Vacancy,True
5230,2024-09-08,17:52:10,0,Vacancy,0,Vacancy,True
5231,2024-09-08,17:52:26,0,Vacancy,0,Vacancy,True
5232,2024-09-08,17:52:42,0,Vacancy,0,Vacancy,True
5233,2024-09-08,17:52:58,0,Vacancy,0,Vacancy,True
5234,2024-09-08,17:53:14,0,Vacancy,0,Vacancy,True
5235,2024-09-08,17:53:30,0,Vacancy,0,Vacancy,True
5236,2024-09-08,17:53:46,0,Vacancy,0,Vacancy,True
5237,2024-09-08,17:54:02,0,Vacancy,0,Vacancy,True
5238,2024-09-08,17:54:18,0,Vacancy,0,Vacancy,True
5239,2024-09-08,17:54:34,0,Vacancy,0,Vacancy,True
5240,2024-09-08,17:54:50,0,Vacancy,0,Vacancy,True
5241,2024-09-08,17:55:06,0,Vacancy,0,Vacancy,True
5242,2024-09-08,17:55:22,0,Vacancy,0,Vacancy,True
5243,2024-09-08,17:55:38,0,Vacancy,0,Vacancy,True
5244,2024-09-08,17:55:54,0,Vacancy,0,Vacancy,True
5245,2024-09-08,17:56:10,0,Vacancy,0,Vacancy,True
5246,2024-09-08,17:56:26,0,Vacancy,0,Vacancy,True
5247,2024-09-08,17:56:42,0,Vacancy,0,Vacancy,True
5248,2024-09-08,17:56:58,0,Vacancy,0,Vacancy,True
5249,2024-09-08,17:57:14,0,Vacancy,0,Vacancy,True
5250,2024-09-08,17:57:30,0,Vacancy,0,Vacancy,True
5251,2024-09-08,17:57:46,0,Vacancy,0,Vacancy,True
5252,2024-09-08,17:58:02,0,Vacancy,0,Vacancy,True
5253,2024-09-08,17:58:18,0,Vacancy,0,Vacancy,True
5254,2024-09-08,17:58:34,0,Vacancy,0,Vacancy,True
5255,2024-09-08,17:58:50,0,Vacancy,0,Vacancy,True
5256,2024-09-08,17:59:06,0,Vacancy,0,Vacancy,True
5257,2024-09-08,17:59:22,0,Vacancy,0,Vacancy,True
5258,2024-09-08,17:59:38,0,Vacancy,0,Vacancy,True
5259,2024-09-08,17:59:54,0,Vacancy,0,Vacancy,True
5260,2024-09-08,18:00:10,0,Vacancy,0,Vacancy,True
5261,2024-09-08,18:00:26,0,Vacancy,0,Vacancy,True
5262,2024-09-08,18:00:42,0,Vacancy,0,Vacancy,True
5263,2024-09-08,18:00:58,0,Vacancy,0,Vacancy,True
5264,2024-09-08,18:01:14,0,Vacancy,0,Vacancy,True
5265,2024-09-08,18:01:30,0,Vacancy,0,Vacancy,True
5266,2024-09-08,18:01:46,0,Vacancy,0,Vacancy,True
5267,2024-09-08,18:02:02,0,Vacancy,0,Vacancy,True
5268,2024-09-08,18:02:18,0,Vacancy,0,Vacancy,True
5269,2024-09-08,18:02:34,0,Vacancy,0,Vacancy,True
5270,2024-09-08,18:02:50,0,Vacancy,0,Vacancy,True
5271,2024-09-08,18:03:06,0,Vacancy,0,Vacancy,True
5272,2024-09-08,18:03:22,0,Vacancy,0,Vacancy,True
5273,2024-09-08,18:03:38,0,Vacancy,0,Vacancy,True
5274,2024-09-08,18:03:54,0,Vacancy,0,Vacancy,True
5275,2024-09-08,18:04:10,0,Vacancy,0,Vacancy,True
5276,2024-09-08,18:04:26,0,Vacancy,0,Vacancy,True
5277,2024-09-08,18:04:42,0,Vacancy,0,Vacancy,True
5278,2024-09-08,18:04:58,0,Vacancy,0,Vacancy,True
5279,2024-09-08,18:05:15,0,Vacancy,0,Vacancy,True
5280,2024-09-08,18:05:30,0,Vacancy,0,Vacancy,True
5281,2024-09-08,18:05:47,0,Vacancy,0,Vacancy,True
5282,2024-09-08,18:06:02,0,Vacancy,0,Vacancy,True
5283,2024-09-08,18:06:19,0,Vacancy,0,Vacancy,True
5284,2024-09-08,18:06:34,0,Vacancy,0,Vacancy,True
5285,2024-09-08,18:06:51,0,Vacancy,0,Vacancy,True
5286,2024-09-08,18:07:06,0,Vacancy,0,Vacancy,True
5287,2024-09-08,18:07:23,0,Vacancy,0,Vacancy,True
5288,2024-09-08,18:07:39,0,Vacancy,0,Vacancy,True
5289,2024-09-08,18:07:55,0,Vacancy,0,Vacancy,True
5290,2024-09-08,18:08:11,0,Vacancy,0,Vacancy,True
5291,2024-09-08,18:08:27,0,Vacancy,0,Vacancy,True
5292,2024-09-08,18:08:43,0,Vacancy,0,Vacancy,True
5293,2024-09-08,18:08:59,0,Vacancy,0,Vacancy,True
5294,2024-09-08,18:09:15,0,Vacancy,0,Vacancy,True
5295,2024-09-08,18:09:31,0,Vacancy,0,Vacancy,True
5296,2024-09-08,18:09:47,0,Vacancy,0,Vacancy,True
5297,2024-09-08,18:10:03,0,Vacancy,0,Vacancy,True
5298,2024-09-08,18:10:19,0,Vacancy,0,Vacancy,True
5299,2024-09-08,18:10:35,0,Vacancy,0,Vacancy,True
5300,2024-09-08,18:10:51,0,Vacancy,0,Vacancy,True
5301,2024-09-08,18:11:07,0,Vacancy,0,Vacancy,True
5302,2024-09-08,18:11:23,0,Vacancy,0,Vacancy,True
5303,2024-09-08,18:11:39,0,Vacancy,0,Vacancy,True
5304,2024-09-08,18:11:55,0,Vacancy,0,Vacancy,True
5305,2024-09-08,18:12:11,0,Vacancy,0,Vacancy,True
5306,2024-09-08,18:12:27,0,Vacancy,0,Vacancy,True
5307,2024-09-08,18:12:43,0,Vacancy,0,Vacancy,True
5308,2024-09-08,18:12:59,0,Vacancy,0,Vacancy,True
5309,2024-09-08,18:13:15,0,Vacancy,0,Vacancy,True
5310,2024-09-08,18:13:31,0,Vacancy,0,Vacancy,True
5311,2024-09-08,18:13:47,0,Vacancy,0,Vacancy,True
5312,2024-09-08,18:14:03,0,Vacancy,0,Vacancy,True
5313,2024-09-08,18:14:19,0,Vacancy,0,Vacancy,True
5314,2024-09-08,18:14:35,0,Vacancy,0,Vacancy,True
5315,2024-09-08,18:14:51,0,Vacancy,0,Vacancy,True
5316,2024-09-08,18:15:07,0,Vacancy,0,Vacancy,True
5317,2024-09-08,18:15:23,0,Vacancy,0,Vacancy,True
5318,2024-09-08,18:15:39,0,Vacancy,0,Vacancy,True
5319,2024-09-08,18:15:55,0,Vacancy,0,Vacancy,True
5320,2024-09-08,18:16:11,0,Vacancy,0,Vacancy,True
5321,2024-09-08,18:16:27,0,Vacancy,0,Vacancy,True
5322,2024-09-08,18:16:43,0,Vacancy,0,Vacancy,True
5323,2024-09-08,18:16:59,0,Vacancy,0,Vacancy,True
5324,2024-09-08,18:17:15,0,Vacancy,0,Vacancy,True
5325,2024-09-08,18:17:31,0,Vacancy,0,Vacancy,True
5326,2024-09-08,18:17:47,0,Vacancy,0,Vacancy,True
5327,2024-09-08,18:18:03,0,Vacancy,0,Vacancy,True
5328,2024-09-08,18:18:19,0,Vacancy,0,Vacancy,True
5329,2024-09-08,18:18:35,0,Vacancy,0,Vacancy,True
5330,2024-09-08,18:18:51,0,Vacancy,0,Vacancy,True
5331,2024-09-08,18:19:07,0,Vacancy,0,Vacancy,True
5332,2024-09-08,18:19:23,0,Vacancy,0,Vacancy,True
5333,2024-09-08,18:19:39,0,Vacancy,0,Vacancy,True
5334,2024-09-08,18:19:55,0,Vacancy,0,Vacancy,True
5335,2024-09-08,18:20:11,0,Vacancy,0,Vacancy,True
5336,2024-09-08,18:20:27,0,Vacancy,0,Vacancy,True
5337,2024-09-08,18:20:43,0,Vacancy,0,Vacancy,True
5338,2024-09-08,18:20:59,0,Vacancy,0,Vacancy,True
5339,2024-09-08,18:21:15,0,Vacancy,0,Vacancy,True
5340,2024-09-08,18:21:31,0,Vacancy,0,Vacancy,True
5341,2024-09-08,18:21:47,0,Vacancy,0,Vacancy,True
5342,2024-09-08,18:22:03,0,Vacancy,0,Vacancy,True
5343,2024-09-08,18:22:19,0,Vacancy,0,Vacancy,True
5344,2024-09-08,18:22:35,0,Vacancy,0,Vacancy,True
5345,2024-09-08,18:22:51,0,Vacancy,0,Vacancy,True
5346,2024-09-08,18:23:07,0,Vacancy,0,Vacancy,True
5347,2024-09-08,18:23:23,0,Vacancy,0,Vacancy,True
5348,2024-09-08,18:23:39,0,Vacancy,0,Vacancy,True
5349,2024-09-08,18:23:55,0,Vacancy,0,Vacancy,True
5350,2024-09-08,18:24:11,0,Vacancy,0,Vacancy,True
5351,2024-09-08,18:24:27,0,Vacancy,0,Vacancy,True
5352,2024-09-08,18:24:43,0,Vacancy,0,Vacancy,True
5353,2024-09-08,18:24:59,0,Vacancy,0,Vacancy,True
5354,2024-09-08,18:25:15,0,Vacancy,0,Vacancy,True
5355,2024-09-08,18:25:31,0,Vacancy,0,Vacancy,True
5356,2024-09-08,18:25:47,0,Vacancy,0,Vacancy,True
5357,2024-09-08,18:26:03,0,Vacancy,0,Vacancy,True
5358,2024-09-08,18:26:19,0,Vacancy,0,Vacancy,True
5359,2024-09-08,18:26:35,0,Vacancy,0,Vacancy,True
5360,2024-09-08,18:26:51,0,Vacancy,0,Vacancy,True
5361,2024-09-08,18:27:07,0,Vacancy,0,Vacancy,True
5362,2024-09-08,18:27:23,0,Vacancy,0,Vacancy,True
5363,2024-09-08,18:27:39,0,Vacancy,0,Vacancy,True
5364,2024-09-08,18:27:55,0,Vacancy,0,Vacancy,True
5365,2024-09-08,18:28:11,0,Vacancy,0,Vacancy,True
5366,2024-09-08,18:28:27,0,Vacancy,0,Vacancy,True
5367,2024-09-08,18:28:43,0,Vacancy,0,Vacancy,True
5368,2024-09-08,18:28:59,0,Vacancy,0,Vacancy,True
5369,2024-09-08,18:29:15,0,Vacancy,0,Vacancy,True
5370,2024-09-08,18:29:31,0,Vacancy,0,Vacancy,True
5371,2024-09-08,18:29:47,0,Vacancy,0,Vacancy,True
5372,2024-09-08,18:30:03,0,Vacancy,0,Vacancy,True
5373,2024-09-08,18:30:19,0,Vacancy,0,Vacancy,True
5374,2024-09-08,18:30:35,0,Vacancy,0,Vacancy,True
5375,2024-09-08,18:30:51,0,Vacancy,0,Vacancy,True
5376,2024-09-08,18:31:07,0,Vacancy,0,Vacancy,True
5377,2024-09-08,18:31:23,0,Vacancy,0,Vacancy,True
5378,2024-09-08,18:31:39,0,Vacancy,0,Vacancy,True
5379,2024-09-08,18:31:55,0,Vacancy,0,Vacancy,True
5380,2024-09-08,18:32:11,0,Vacancy,0,Vacancy,True
5381,2024-09-08,18:32:27,0,Vacancy,0,Vacancy,True
5382,2024-09-08,18:32:43,0,Vacancy,0,Vacancy,True
5383,2024-09-08,18:32:59,0,Vacancy,0,Vacancy,True
5384,2024-09-08,18:33:15,0,Vacancy,0,Vacancy,True
5385,2024-09-08,18:33:31,0,Vacancy,0,Vacancy,True
5386,2024-09-08,18:33:47,0,Vacancy,0,Vacancy,True
5387,2024-09-08,18:34:03,0,Vacancy,0,Vacancy,True
5388,2024-09-08,18:34:19,0,Vacancy,0,Vacancy,True
5389,2024-09-08,18:34:35,0,Vacancy,0,Vacancy,True
5390,2024-09-08,18:34:51,0,Vacancy,0,Vacancy,True
5391,2024-09-08,18:35:07,0,Vacancy,0,Vacancy,True
5392,2024-09-08,18:35:23,0,Vacancy,0,Vacancy,True
5393,2024-09-08,18:35:39,0,Vacancy,0,Vacancy,True
5394,2024-09-08,18:35:55,0,Vacancy,0,Vacancy,True
5395,2024-09-08,18:36:11,0,Vacancy,0,Vacancy,True
5396,2024-09-08,18:36:27,0,Vacancy,0,Vacancy,True
5397,2024-09-08,18:36:43,0,Vacancy,0,Vacancy,True
5398,2024-09-08,18:36:59,0,Vacancy,0,Vacancy,True
5399,2024-09-08,18:37:15,0,Vacancy,0,Vacancy,True
5400,2024-09-08,18:37:31,0,Vacancy,0,Vacancy,True
5401,2024-09-08,18:37:47,0,Vacancy,0,Vacancy,True
5402,2024-09-08,18:38:03,0,Vacancy,0,Vacancy,True
5403,2024-09-08,18:38:19,0,Vacancy,0,Vacancy,True
5404,2024-09-08,18:38:35,0,Vacancy,0,Vacancy,True
5405,2024-09-08,18:38:51,0,Vacancy,0,Vacancy,True
5406,2024-09-08,18:39:07,0,Vacancy,0,Vacancy,True
5407,2024-09-08,18:39:23,0,Vacancy,0,Vacancy,True
5408,2024-09-08,18:39:39,0,Vacancy,0,Vacancy,True
5409,2024-09-08,18:39:55,0,Vacancy,0,Vacancy,True
5410,2024-09-08,18:40:11,0,Vacancy,0,Vacancy,True
5411,2024-09-08,18:40:27,0,Vacancy,0,Vacancy,True
5412,2024-09-08,18:40:43,0,Vacancy,0,Vacancy,True
5413,2024-09-08,18:40:59,0,Vacancy,0,Vacancy,True
5414,2024-09-08,18:41:15,0,Vacancy,0,Vacancy,True
5415,2024-09-08,18:41:31,0,Vacancy,0,Vacancy,True
5416,2024-09-08,18:41:47,0,Vacancy,0,Vacancy,True
5417,2024-09-08,18:42:03,0,Vacancy,0,Vacancy,True
5418,2024-09-08,18:42:19,0,Vacancy,0,Vacancy,True
5419,2024-09-08,18:42:35,0,Vacancy,0,Vacancy,True
5420,2024-09-08,18:42:51,0,Vacancy,0,Vacancy,True
5421,2024-09-08,18:43:07,0,Vacancy,0,Vacancy,True
5422,2024-09-08,18:43:23,0,Vacancy,0,Vacancy,True
5423,2024-09-08,18:43:39,0,Vacancy,0,Vacancy,True
5424,2024-09-08,18:43:55,0,Vacancy,0,Vacancy,True
5425,2024-09-08,18:44:11,0,Vacancy,0,Vacancy,True
5426,2024-09-08,18:44:27,0,Vacancy,0,Vacancy,True
5427,2024-09-08,18:44:43,0,Vacancy,0,Vacancy,True
5428,2024-09-08,18:44:59,0,Vacancy,0,Vacancy,True
5429,2024-09-08,18:45:15,0,Vacancy,0,Vacancy,True
5430,2024-09-08,18:45:31,0,Vacancy,0,Vacancy,True
5431,2024-09-08,18:45:47,0,Vacancy,0,Vacancy,True
5432,2024-09-08,18:46:03,0,Vacancy,0,Vacancy,True
5433,2024-09-08,18:46:19,0,Vacancy,0,Vacancy,True
5434,2024-09-08,18:46:35,0,Vacancy,0,Vacancy,True
5435,2024-09-08,18:46:51,0,Vacancy,0,Vacancy,True
5436,2024-09-08,18:47:07,0,Vacancy,0,Vacancy,True
5437,2024-09-08,18:47:23,0,Vacancy,0,Vacancy,True
5438,2024-09-08,18:47:39,0,Vacancy,0,Vacancy,True
5439,2024-09-08,18:47:55,0,Vacancy,0,Vacancy,True
5440,2024-09-08,18:48:11,0,Vacancy,0,Vacancy,True
5441,2024-09-08,18:48:27,0,Vacancy,0,Vacancy,True
5442,2024-09-08,18:48:43,0,Vacancy,0,Vacancy,True
5443,2024-09-08,18:48:59,0,Vacancy,0,Vacancy,True
5444,2024-09-08,18:49:15,0,Vacancy,0,Vacancy,True
5445,2024-09-08,18:49:31,0,Vacancy,0,Vacancy,True
5446,2024-09-08,18:49:48,0,Vacancy,0,Vacancy,True
5447,2024-09-08,18:50:03,0,Vacancy,0,Vacancy,True
5448,2024-09-08,18:50:19,0,Vacancy,0,Vacancy,True
5449,2024-09-08,18:50:35,0,Vacancy,0,Vacancy,True
5450,2024-09-08,18:50:51,0,Vacancy,0,Vacancy,True
5451,2024-09-08,18:51:08,0,Vacancy,0,Vacancy,True
5452,2024-09-08,18:51:23,0,Vacancy,0,Vacancy,True
5453,2024-09-08,18:51:40,0,Vacancy,0,Vacancy,True
5454,2024-09-08,18:51:56,0,Vacancy,0,Vacancy,True
5455,2024-09-08,18:52:11,0,Vacancy,0,Vacancy,True
5456,2024-09-08,18:52:28,0,Vacancy,0,Vacancy,True
5457,2024-09-08,18:52:43,0,Vacancy,0,Vacancy,True
5458,2024-09-08,18:53:00,0,Vacancy,0,Vacancy,True
5459,2024-09-08,18:53:16,0,Vacancy,0,Vacancy,True
5460,2024-09-08,18:53:32,0,Vacancy,0,Vacancy,True
5461,2024-09-08,18:53:48,0,Vacancy,0,Vacancy,True
5462,2024-09-08,18:54:03,0,Vacancy,0,Vacancy,True
5463,2024-09-08,18:54:20,0,Vacancy,0,Vacancy,True
5464,2024-09-08,18:54:36,0,Vacancy,0,Vacancy,True
5465,2024-09-08,18:54:52,0,Vacancy,0,Vacancy,True
5466,2024-09-08,18:55:08,0,Vacancy,0,Vacancy,True
5467,2024-09-08,18:55:24,0,Vacancy,0,Vacancy,True
5468,2024-09-08,18:55:40,0,Vacancy,0,Vacancy,True
5469,2024-09-08,18:55:56,0,Vacancy,0,Vacancy,True
5470,2024-09-08,18:56:12,0,Vacancy,0,Vacancy,True
5471,2024-09-08,18:56:28,0,Vacancy,0,Vacancy,True
5472,2024-09-08,18:56:44,0,Vacancy,0,Vacancy,True
5473,2024-09-08,18:57:00,0,Vacancy,0,Vacancy,True
5474,2024-09-08,18:57:16,0,Vacancy,0,Vacancy,True
5475,2024-09-08,18:57:32,0,Vacancy,0,Vacancy,True
5476,2024-09-08,18:57:48,0,Vacancy,0,Vacancy,True
5477,2024-09-08,18:58:04,0,Vacancy,0,Vacancy,True
5478,2024-09-08,18:58:20,0,Vacancy,0,Vacancy,True
5479,2024-09-08,18:58:36,0,Vacancy,0,Vacancy,True
5480,2024-09-08,18:58:52,0,Vacancy,0,Vacancy,True
5481,2024-09-08,18:59:08,0,Vacancy,0,Vacancy,True
5482,2024-09-08,18:59:24,0,Vacancy,0,Vacancy,True
5483,2024-09-08,18:59:40,0,Vacancy,0,Vacancy,True
5484,2024-09-08,18:59:56,0,Vacancy,0,Vacancy,True
5485,2024-09-08,19:00:12,3,Other activity/motion,3,Other activity/motion,True
5486,2024-09-08,19:00:28,0,Vacancy,0,Vacancy,True
5487,2024-09-08,19:00:44,0,Vacancy,0,Vacancy,True
5488,2024-09-08,19:01:00,0,Vacancy,0,Vacancy,True
5489,2024-09-08,19:01:16,0,Vacancy,0,Vacancy,True
5490,2024-09-08,19:01:32,0,Vacancy,0,Vacancy,True
5491,2024-09-08,19:01:48,0,Vacancy,0,Vacancy,True
5492,2024-09-08,19:02:04,0,Vacancy,0,Vacancy,True
5493,2024-09-08,19:02:20,0,Vacancy,0,Vacancy,True
5494,2024-09-08,19:02:36,0,Vacancy,0,Vacancy,True
5495,2024-09-08,19:02:52,0,Vacancy,0,Vacancy,True
5496,2024-09-08,19:03:08,0,Vacancy,0,Vacancy,True
5497,2024-09-08,19:03:24,0,Vacancy,0,Vacancy,True
5498,2024-09-08,19:03:40,0,Vacancy,0,Vacancy,True
5499,2024-09-08,19:03:56,0,Vacancy,0,Vacancy,True
5500,2024-09-08,19:04:12,0,Vacancy,0,Vacancy,True
5501,2024-09-08,19:04:28,0,Vacancy,0,Vacancy,True
5502,2024-09-08,19:04:44,0,Vacancy,0,Vacancy,True
5503,2024-09-08,19:05:00,0,Vacancy,0,Vacancy,True
5504,2024-09-08,19:05:16,0,Vacancy,0,Vacancy,True
5505,2024-09-08,19:05:32,0,Vacancy,0,Vacancy,True
5506,2024-09-08,19:05:48,0,Vacancy,0,Vacancy,True
5507,2024-09-08,19:06:04,0,Vacancy,0,Vacancy,True
5508,2024-09-08,19:06:20,0,Vacancy,0,Vacancy,True
5509,2024-09-08,19:06:36,0,Vacancy,0,Vacancy,True
5510,2024-09-08,19:06:52,0,Vacancy,0,Vacancy,True
5511,2024-09-08,19:07:08,0,Vacancy,0,Vacancy,True
5512,2024-09-08,19:07:25,0,Vacancy,3,Other activity/motion,False
5513,2024-09-08,19:07:40,0,Vacancy,0,Vacancy,True
5514,2024-09-08,19:07:56,0,Vacancy,0,Vacancy,True
5515,2024-09-08,19:08:12,0,Vacancy,0,Vacancy,True
5516,2024-09-08,19:08:28,0,Vacancy,0,Vacancy,True
5517,2024-09-08,19:08:44,0,Vacancy,0,Vacancy,True
5518,2024-09-08,19:09:00,0,Vacancy,0,Vacancy,True
5519,2024-09-08,19:09:16,0,Vacancy,0,Vacancy,True
5520,2024-09-08,19:09:32,0,Vacancy,0,Vacancy,True
5521,2024-09-08,19:09:48,0,Vacancy,0,Vacancy,True
5522,2024-09-08,19:10:04,0,Vacancy,0,Vacancy,True
5523,2024-09-08,19:10:20,0,Vacancy,0,Vacancy,True
5524,2024-09-08,19:10:36,0,Vacancy,0,Vacancy,True
5525,2024-09-08,19:10:52,0,Vacancy,0,Vacancy,True
5526,2024-09-08,19:11:08,0,Vacancy,0,Vacancy,True
5527,2024-09-08,19:11:24,0,Vacancy,0,Vacancy,True
5528,2024-09-08,19:11:40,0,Vacancy,0,Vacancy,True
5529,2024-09-08,19:11:56,0,Vacancy,0,Vacancy,True
5530,2024-09-08,19:12:12,0,Vacancy,0,Vacancy,True
5531,2024-09-08,19:12:28,0,Vacancy,0,Vacancy,True
5532,2024-09-08,19:12:44,0,Vacancy,0,Vacancy,True
5533,2024-09-08,19:13:00,0,Vacancy,0,Vacancy,True
5534,2024-09-08,19:13:16,0,Vacancy,0,Vacancy,True
5535,2024-09-08,19:13:32,0,Vacancy,0,Vacancy,True
5536,2024-09-08,19:13:48,0,Vacancy,0,Vacancy,True
5537,2024-09-08,19:14:04,0,Vacancy,0,Vacancy,True
5538,2024-09-08,19:14:20,0,Vacancy,0,Vacancy,True
5539,2024-09-08,19:14:36,0,Vacancy,0,Vacancy,True
5540,2024-09-08,19:14:52,0,Vacancy,0,Vacancy,True
5541,2024-09-08,19:15:08,0,Vacancy,0,Vacancy,True
5542,2024-09-08,19:15:24,0,Vacancy,0,Vacancy,True
5543,2024-09-08,19:15:40,0,Vacancy,0,Vacancy,True
5544,2024-09-08,19:15:56,0,Vacancy,0,Vacancy,True
5545,2024-09-08,19:16:12,0,Vacancy,0,Vacancy,True
5546,2024-09-08,19:16:28,0,Vacancy,0,Vacancy,True
5547,2024-09-08,19:16:44,0,Vacancy,0,Vacancy,True
5548,2024-09-08,19:17:00,0,Vacancy,0,Vacancy,True
5549,2024-09-08,19:17:16,0,Vacancy,0,Vacancy,True
5550,2024-09-08,19:17:32,0,Vacancy,0,Vacancy,True
5551,2024-09-08,19:17:48,0,Vacancy,0,Vacancy,True
5552,2024-09-08,19:18:04,0,Vacancy,0,Vacancy,True
5553,2024-09-08,19:18:20,0,Vacancy,0,Vacancy,True
5554,2024-09-08,19:18:36,0,Vacancy,0,Vacancy,True
5555,2024-09-08,19:18:52,0,Vacancy,0,Vacancy,True
5556,2024-09-08,19:19:08,0,Vacancy,0,Vacancy,True
5557,2024-09-08,19:19:24,0,Vacancy,0,Vacancy,True
5558,2024-09-08,19:19:40,0,Vacancy,0,Vacancy,True
5559,2024-09-08,19:19:56,0,Vacancy,0,Vacancy,True
5560,2024-09-08,19:20:12,0,Vacancy,0,Vacancy,True
5561,2024-09-08,19:20:28,0,Vacancy,0,Vacancy,True
5562,2024-09-08,19:20:44,0,Vacancy,0,Vacancy,True
5563,2024-09-08,19:21:00,0,Vacancy,0,Vacancy,True
5564,2024-09-08,19:21:16,3,Other activity/motion,3,Other activity/motion,True
5565,2024-09-08,19:21:22,3,Other activity/motion,3,Other activity/motion,True
5566,2024-09-08,19:21:27,3,Other activity/motion,3,Other activity/motion,True
5567,2024-09-08,19:21:33,3,Other activity/motion,3,Other activity/motion,True
5568,2024-09-08,19:21:39,3,Other activity/motion,3,Other activity/motion,True
5569,2024-09-08,19:21:48,3,Other activity/motion,3,Other activity/motion,True
5570,2024-09-08,19:22:04,0,Vacancy,0,Vacancy,True
5571,2024-09-08,19:22:20,0,Vacancy,0,Vacancy,True
5572,2024-09-08,19:22:36,0,Vacancy,0,Vacancy,True
5573,2024-09-08,19:22:52,0,Vacancy,0,Vacancy,True
5574,2024-09-08,19:23:08,0,Vacancy,0,Vacancy,True
5575,2024-09-08,19:23:24,0,Vacancy,0,Vacancy,True
5576,2024-09-08,19:23:40,0,Vacancy,0,Vacancy,True
5577,2024-09-08,19:23:56,0,Vacancy,0,Vacancy,True
5578,2024-09-08,19:24:12,3,Other activity/motion,3,Other activity/motion,True
5579,2024-09-08,19:24:18,3,Other activity/motion,3,Other activity/motion,True
5580,2024-09-08,19:24:23,3,Other activity/motion,3,Other activity/motion,True
5581,2024-09-08,19:24:29,3,Other activity/motion,3,Other activity/motion,True
5582,2024-09-08,19:24:35,3,Other activity/motion,3,Other activity/motion,True
5583,2024-09-08,19:24:44,3,Other activity/motion,3,Other activity/motion,True
5584,2024-09-08,19:25:00,0,Vacancy,0,Vacancy,True
5585,2024-09-08,19:25:16,0,Vacancy,0,Vacancy,True
5586,2024-09-08,19:25:32,0,Vacancy,0,Vacancy,True
5587,2024-09-08,19:25:48,0,Vacancy,0,Vacancy,True
5588,2024-09-08,19:26:04,0,Vacancy,0,Vacancy,True
5589,2024-09-08,19:26:20,0,Vacancy,0,Vacancy,True
5590,2024-09-08,19:26:36,0,Vacancy,0,Vacancy,True
5591,2024-09-08,19:26:52,0,Vacancy,0,Vacancy,True
5592,2024-09-08,19:27:08,0,Vacancy,0,Vacancy,True
5593,2024-09-08,19:27:24,0,Vacancy,0,Vacancy,True
5594,2024-09-08,19:27:40,0,Vacancy,0,Vacancy,True
5595,2024-09-08,19:27:56,0,Vacancy,0,Vacancy,True
5596,2024-09-08,19:28:12,0,Vacancy,0,Vacancy,True
5597,2024-09-08,19:28:28,0,Vacancy,0,Vacancy,True
5598,2024-09-08,19:28:44,0,Vacancy,0,Vacancy,True
5599,2024-09-08,19:29:00,0,Vacancy,0,Vacancy,True
5600,2024-09-08,19:29:16,0,Vacancy,0,Vacancy,True
5601,2024-09-08,19:29:32,0,Vacancy,0,Vacancy,True
5602,2024-09-08,19:29:48,0,Vacancy,0,Vacancy,True
5603,2024-09-08,19:30:04,0,Vacancy,0,Vacancy,True
5604,2024-09-08,19:30:20,0,Vacancy,0,Vacancy,True
5605,2024-09-08,19:30:36,0,Vacancy,0,Vacancy,True
5606,2024-09-08,19:30:52,0,Vacancy,0,Vacancy,True
5607,2024-09-08,19:31:08,0,Vacancy,0,Vacancy,True
5608,2024-09-08,19:31:24,0,Vacancy,0,Vacancy,True
5609,2024-09-08,19:31:40,0,Vacancy,0,Vacancy,True
5610,2024-09-08,19:31:56,0,Vacancy,0,Vacancy,True
5611,2024-09-08,19:32:12,0,Vacancy,0,Vacancy,True
5612,2024-09-08,19:32:28,0,Vacancy,0,Vacancy,True
5613,2024-09-08,19:32:44,0,Vacancy,0,Vacancy,True
5614,2024-09-08,19:33:00,0,Vacancy,0,Vacancy,True
5615,2024-09-08,19:33:16,0,Vacancy,0,Vacancy,True
5616,2024-09-08,19:33:32,0,Vacancy,0,Vacancy,True
5617,2024-09-08,19:33:48,0,Vacancy,0,Vacancy,True
5618,2024-09-08,19:34:04,0,Vacancy,0,Vacancy,True
5619,2024-09-08,19:34:20,0,Vacancy,0,Vacancy,True
5620,2024-09-08,19:34:36,0,Vacancy,0,Vacancy,True
5621,2024-09-08,19:34:52,0,Vacancy,0,Vacancy,True
5622,2024-09-08,19:35:08,0,Vacancy,0,Vacancy,True
5623,2024-09-08,19:35:25,0,Vacancy,0,Vacancy,True
5624,2024-09-08,19:35:40,3,Other activity/motion,3,Other activity/motion,True
5625,2024-09-08,19:35:46,3,Other activity/motion,3,Other activity/motion,True
5626,2024-09-08,19:35:57,3,Other activity/motion,3,Other activity/motion,True
5627,2024-09-08,19:36:02,3,Other activity/motion,3,Other activity/motion,True
5628,2024-09-08,19:36:08,3,Other activity/motion,3,Other activity/motion,True
5629,2024-09-08,19:36:13,3,Other activity/motion,3,Other activity/motion,True
5630,2024-09-08,19:36:29,3,Other activity/motion,3,Other activity/motion,True
5631,2024-09-08,19:36:34,3,Other activity/motion,3,Other activity/motion,True
5632,2024-09-08,19:36:40,3,Other activity/motion,3,Other activity/motion,True
5633,2024-09-08,19:36:45,3,Other activity/motion,3,Other activity/motion,True
5634,2024-09-08,19:37:01,0,Vacancy,0,Vacancy,True
5635,2024-09-08,19:37:17,0,Vacancy,0,Vacancy,True
5636,2024-09-08,19:37:33,0,Vacancy,0,Vacancy,True
5637,2024-09-08,19:37:49,0,Vacancy,0,Vacancy,True
5638,2024-09-08,19:38:05,0,Vacancy,0,Vacancy,True
5639,2024-09-08,19:38:21,0,Vacancy,0,Vacancy,True
5640,2024-09-08,19:38:37,0,Vacancy,0,Vacancy,True
5641,2024-09-08,19:38:53,0,Vacancy,0,Vacancy,True
5642,2024-09-08,19:39:09,0,Vacancy,0,Vacancy,True
5643,2024-09-08,19:39:25,0,Vacancy,0,Vacancy,True
5644,2024-09-08,19:39:41,0,Vacancy,0,Vacancy,True
5645,2024-09-08,19:39:57,0,Vacancy,0,Vacancy,True
5646,2024-09-08,19:40:13,0,Vacancy,0,Vacancy,True
5647,2024-09-08,19:40:29,0,Vacancy,0,Vacancy,True
5648,2024-09-08,19:40:45,0,Vacancy,0,Vacancy,True
5649,2024-09-08,19:41:01,0,Vacancy,0,Vacancy,True
5650,2024-09-08,19:41:17,0,Vacancy,0,Vacancy,True
5651,2024-09-08,19:41:33,0,Vacancy,0,Vacancy,True
5652,2024-09-08,19:41:49,0,Vacancy,0,Vacancy,True
5653,2024-09-08,19:42:05,0,Vacancy,0,Vacancy,True
5654,2024-09-08,19:42:21,0,Vacancy,0,Vacancy,True
5655,2024-09-08,19:42:37,0,Vacancy,0,Vacancy,True
5656,2024-09-08,19:42:53,0,Vacancy,0,Vacancy,True
5657,2024-09-08,19:43:09,0,Vacancy,0,Vacancy,True
5658,2024-09-08,19:43:25,0,Vacancy,0,Vacancy,True
5659,2024-09-08,19:43:41,0,Vacancy,0,Vacancy,True
5660,2024-09-08,19:43:57,0,Vacancy,0,Vacancy,True
5661,2024-09-08,19:44:13,0,Vacancy,0,Vacancy,True
5662,2024-09-08,19:44:29,0,Vacancy,0,Vacancy,True
5663,2024-09-08,19:44:45,0,Vacancy,0,Vacancy,True
5664,2024-09-08,19:45:01,0,Vacancy,0,Vacancy,True
5665,2024-09-08,19:45:17,0,Vacancy,0,Vacancy,True
5666,2024-09-08,19:45:33,0,Vacancy,0,Vacancy,True
5667,2024-09-08,19:45:49,0,Vacancy,0,Vacancy,True
5668,2024-09-08,19:46:05,0,Vacancy,0,Vacancy,True
5669,2024-09-08,19:46:21,0,Vacancy,0,Vacancy,True
5670,2024-09-08,19:46:37,0,Vacancy,0,Vacancy,True
5671,2024-09-08,19:46:53,0,Vacancy,0,Vacancy,True
5672,2024-09-08,19:47:09,0,Vacancy,0,Vacancy,True
5673,2024-09-08,19:47:25,0,Vacancy,0,Vacancy,True
5674,2024-09-08,19:47:41,0,Vacancy,0,Vacancy,True
5675,2024-09-08,19:47:57,0,Vacancy,0,Vacancy,True
5676,2024-09-08,19:48:13,0,Vacancy,0,Vacancy,True
5677,2024-09-08,19:48:29,0,Vacancy,0,Vacancy,True
5678,2024-09-08,19:48:45,0,Vacancy,0,Vacancy,True
5679,2024-09-08,19:49:01,0,Vacancy,0,Vacancy,True
5680,2024-09-08,19:49:17,0,Vacancy,0,Vacancy,True
5681,2024-09-08,19:49:33,0,Vacancy,0,Vacancy,True
5682,2024-09-08,19:49:49,0,Vacancy,0,Vacancy,True
5683,2024-09-08,19:50:05,0,Vacancy,0,Vacancy,True
5684,2024-09-08,19:50:21,0,Vacancy,0,Vacancy,True
5685,2024-09-08,19:50:37,0,Vacancy,0,Vacancy,True
5686,2024-09-08,19:50:53,0,Vacancy,0,Vacancy,True
5687,2024-09-08,19:51:09,0,Vacancy,0,Vacancy,True
5688,2024-09-08,19:51:25,0,Vacancy,0,Vacancy,True
5689,2024-09-08,19:51:41,0,Vacancy,0,Vacancy,True
5690,2024-09-08,19:51:57,0,Vacancy,0,Vacancy,True
5691,2024-09-08,19:52:13,0,Vacancy,0,Vacancy,True
5692,2024-09-08,19:52:29,0,Vacancy,0,Vacancy,True
5693,2024-09-08,19:52:45,0,Vacancy,0,Vacancy,True
5694,2024-09-08,19:53:01,0,Vacancy,0,Vacancy,True
5695,2024-09-08,19:53:17,0,Vacancy,0,Vacancy,True
5696,2024-09-08,19:53:33,0,Vacancy,0,Vacancy,True
5697,2024-09-08,19:53:49,0,Vacancy,0,Vacancy,True
5698,2024-09-08,19:54:05,0,Vacancy,0,Vacancy,True
5699,2024-09-08,19:54:21,0,Vacancy,0,Vacancy,True
5700,2024-09-08,19:54:37,0,Vacancy,0,Vacancy,True
5701,2024-09-08,19:54:53,0,Vacancy,0,Vacancy,True
5702,2024-09-08,19:55:09,0,Vacancy,0,Vacancy,True
5703,2024-09-08,19:55:25,0,Vacancy,0,Vacancy,True
5704,2024-09-08,19:55:41,0,Vacancy,0,Vacancy,True
5705,2024-09-08,19:55:57,0,Vacancy,0,Vacancy,True
5706,2024-09-08,19:56:13,0,Vacancy,0,Vacancy,True
5707,2024-09-08,19:56:29,0,Vacancy,0,Vacancy,True
5708,2024-09-08,19:56:45,0,Vacancy,0,Vacancy,True
5709,2024-09-08,19:57:01,0,Vacancy,0,Vacancy,True
5710,2024-09-08,19:57:17,0,Vacancy,0,Vacancy,True
5711,2024-09-08,19:57:33,0,Vacancy,0,Vacancy,True
5712,2024-09-08,19:57:49,0,Vacancy,0,Vacancy,True
5713,2024-09-08,19:58:05,0,Vacancy,0,Vacancy,True
5714,2024-09-08,19:58:21,0,Vacancy,0,Vacancy,True
5715,2024-09-08,19:58:37,0,Vacancy,0,Vacancy,True
5716,2024-09-08,19:58:53,0,Vacancy,0,Vacancy,True
5717,2024-09-08,19:59:09,0,Vacancy,0,Vacancy,True
5718,2024-09-08,19:59:25,0,Vacancy,0,Vacancy,True
5719,2024-09-08,19:59:41,0,Vacancy,0,Vacancy,True
5720,2024-09-08,19:59:57,0,Vacancy,0,Vacancy,True
5721,2024-09-08,20:00:13,0,Vacancy,0,Vacancy,True
5722,2024-09-08,20:00:29,0,Vacancy,0,Vacancy,True
5723,2024-09-08,20:00:45,0,Vacancy,0,Vacancy,True
5724,2024-09-08,20:01:01,0,Vacancy,0,Vacancy,True
5725,2024-09-08,20:01:17,0,Vacancy,0,Vacancy,True
5726,2024-09-08,20:01:33,0,Vacancy,0,Vacancy,True
5727,2024-09-08,20:01:49,0,Vacancy,0,Vacancy,True
5728,2024-09-08,20:02:05,0,Vacancy,0,Vacancy,True
5729,2024-09-08,20:02:21,0,Vacancy,0,Vacancy,True
5730,2024-09-08,20:02:37,0,Vacancy,0,Vacancy,True
5731,2024-09-08,20:02:53,0,Vacancy,0,Vacancy,True
5732,2024-09-08,20:03:09,0,Vacancy,0,Vacancy,True
5733,2024-09-08,20:03:25,0,Vacancy,0,Vacancy,True
5734,2024-09-08,20:03:41,0,Vacancy,0,Vacancy,True
5735,2024-09-08,20:03:57,0,Vacancy,0,Vacancy,True
5736,2024-09-08,20:04:13,0,Vacancy,0,Vacancy,True
5737,2024-09-08,20:04:29,0,Vacancy,0,Vacancy,True
5738,2024-09-08,20:04:45,0,Vacancy,0,Vacancy,True
5739,2024-09-08,20:05:01,0,Vacancy,0,Vacancy,True
5740,2024-09-08,20:05:17,0,Vacancy,0,Vacancy,True
5741,2024-09-08,20:05:33,0,Vacancy,0,Vacancy,True
5742,2024-09-08,20:05:49,0,Vacancy,0,Vacancy,True
5743,2024-09-08,20:06:05,0,Vacancy,0,Vacancy,True
5744,2024-09-08,20:06:21,0,Vacancy,0,Vacancy,True
5745,2024-09-08,20:06:37,0,Vacancy,0,Vacancy,True
5746,2024-09-08,20:06:53,0,Vacancy,0,Vacancy,True
5747,2024-09-08,20:07:09,0,Vacancy,0,Vacancy,True
5748,2024-09-08,20:07:25,0,Vacancy,0,Vacancy,True
5749,2024-09-08,20:07:41,0,Vacancy,0,Vacancy,True
5750,2024-09-08,20:07:57,0,Vacancy,0,Vacancy,True
5751,2024-09-08,20:08:13,0,Vacancy,0,Vacancy,True
5752,2024-09-08,20:08:29,0,Vacancy,0,Vacancy,True
5753,2024-09-08,20:08:45,0,Vacancy,0,Vacancy,True
5754,2024-09-08,20:09:01,0,Vacancy,0,Vacancy,True
5755,2024-09-08,20:09:17,0,Vacancy,0,Vacancy,True
5756,2024-09-08,20:09:33,0,Vacancy,0,Vacancy,True
5757,2024-09-08,20:09:49,0,Vacancy,0,Vacancy,True
5758,2024-09-08,20:10:05,0,Vacancy,0,Vacancy,True
5759,2024-09-08,20:10:21,0,Vacancy,0,Vacancy,True
5760,2024-09-08,20:10:37,0,Vacancy,0,Vacancy,True
5761,2024-09-08,20:10:53,0,Vacancy,0,Vacancy,True
5762,2024-09-08,20:11:09,0,Vacancy,0,Vacancy,True
5763,2024-09-08,20:11:28,1,Stationary human presence,3,Other activity/motion,False
5764,2024-09-08,20:11:41,0,Vacancy,0,Vacancy,True
5765,2024-09-08,20:11:57,0,Vacancy,0,Vacancy,True
5766,2024-09-08,20:12:13,0,Vacancy,0,Vacancy,True
5767,2024-09-08,20:12:29,0,Vacancy,0,Vacancy,True
5768,2024-09-08,20:12:45,0,Vacancy,0,Vacancy,True
5769,2024-09-08,20:13:01,0,Vacancy,0,Vacancy,True
5770,2024-09-08,20:13:17,0,Vacancy,0,Vacancy,True
5771,2024-09-08,20:13:33,0,Vacancy,0,Vacancy,True
5772,2024-09-08,20:13:49,0,Vacancy,0,Vacancy,True
5773,2024-09-08,20:14:05,0,Vacancy,0,Vacancy,True
5774,2024-09-08,20:14:21,0,Vacancy,0,Vacancy,True
5775,2024-09-08,20:14:37,0,Vacancy,0,Vacancy,True
5776,2024-09-08,20:14:53,0,Vacancy,0,Vacancy,True
5777,2024-09-08,20:15:09,0,Vacancy,0,Vacancy,True
5778,2024-09-08,20:15:25,0,Vacancy,0,Vacancy,True
5779,2024-09-08,20:15:41,0,Vacancy,0,Vacancy,True
5780,2024-09-08,20:15:57,0,Vacancy,0,Vacancy,True
5781,2024-09-08,20:16:13,0,Vacancy,0,Vacancy,True
5782,2024-09-08,20:16:29,0,Vacancy,0,Vacancy,True
5783,2024-09-08,20:16:45,0,Vacancy,0,Vacancy,True
5784,2024-09-08,20:17:01,0,Vacancy,0,Vacancy,True
5785,2024-09-08,20:17:17,0,Vacancy,0,Vacancy,True
5786,2024-09-08,20:17:33,0,Vacancy,0,Vacancy,True
5787,2024-09-08,20:17:49,0,Vacancy,0,Vacancy,True
5788,2024-09-08,20:18:05,0,Vacancy,0,Vacancy,True
5789,2024-09-08,20:18:21,0,Vacancy,0,Vacancy,True
5790,2024-09-08,20:18:37,0,Vacancy,0,Vacancy,True
5791,2024-09-08,20:18:53,0,Vacancy,0,Vacancy,True
5792,2024-09-08,20:19:09,0,Vacancy,0,Vacancy,True
5793,2024-09-08,20:19:25,0,Vacancy,0,Vacancy,True
5794,2024-09-08,20:19:41,0,Vacancy,0,Vacancy,True
5795,2024-09-08,20:19:57,0,Vacancy,0,Vacancy,True
5796,2024-09-08,20:20:14,0,Vacancy,0,Vacancy,True
5797,2024-09-08,20:20:29,0,Vacancy,0,Vacancy,True
5798,2024-09-08,20:20:46,0,Vacancy,0,Vacancy,True
5799,2024-09-08,20:21:01,0,Vacancy,0,Vacancy,True
5800,2024-09-08,20:21:17,0,Vacancy,0,Vacancy,True
5801,2024-09-08,20:21:34,0,Vacancy,0,Vacancy,True
5802,2024-09-08,20:21:50,0,Vacancy,0,Vacancy,True
5803,2024-09-08,20:22:06,0,Vacancy,0,Vacancy,True
5804,2024-09-08,20:22:21,0,Vacancy,0,Vacancy,True
5805,2024-09-08,20:22:38,0,Vacancy,0,Vacancy,True
5806,2024-09-08,20:22:54,0,Vacancy,1,Stationary human presence,False
5807,2024-09-08,20:23:10,1,Stationary human presence,1,Stationary human presence,True
5808,2024-09-08,20:23:26,1,Stationary human presence,1,Stationary human presence,True
5809,2024-09-08,20:23:42,0,Vacancy,0,Vacancy,True
5810,2024-09-08,20:23:58,1,Stationary human presence,1,Stationary human presence,True
5811,2024-09-08,20:24:14,0,Vacancy,0,Vacancy,True
5812,2024-09-08,20:24:30,0,Vacancy,0,Vacancy,True
5813,2024-09-08,20:24:46,1,Stationary human presence,1,Stationary human presence,True
5814,2024-09-08,20:25:02,1,Stationary human presence,1,Stationary human presence,True
5815,2024-09-08,20:25:18,1,Stationary human presence,1,Stationary human presence,True
5816,2024-09-08,20:25:34,1,Stationary human presence,1,Stationary human presence,True
5817,2024-09-08,20:25:50,1,Stationary human presence,1,Stationary human presence,True
5818,2024-09-08,20:26:06,1,Stationary human presence,1,Stationary human presence,True
5819,2024-09-08,20:26:22,1,Stationary human presence,1,Stationary human presence,True
5820,2024-09-08,20:26:38,1,Stationary human presence,1,Stationary human presence,True
5821,2024-09-08,20:26:54,1,Stationary human presence,1,Stationary human presence,True
5822,2024-09-08,20:27:10,1,Stationary human presence,1,Stationary human presence,True
5823,2024-09-08,20:27:26,1,Stationary human presence,1,Stationary human presence,True
5824,2024-09-08,20:27:42,0,Vacancy,1,Stationary human presence,False
5825,2024-09-08,20:27:58,1,Stationary human presence,1,Stationary human presence,True
5826,2024-09-08,20:28:14,1,Stationary human presence,1,Stationary human presence,True
5827,2024-09-08,20:28:30,1,Stationary human presence,1,Stationary human presence,True
5828,2024-09-08,20:28:46,1,Stationary human presence,1,Stationary human presence,True
5829,2024-09-08,20:29:02,1,Stationary human presence,1,Stationary human presence,True
5830,2024-09-08,20:29:18,1,Stationary human presence,1,Stationary human presence,True
5831,2024-09-08,20:29:34,1,Stationary human presence,0,Vacancy,False
5832,2024-09-08,20:29:50,1,Stationary human presence,1,Stationary human presence,True
5833,2024-09-08,20:30:06,1,Stationary human presence,1,Stationary human presence,True
5834,2024-09-08,20:30:22,1,Stationary human presence,1,Stationary human presence,True
5835,2024-09-08,20:30:38,1,Stationary human presence,1,Stationary human presence,True
5836,2024-09-08,20:30:54,1,Stationary human presence,1,Stationary human presence,True
5837,2024-09-08,20:31:10,1,Stationary human presence,1,Stationary human presence,True
5838,2024-09-08,20:31:26,1,Stationary human presence,1,Stationary human presence,True
5839,2024-09-08,20:31:42,1,Stationary human presence,1,Stationary human presence,True
5840,2024-09-08,20:31:58,1,Stationary human presence,1,Stationary human presence,True
5841,2024-09-08,20:32:14,1,Stationary human presence,1,Stationary human presence,True
5842,2024-09-08,20:32:30,1,Stationary human presence,1,Stationary human presence,True
5843,2024-09-08,20:32:46,1,Stationary human presence,1,Stationary human presence,True
5844,2024-09-08,20:33:02,1,Stationary human presence,1,Stationary human presence,True
5845,2024-09-08,20:33:18,1,Stationary human presence,1,Stationary human presence,True
5846,2024-09-08,20:33:34,1,Stationary human presence,1,Stationary human presence,True
5847,2024-09-08,20:33:50,1,Stationary human presence,1,Stationary human presence,True
5848,2024-09-08,20:34:06,1,Stationary human presence,1,Stationary human presence,True
5849,2024-09-08,20:34:22,1,Stationary human presence,1,Stationary human presence,True
5850,2024-09-08,20:34:38,1,Stationary human presence,1,Stationary human presence,True
5851,2024-09-08,20:34:54,1,Stationary human presence,1,Stationary human presence,True
5852,2024-09-08,20:35:10,1,Stationary human presence,1,Stationary human presence,True
5853,2024-09-08,20:35:26,1,Stationary human presence,1,Stationary human presence,True
5854,2024-09-08,20:35:42,1,Stationary human presence,1,Stationary human presence,True
5855,2024-09-08,20:35:58,1,Stationary human presence,1,Stationary human presence,True
5856,2024-09-08,20:36:14,1,Stationary human presence,1,Stationary human presence,True
5857,2024-09-08,20:36:30,1,Stationary human presence,1,Stationary human presence,True
5858,2024-09-08,20:36:46,1,Stationary human presence,1,Stationary human presence,True
5859,2024-09-08,20:37:02,1,Stationary human presence,1,Stationary human presence,True
5860,2024-09-08,20:37:18,1,Stationary human presence,1,Stationary human presence,True
5861,2024-09-08,20:37:34,1,Stationary human presence,1,Stationary human presence,True
5862,2024-09-08,20:37:50,1,Stationary human presence,1,Stationary human presence,True
5863,2024-09-08,20:38:06,1,Stationary human presence,1,Stationary human presence,True
5864,2024-09-08,20:38:22,1,Stationary human presence,1,Stationary human presence,True
5865,2024-09-08,20:38:38,1,Stationary human presence,1,Stationary human presence,True
5866,2024-09-08,20:38:54,1,Stationary human presence,1,Stationary human presence,True
5867,2024-09-08,20:39:10,1,Stationary human presence,1,Stationary human presence,True
5868,2024-09-08,20:39:26,1,Stationary human presence,1,Stationary human presence,True
5869,2024-09-08,20:39:42,1,Stationary human presence,1,Stationary human presence,True
5870,2024-09-08,20:39:58,1,Stationary human presence,1,Stationary human presence,True
5871,2024-09-08,20:40:14,1,Stationary human presence,1,Stationary human presence,True
5872,2024-09-08,20:40:30,1,Stationary human presence,1,Stationary human presence,True
5873,2024-09-08,20:40:46,1,Stationary human presence,1,Stationary human presence,True
5874,2024-09-08,20:41:02,1,Stationary human presence,1,Stationary human presence,True
5875,2024-09-08,20:41:18,1,Stationary human presence,1,Stationary human presence,True
5876,2024-09-08,20:41:34,0,Vacancy,0,Vacancy,True
5877,2024-09-08,20:41:50,1,Stationary human presence,1,Stationary human presence,True
5878,2024-09-08,20:42:06,1,Stationary human presence,1,Stationary human presence,True
5879,2024-09-08,20:42:22,1,Stationary human presence,1,Stationary human presence,True
5880,2024-09-08,20:42:38,1,Stationary human presence,1,Stationary human presence,True
5881,2024-09-08,20:42:54,1,Stationary human presence,1,Stationary human presence,True
5882,2024-09-08,20:43:10,1,Stationary human presence,1,Stationary human presence,True
5883,2024-09-08,20:43:26,1,Stationary human presence,1,Stationary human presence,True
5884,2024-09-08,20:43:42,1,Stationary human presence,1,Stationary human presence,True
5885,2024-09-08,20:43:58,1,Stationary human presence,0,Vacancy,False
5886,2024-09-08,20:44:14,1,Stationary human presence,1,Stationary human presence,True
5887,2024-09-08,20:44:30,0,Vacancy,0,Vacancy,True
5888,2024-09-08,20:44:46,0,Vacancy,0,Vacancy,True
5889,2024-09-08,20:45:02,1,Stationary human presence,1,Stationary human presence,True
5890,2024-09-08,20:45:18,0,Vacancy,0,Vacancy,True
5891,2024-09-08,20:45:34,0,Vacancy,0,Vacancy,True
5892,2024-09-08,20:45:50,0,Vacancy,0,Vacancy,True
5893,2024-09-08,20:46:06,1,Stationary human presence,0,Vacancy,False
5894,2024-09-08,20:46:22,0,Vacancy,0,Vacancy,True
5895,2024-09-08,20:46:38,0,Vacancy,0,Vacancy,True
5896,2024-09-08,20:46:54,0,Vacancy,0,Vacancy,True
5897,2024-09-08,20:47:10,0,Vacancy,0,Vacancy,True
5898,2024-09-08,20:47:26,0,Vacancy,0,Vacancy,True
5899,2024-09-08,20:47:42,0,Vacancy,0,Vacancy,True
5900,2024-09-08,20:47:58,1,Stationary human presence,1,Stationary human presence,True
5901,2024-09-08,20:48:14,0,Vacancy,0,Vacancy,True
5902,2024-09-08,20:48:30,0,Vacancy,0,Vacancy,True
5903,2024-09-08,20:48:46,0,Vacancy,0,Vacancy,True
5904,2024-09-08,20:49:02,0,Vacancy,0,Vacancy,True
5905,2024-09-08,20:49:18,0,Vacancy,0,Vacancy,True
5906,2024-09-08,20:49:34,0,Vacancy,0,Vacancy,True
5907,2024-09-08,20:49:50,0,Vacancy,0,Vacancy,True
5908,2024-09-08,20:50:06,0,Vacancy,0,Vacancy,True
5909,2024-09-08,20:50:22,0,Vacancy,0,Vacancy,True
5910,2024-09-08,20:50:38,0,Vacancy,0,Vacancy,True
5911,2024-09-08,20:50:54,0,Vacancy,0,Vacancy,True
5912,2024-09-08,20:51:10,0,Vacancy,0,Vacancy,True
5913,2024-09-08,20:51:26,0,Vacancy,0,Vacancy,True
5914,2024-09-08,20:51:42,0,Vacancy,0,Vacancy,True
5915,2024-09-08,20:51:58,0,Vacancy,0,Vacancy,True
5916,2024-09-08,20:52:14,0,Vacancy,0,Vacancy,True
5917,2024-09-08,20:52:30,0,Vacancy,0,Vacancy,True
5918,2024-09-08,20:52:46,0,Vacancy,0,Vacancy,True
5919,2024-09-08,20:53:02,0,Vacancy,0,Vacancy,True
5920,2024-09-08,20:53:18,0,Vacancy,0,Vacancy,True
5921,2024-09-08,20:53:34,0,Vacancy,0,Vacancy,True
5922,2024-09-08,20:53:50,0,Vacancy,0,Vacancy,True
5923,2024-09-08,20:54:06,0,Vacancy,0,Vacancy,True
5924,2024-09-08,20:54:22,0,Vacancy,0,Vacancy,True
5925,2024-09-08,20:54:38,0,Vacancy,0,Vacancy,True
5926,2024-09-08,20:54:54,0,Vacancy,0,Vacancy,True
5927,2024-09-08,20:55:10,0,Vacancy,0,Vacancy,True
5928,2024-09-08,20:55:26,0,Vacancy,0,Vacancy,True
5929,2024-09-08,20:55:42,0,Vacancy,0,Vacancy,True
5930,2024-09-08,20:55:58,0,Vacancy,0,Vacancy,True
5931,2024-09-08,20:56:14,0,Vacancy,0,Vacancy,True
5932,2024-09-08,20:56:30,0,Vacancy,0,Vacancy,True
5933,2024-09-08,20:56:46,0,Vacancy,0,Vacancy,True
5934,2024-09-08,20:57:02,0,Vacancy,0,Vacancy,True
5935,2024-09-08,20:57:18,0,Vacancy,0,Vacancy,True
5936,2024-09-08,20:57:34,0,Vacancy,0,Vacancy,True
5937,2024-09-08,20:57:50,0,Vacancy,0,Vacancy,True
5938,2024-09-08,20:58:06,0,Vacancy,0,Vacancy,True
5939,2024-09-08,20:58:22,0,Vacancy,0,Vacancy,True
5940,2024-09-08,20:58:38,0,Vacancy,0,Vacancy,True
5941,2024-09-08,20:58:54,0,Vacancy,0,Vacancy,True
5942,2024-09-08,20:59:10,0,Vacancy,0,Vacancy,True
5943,2024-09-08,20:59:26,0,Vacancy,0,Vacancy,True
5944,2024-09-08,20:59:42,0,Vacancy,0,Vacancy,True
5945,2024-09-08,20:59:58,0,Vacancy,0,Vacancy,True
5946,2024-09-08,21:00:14,0,Vacancy,0,Vacancy,True
5947,2024-09-08,21:00:30,0,Vacancy,0,Vacancy,True
5948,2024-09-08,21:00:46,0,Vacancy,0,Vacancy,True
5949,2024-09-08,21:01:02,0,Vacancy,0,Vacancy,True
5950,2024-09-08,21:01:18,0,Vacancy,0,Vacancy,True
5951,2024-09-08,21:01:34,0,Vacancy,0,Vacancy,True
5952,2024-09-08,21:01:50,0,Vacancy,0,Vacancy,True
5953,2024-09-08,21:02:06,0,Vacancy,0,Vacancy,True
5954,2024-09-08,21:02:22,0,Vacancy,0,Vacancy,True
5955,2024-09-08,21:02:38,0,Vacancy,0,Vacancy,True
5956,2024-09-08,21:02:54,0,Vacancy,0,Vacancy,True
5957,2024-09-08,21:03:10,0,Vacancy,0,Vacancy,True
5958,2024-09-08,21:03:26,0,Vacancy,0,Vacancy,True
5959,2024-09-08,21:03:42,0,Vacancy,0,Vacancy,True
5960,2024-09-08,21:03:58,0,Vacancy,0,Vacancy,True
5961,2024-09-08,21:04:14,0,Vacancy,0,Vacancy,True
5962,2024-09-08,21:04:31,0,Vacancy,0,Vacancy,True
5963,2024-09-08,21:04:46,0,Vacancy,0,Vacancy,True
5964,2024-09-08,21:05:03,0,Vacancy,0,Vacancy,True
5965,2024-09-08,21:05:18,0,Vacancy,0,Vacancy,True
5966,2024-09-08,21:05:35,0,Vacancy,0,Vacancy,True
5967,2024-09-08,21:05:50,0,Vacancy,0,Vacancy,True
5968,2024-09-08,21:06:07,0,Vacancy,0,Vacancy,True
5969,2024-09-08,21:06:22,0,Vacancy,0,Vacancy,True
5970,2024-09-08,21:06:39,0,Vacancy,0,Vacancy,True
5971,2024-09-08,21:06:54,0,Vacancy,0,Vacancy,True
5972,2024-09-08,21:07:11,0,Vacancy,0,Vacancy,True
5973,2024-09-08,21:07:26,0,Vacancy,0,Vacancy,True
5974,2024-09-08,21:07:43,0,Vacancy,0,Vacancy,True
5975,2024-09-08,21:07:59,0,Vacancy,0,Vacancy,True
5976,2024-09-08,21:08:15,0,Vacancy,0,Vacancy,True
5977,2024-09-08,21:08:31,0,Vacancy,0,Vacancy,True
5978,2024-09-08,21:08:47,0,Vacancy,0,Vacancy,True
5979,2024-09-08,21:09:03,0,Vacancy,0,Vacancy,True
5980,2024-09-08,21:09:19,0,Vacancy,0,Vacancy,True
5981,2024-09-08,21:09:35,0,Vacancy,0,Vacancy,True
5982,2024-09-08,21:09:51,0,Vacancy,0,Vacancy,True
5983,2024-09-08,21:10:07,0,Vacancy,0,Vacancy,True
5984,2024-09-08,21:10:23,0,Vacancy,0,Vacancy,True
5985,2024-09-08,21:10:39,0,Vacancy,0,Vacancy,True
5986,2024-09-08,21:10:55,0,Vacancy,0,Vacancy,True
5987,2024-09-08,21:11:11,0,Vacancy,0,Vacancy,True
5988,2024-09-08,21:11:27,0,Vacancy,0,Vacancy,True
5989,2024-09-08,21:11:43,0,Vacancy,0,Vacancy,True
5990,2024-09-08,21:11:59,0,Vacancy,0,Vacancy,True
5991,2024-09-08,21:12:15,0,Vacancy,0,Vacancy,True
5992,2024-09-08,21:12:31,0,Vacancy,0,Vacancy,True
5993,2024-09-08,21:12:47,0,Vacancy,0,Vacancy,True
5994,2024-09-08,21:13:03,0,Vacancy,0,Vacancy,True
5995,2024-09-08,21:13:19,0,Vacancy,0,Vacancy,True
5996,2024-09-08,21:13:35,0,Vacancy,0,Vacancy,True
5997,2024-09-08,21:13:51,0,Vacancy,0,Vacancy,True
5998,2024-09-08,21:14:07,0,Vacancy,0,Vacancy,True
5999,2024-09-08,21:14:23,0,Vacancy,0,Vacancy,True
6000,2024-09-08,21:14:39,0,Vacancy,0,Vacancy,True
6001,2024-09-08,21:14:55,0,Vacancy,0,Vacancy,True
6002,2024-09-08,21:15:11,0,Vacancy,0,Vacancy,True
6003,2024-09-08,21:15:43,0,Vacancy,0,Vacancy,True
6004,2024-09-08,21:15:59,0,Vacancy,0,Vacancy,True
6005,2024-09-08,21:16:15,0,Vacancy,0,Vacancy,True
6006,2024-09-08,21:16:31,0,Vacancy,0,Vacancy,True
6007,2024-09-08,21:16:47,0,Vacancy,0,Vacancy,True
6008,2024-09-08,21:17:03,0,Vacancy,0,Vacancy,True
6009,2024-09-08,21:17:19,0,Vacancy,0,Vacancy,True
6010,2024-09-08,21:17:35,0,Vacancy,0,Vacancy,True
6011,2024-09-08,21:17:51,0,Vacancy,0,Vacancy,True
6012,2024-09-08,21:18:07,0,Vacancy,0,Vacancy,True
6013,2024-09-08,21:18:23,0,Vacancy,0,Vacancy,True
6014,2024-09-08,21:18:39,0,Vacancy,0,Vacancy,True
6015,2024-09-08,21:18:55,0,Vacancy,0,Vacancy,True
6016,2024-09-08,21:19:11,0,Vacancy,0,Vacancy,True
6017,2024-09-08,21:19:27,0,Vacancy,0,Vacancy,True
6018,2024-09-08,21:19:43,0,Vacancy,0,Vacancy,True
6019,2024-09-08,21:19:59,0,Vacancy,0,Vacancy,True
6020,2024-09-08,21:20:15,0,Vacancy,0,Vacancy,True
6021,2024-09-08,21:20:31,0,Vacancy,0,Vacancy,True
6022,2024-09-08,21:20:47,0,Vacancy,0,Vacancy,True
6023,2024-09-08,21:21:03,0,Vacancy,0,Vacancy,True
6024,2024-09-08,21:21:19,0,Vacancy,0,Vacancy,True
6025,2024-09-08,21:21:35,0,Vacancy,0,Vacancy,True
6026,2024-09-08,21:21:51,0,Vacancy,0,Vacancy,True
6027,2024-09-08,21:22:07,0,Vacancy,0,Vacancy,True
6028,2024-09-08,21:22:23,0,Vacancy,0,Vacancy,True
6029,2024-09-08,21:22:39,0,Vacancy,0,Vacancy,True
6030,2024-09-08,21:22:55,0,Vacancy,0,Vacancy,True
6031,2024-09-08,21:23:11,0,Vacancy,0,Vacancy,True
6032,2024-09-08,21:23:27,0,Vacancy,0,Vacancy,True
6033,2024-09-08,21:23:43,0,Vacancy,0,Vacancy,True
6034,2024-09-08,21:23:59,0,Vacancy,0,Vacancy,True
6035,2024-09-08,21:24:15,0,Vacancy,0,Vacancy,True
6036,2024-09-08,21:24:31,0,Vacancy,0,Vacancy,True
6037,2024-09-08,21:24:47,0,Vacancy,0,Vacancy,True
6038,2024-09-08,21:25:03,0,Vacancy,0,Vacancy,True
6039,2024-09-08,21:25:19,0,Vacancy,0,Vacancy,True
6040,2024-09-08,21:25:35,0,Vacancy,0,Vacancy,True
6041,2024-09-08,21:25:51,0,Vacancy,0,Vacancy,True
6042,2024-09-08,21:26:07,0,Vacancy,0,Vacancy,True
6043,2024-09-08,21:26:23,0,Vacancy,0,Vacancy,True
6044,2024-09-08,21:26:39,0,Vacancy,0,Vacancy,True
6045,2024-09-08,21:26:55,0,Vacancy,0,Vacancy,True
6046,2024-09-08,21:27:11,0,Vacancy,0,Vacancy,True
6047,2024-09-08,21:27:27,0,Vacancy,0,Vacancy,True
6048,2024-09-08,21:27:43,0,Vacancy,0,Vacancy,True
6049,2024-09-08,21:27:59,0,Vacancy,0,Vacancy,True
6050,2024-09-08,21:28:15,0,Vacancy,0,Vacancy,True
6051,2024-09-08,21:28:31,0,Vacancy,0,Vacancy,True
6052,2024-09-08,21:28:47,0,Vacancy,0,Vacancy,True
6053,2024-09-08,21:29:03,0,Vacancy,0,Vacancy,True
6054,2024-09-08,21:29:19,0,Vacancy,0,Vacancy,True
6055,2024-09-08,21:29:35,0,Vacancy,0,Vacancy,True
6056,2024-09-08,21:29:51,0,Vacancy,0,Vacancy,True
6057,2024-09-08,21:30:07,0,Vacancy,0,Vacancy,True
6058,2024-09-08,21:30:23,0,Vacancy,0,Vacancy,True
6059,2024-09-08,21:30:39,0,Vacancy,0,Vacancy,True
6060,2024-09-08,21:30:55,0,Vacancy,0,Vacancy,True
6061,2024-09-08,21:31:11,0,Vacancy,0,Vacancy,True
6062,2024-09-08,21:31:27,0,Vacancy,0,Vacancy,True
6063,2024-09-08,21:31:43,0,Vacancy,0,Vacancy,True
6064,2024-09-08,21:31:59,0,Vacancy,0,Vacancy,True
6065,2024-09-08,21:32:15,0,Vacancy,0,Vacancy,True
6066,2024-09-08,21:32:31,0,Vacancy,0,Vacancy,True
6067,2024-09-08,21:32:47,0,Vacancy,0,Vacancy,True
6068,2024-09-08,21:33:03,0,Vacancy,0,Vacancy,True
6069,2024-09-08,21:33:19,0,Vacancy,0,Vacancy,True
6070,2024-09-08,21:33:35,0,Vacancy,0,Vacancy,True
6071,2024-09-08,21:33:51,0,Vacancy,0,Vacancy,True
6072,2024-09-08,21:34:07,0,Vacancy,0,Vacancy,True
6073,2024-09-08,21:34:23,0,Vacancy,0,Vacancy,True
6074,2024-09-08,21:34:39,0,Vacancy,0,Vacancy,True
6075,2024-09-08,21:34:55,0,Vacancy,0,Vacancy,True
6076,2024-09-08,21:35:11,0,Vacancy,0,Vacancy,True
6077,2024-09-08,21:35:27,0,Vacancy,0,Vacancy,True
6078,2024-09-08,21:35:43,0,Vacancy,0,Vacancy,True
6079,2024-09-08,21:35:59,0,Vacancy,0,Vacancy,True
6080,2024-09-08,21:36:15,0,Vacancy,0,Vacancy,True
6081,2024-09-08,21:36:31,0,Vacancy,0,Vacancy,True
6082,2024-09-08,21:36:47,0,Vacancy,0,Vacancy,True
6083,2024-09-08,21:37:03,0,Vacancy,0,Vacancy,True
6084,2024-09-08,21:37:19,0,Vacancy,0,Vacancy,True
6085,2024-09-08,21:37:35,0,Vacancy,0,Vacancy,True
6086,2024-09-08,21:37:51,0,Vacancy,0,Vacancy,True
6087,2024-09-08,21:38:07,0,Vacancy,0,Vacancy,True
6088,2024-09-08,21:38:23,0,Vacancy,0,Vacancy,True
6089,2024-09-08,21:38:39,0,Vacancy,0,Vacancy,True
6090,2024-09-08,21:38:55,0,Vacancy,0,Vacancy,True
6091,2024-09-08,21:39:11,0,Vacancy,0,Vacancy,True
6092,2024-09-08,21:39:27,0,Vacancy,0,Vacancy,True
6093,2024-09-08,21:39:43,0,Vacancy,0,Vacancy,True
6094,2024-09-08,21:39:59,0,Vacancy,0,Vacancy,True
6095,2024-09-08,21:40:15,0,Vacancy,0,Vacancy,True
6096,2024-09-08,21:40:31,0,Vacancy,0,Vacancy,True
6097,2024-09-08,21:40:47,0,Vacancy,0,Vacancy,True
6098,2024-09-08,21:41:03,0,Vacancy,0,Vacancy,True
6099,2024-09-08,21:41:19,0,Vacancy,0,Vacancy,True
6100,2024-09-08,21:41:35,0,Vacancy,0,Vacancy,True
6101,2024-09-08,21:41:51,0,Vacancy,0,Vacancy,True
6102,2024-09-08,21:42:07,0,Vacancy,0,Vacancy,True
6103,2024-09-08,21:42:23,0,Vacancy,0,Vacancy,True
6104,2024-09-08,21:42:39,0,Vacancy,0,Vacancy,True
6105,2024-09-08,21:42:55,0,Vacancy,0,Vacancy,True
6106,2024-09-08,21:43:11,0,Vacancy,0,Vacancy,True
6107,2024-09-08,21:43:27,0,Vacancy,0,Vacancy,True
6108,2024-09-08,21:43:43,0,Vacancy,0,Vacancy,True
6109,2024-09-08,21:43:59,0,Vacancy,0,Vacancy,True
6110,2024-09-08,21:44:15,0,Vacancy,0,Vacancy,True
6111,2024-09-08,21:44:31,0,Vacancy,0,Vacancy,True
6112,2024-09-08,21:44:47,0,Vacancy,0,Vacancy,True
6113,2024-09-08,21:45:03,0,Vacancy,0,Vacancy,True
6114,2024-09-08,21:45:19,0,Vacancy,0,Vacancy,True
6115,2024-09-08,21:45:35,0,Vacancy,0,Vacancy,True
6116,2024-09-08,21:45:51,0,Vacancy,0,Vacancy,True
6117,2024-09-08,21:46:07,0,Vacancy,0,Vacancy,True
6118,2024-09-08,21:46:23,0,Vacancy,0,Vacancy,True
6119,2024-09-08,21:46:39,0,Vacancy,0,Vacancy,True
6120,2024-09-08,21:46:55,0,Vacancy,0,Vacancy,True
6121,2024-09-08,21:47:11,0,Vacancy,0,Vacancy,True
6122,2024-09-08,21:47:27,0,Vacancy,0,Vacancy,True
6123,2024-09-08,21:47:43,0,Vacancy,0,Vacancy,True
6124,2024-09-08,21:47:59,0,Vacancy,0,Vacancy,True
6125,2024-09-08,21:48:15,0,Vacancy,0,Vacancy,True
6126,2024-09-08,21:48:31,0,Vacancy,0,Vacancy,True
6127,2024-09-08,21:48:47,0,Vacancy,0,Vacancy,True
6128,2024-09-08,21:49:03,0,Vacancy,0,Vacancy,True
6129,2024-09-08,21:49:19,0,Vacancy,0,Vacancy,True
6130,2024-09-08,21:49:35,0,Vacancy,0,Vacancy,True
6131,2024-09-08,21:49:51,0,Vacancy,0,Vacancy,True
6132,2024-09-08,21:50:07,0,Vacancy,0,Vacancy,True
6133,2024-09-08,21:50:23,0,Vacancy,0,Vacancy,True
6134,2024-09-08,21:50:39,0,Vacancy,0,Vacancy,True
6135,2024-09-08,21:50:56,0,Vacancy,0,Vacancy,True
6136,2024-09-08,21:51:11,0,Vacancy,0,Vacancy,True
6137,2024-09-08,21:51:28,0,Vacancy,0,Vacancy,True
6138,2024-09-08,21:51:43,0,Vacancy,0,Vacancy,True
6139,2024-09-08,21:52:00,0,Vacancy,0,Vacancy,True
6140,2024-09-08,21:52:16,0,Vacancy,0,Vacancy,True
6141,2024-09-08,21:52:32,0,Vacancy,0,Vacancy,True
6142,2024-09-08,21:52:48,0,Vacancy,0,Vacancy,True
6143,2024-09-08,21:53:04,0,Vacancy,0,Vacancy,True
6144,2024-09-08,21:53:20,0,Vacancy,0,Vacancy,True
6145,2024-09-08,21:53:36,0,Vacancy,0,Vacancy,True
6146,2024-09-08,21:53:52,0,Vacancy,0,Vacancy,True
6147,2024-09-08,21:54:08,0,Vacancy,0,Vacancy,True
6148,2024-09-08,21:54:24,0,Vacancy,0,Vacancy,True
6149,2024-09-08,21:54:40,0,Vacancy,0,Vacancy,True
6150,2024-09-08,21:54:56,0,Vacancy,0,Vacancy,True
6151,2024-09-08,21:55:12,0,Vacancy,0,Vacancy,True
6152,2024-09-08,21:55:28,0,Vacancy,0,Vacancy,True
6153,2024-09-08,21:55:44,0,Vacancy,0,Vacancy,True
6154,2024-09-08,21:56:00,0,Vacancy,0,Vacancy,True
6155,2024-09-08,21:56:16,0,Vacancy,0,Vacancy,True
6156,2024-09-08,21:56:32,0,Vacancy,0,Vacancy,True
6157,2024-09-08,21:56:48,0,Vacancy,0,Vacancy,True
6158,2024-09-08,21:57:04,0,Vacancy,0,Vacancy,True
6159,2024-09-08,21:57:20,0,Vacancy,0,Vacancy,True
6160,2024-09-08,21:57:36,0,Vacancy,0,Vacancy,True
6161,2024-09-08,21:57:52,0,Vacancy,0,Vacancy,True
6162,2024-09-08,21:58:08,0,Vacancy,0,Vacancy,True
6163,2024-09-08,21:58:24,0,Vacancy,0,Vacancy,True
6164,2024-09-08,21:58:40,0,Vacancy,0,Vacancy,True
6165,2024-09-08,21:58:56,0,Vacancy,0,Vacancy,True
6166,2024-09-08,21:59:12,0,Vacancy,0,Vacancy,True
6167,2024-09-08,21:59:28,0,Vacancy,0,Vacancy,True
6168,2024-09-08,21:59:44,0,Vacancy,0,Vacancy,True
6169,2024-09-08,22:00:00,0,Vacancy,0,Vacancy,True
6170,2024-09-08,22:00:16,0,Vacancy,0,Vacancy,True
6171,2024-09-08,22:00:32,0,Vacancy,0,Vacancy,True
6172,2024-09-08,22:00:48,0,Vacancy,0,Vacancy,True
6173,2024-09-08,22:01:04,0,Vacancy,0,Vacancy,True
6174,2024-09-08,22:01:20,0,Vacancy,0,Vacancy,True
6175,2024-09-08,22:01:36,0,Vacancy,0,Vacancy,True
6176,2024-09-08,22:01:52,0,Vacancy,0,Vacancy,True
6177,2024-09-08,22:02:08,0,Vacancy,0,Vacancy,True
6178,2024-09-08,22:02:24,0,Vacancy,0,Vacancy,True
6179,2024-09-08,22:02:40,0,Vacancy,0,Vacancy,True
6180,2024-09-08,22:02:56,0,Vacancy,0,Vacancy,True
6181,2024-09-08,22:03:12,0,Vacancy,0,Vacancy,True
6182,2024-09-08,22:03:28,0,Vacancy,0,Vacancy,True
6183,2024-09-08,22:03:44,0,Vacancy,0,Vacancy,True
6184,2024-09-08,22:04:00,0,Vacancy,0,Vacancy,True
6185,2024-09-08,22:04:16,0,Vacancy,0,Vacancy,True
6186,2024-09-08,22:04:32,0,Vacancy,0,Vacancy,True
6187,2024-09-08,22:04:48,0,Vacancy,0,Vacancy,True
6188,2024-09-08,22:05:04,0,Vacancy,0,Vacancy,True
6189,2024-09-08,22:05:20,0,Vacancy,0,Vacancy,True
6190,2024-09-08,22:05:36,0,Vacancy,0,Vacancy,True
6191,2024-09-08,22:05:52,0,Vacancy,0,Vacancy,True
6192,2024-09-08,22:06:08,0,Vacancy,0,Vacancy,True
6193,2024-09-08,22:06:24,0,Vacancy,0,Vacancy,True
6194,2024-09-08,22:06:40,0,Vacancy,0,Vacancy,True
6195,2024-09-08,22:06:56,0,Vacancy,0,Vacancy,True
6196,2024-09-08,22:07:12,0,Vacancy,0,Vacancy,True
6197,2024-09-08,22:07:28,0,Vacancy,0,Vacancy,True
6198,2024-09-08,22:07:44,0,Vacancy,0,Vacancy,True
6199,2024-09-08,22:08:00,0,Vacancy,0,Vacancy,True
6200,2024-09-08,22:08:16,0,Vacancy,0,Vacancy,True
6201,2024-09-08,22:08:32,0,Vacancy,0,Vacancy,True
6202,2024-09-08,22:08:48,0,Vacancy,0,Vacancy,True
6203,2024-09-08,22:09:04,0,Vacancy,0,Vacancy,True
6204,2024-09-08,22:09:20,0,Vacancy,0,Vacancy,True
6205,2024-09-08,22:09:36,0,Vacancy,0,Vacancy,True
6206,2024-09-08,22:09:52,0,Vacancy,0,Vacancy,True
6207,2024-09-08,22:10:08,0,Vacancy,0,Vacancy,True
6208,2024-09-08,22:10:24,0,Vacancy,0,Vacancy,True
6209,2024-09-08,22:10:40,0,Vacancy,0,Vacancy,True
6210,2024-09-08,22:10:56,0,Vacancy,0,Vacancy,True
6211,2024-09-08,22:11:12,0,Vacancy,0,Vacancy,True
6212,2024-09-08,22:11:28,0,Vacancy,0,Vacancy,True
6213,2024-09-08,22:11:44,0,Vacancy,0,Vacancy,True
6214,2024-09-08,22:12:00,0,Vacancy,0,Vacancy,True
6215,2024-09-08,22:12:16,0,Vacancy,0,Vacancy,True
6216,2024-09-08,22:12:32,0,Vacancy,0,Vacancy,True
6217,2024-09-08,22:12:48,0,Vacancy,0,Vacancy,True
6218,2024-09-08,22:13:04,0,Vacancy,0,Vacancy,True
6219,2024-09-08,22:13:20,0,Vacancy,0,Vacancy,True
6220,2024-09-08,22:13:36,0,Vacancy,0,Vacancy,True
6221,2024-09-08,22:13:52,0,Vacancy,0,Vacancy,True
6222,2024-09-08,22:14:08,0,Vacancy,0,Vacancy,True
6223,2024-09-08,22:14:24,0,Vacancy,0,Vacancy,True
6224,2024-09-08,22:14:40,0,Vacancy,0,Vacancy,True
6225,2024-09-08,22:14:56,0,Vacancy,0,Vacancy,True
6226,2024-09-08,22:15:12,0,Vacancy,0,Vacancy,True
6227,2024-09-08,22:15:28,0,Vacancy,0,Vacancy,True
6228,2024-09-08,22:15:44,0,Vacancy,0,Vacancy,True
6229,2024-09-08,22:16:00,0,Vacancy,0,Vacancy,True
6230,2024-09-08,22:16:16,0,Vacancy,0,Vacancy,True
6231,2024-09-08,22:16:32,0,Vacancy,0,Vacancy,True
6232,2024-09-08,22:16:48,0,Vacancy,0,Vacancy,True
6233,2024-09-08,22:17:04,0,Vacancy,0,Vacancy,True
6234,2024-09-08,22:17:20,0,Vacancy,0,Vacancy,True
6235,2024-09-08,22:17:36,0,Vacancy,0,Vacancy,True
6236,2024-09-08,22:17:52,0,Vacancy,0,Vacancy,True
6237,2024-09-08,22:18:08,0,Vacancy,0,Vacancy,True
6238,2024-09-08,22:18:24,0,Vacancy,0,Vacancy,True
6239,2024-09-08,22:18:40,0,Vacancy,0,Vacancy,True
6240,2024-09-08,22:18:56,0,Vacancy,0,Vacancy,True
6241,2024-09-08,22:19:12,0,Vacancy,0,Vacancy,True
6242,2024-09-08,22:19:44,0,Vacancy,0,Vacancy,True
6243,2024-09-08,22:20:00,0,Vacancy,0,Vacancy,True
6244,2024-09-08,22:20:16,0,Vacancy,0,Vacancy,True
6245,2024-09-08,22:20:32,0,Vacancy,0,Vacancy,True
6246,2024-09-08,22:20:48,0,Vacancy,0,Vacancy,True
6247,2024-09-08,22:21:04,0,Vacancy,0,Vacancy,True
6248,2024-09-08,22:21:20,0,Vacancy,0,Vacancy,True
6249,2024-09-08,22:21:36,0,Vacancy,0,Vacancy,True
6250,2024-09-08,22:21:52,0,Vacancy,0,Vacancy,True
6251,2024-09-08,22:22:08,0,Vacancy,0,Vacancy,True
6252,2024-09-08,22:22:24,0,Vacancy,0,Vacancy,True
6253,2024-09-08,22:22:40,0,Vacancy,0,Vacancy,True
6254,2024-09-08,22:22:56,0,Vacancy,0,Vacancy,True
6255,2024-09-08,22:23:12,0,Vacancy,0,Vacancy,True
6256,2024-09-08,22:23:28,0,Vacancy,0,Vacancy,True
6257,2024-09-08,22:23:44,0,Vacancy,0,Vacancy,True
6258,2024-09-08,22:24:00,0,Vacancy,0,Vacancy,True
6259,2024-09-08,22:24:16,0,Vacancy,0,Vacancy,True
6260,2024-09-08,22:24:32,0,Vacancy,0,Vacancy,True
6261,2024-09-08,22:24:48,0,Vacancy,0,Vacancy,True
6262,2024-09-08,22:25:04,0,Vacancy,0,Vacancy,True
6263,2024-09-08,22:25:20,0,Vacancy,0,Vacancy,True
6264,2024-09-08,22:25:36,0,Vacancy,0,Vacancy,True
6265,2024-09-08,22:25:52,0,Vacancy,0,Vacancy,True
6266,2024-09-08,22:26:08,0,Vacancy,0,Vacancy,True
6267,2024-09-08,22:26:24,0,Vacancy,0,Vacancy,True
6268,2024-09-08,22:26:40,0,Vacancy,0,Vacancy,True
6269,2024-09-08,22:26:56,0,Vacancy,0,Vacancy,True
6270,2024-09-08,22:27:12,0,Vacancy,0,Vacancy,True
6271,2024-09-08,22:27:28,0,Vacancy,0,Vacancy,True
6272,2024-09-08,22:27:44,0,Vacancy,0,Vacancy,True
6273,2024-09-08,22:28:00,0,Vacancy,0,Vacancy,True
6274,2024-09-08,22:28:16,0,Vacancy,0,Vacancy,True
6275,2024-09-08,22:28:32,0,Vacancy,0,Vacancy,True
6276,2024-09-08,22:28:48,0,Vacancy,0,Vacancy,True
6277,2024-09-08,22:29:04,0,Vacancy,0,Vacancy,True
6278,2024-09-08,22:29:20,0,Vacancy,0,Vacancy,True
6279,2024-09-08,22:29:36,0,Vacancy,0,Vacancy,True
6280,2024-09-08,22:29:52,0,Vacancy,0,Vacancy,True
6281,2024-09-08,22:30:08,0,Vacancy,0,Vacancy,True
6282,2024-09-08,22:30:24,0,Vacancy,0,Vacancy,True
6283,2024-09-08,22:30:40,0,Vacancy,0,Vacancy,True
6284,2024-09-08,22:30:56,0,Vacancy,0,Vacancy,True
6285,2024-09-08,22:31:12,0,Vacancy,0,Vacancy,True
6286,2024-09-08,22:31:28,0,Vacancy,0,Vacancy,True
6287,2024-09-08,22:31:44,0,Vacancy,0,Vacancy,True
6288,2024-09-08,22:32:00,0,Vacancy,0,Vacancy,True
6289,2024-09-08,22:32:16,0,Vacancy,0,Vacancy,True
6290,2024-09-08,22:32:32,0,Vacancy,0,Vacancy,True
6291,2024-09-08,22:32:48,0,Vacancy,0,Vacancy,True
6292,2024-09-08,22:33:04,0,Vacancy,0,Vacancy,True
6293,2024-09-08,22:33:20,0,Vacancy,0,Vacancy,True
6294,2024-09-08,22:33:36,0,Vacancy,0,Vacancy,True
6295,2024-09-08,22:33:52,0,Vacancy,0,Vacancy,True
6296,2024-09-08,22:34:08,0,Vacancy,0,Vacancy,True
6297,2024-09-08,22:34:24,0,Vacancy,0,Vacancy,True
6298,2024-09-08,22:34:41,0,Vacancy,0,Vacancy,True
6299,2024-09-08,22:34:56,0,Vacancy,0,Vacancy,True
6300,2024-09-08,22:35:13,0,Vacancy,0,Vacancy,True
6301,2024-09-08,22:35:28,0,Vacancy,0,Vacancy,True
6302,2024-09-08,22:35:45,0,Vacancy,0,Vacancy,True
6303,2024-09-08,22:36:00,0,Vacancy,0,Vacancy,True
6304,2024-09-08,22:36:17,0,Vacancy,0,Vacancy,True
6305,2024-09-08,22:36:32,0,Vacancy,0,Vacancy,True
6306,2024-09-08,22:36:49,0,Vacancy,0,Vacancy,True
6307,2024-09-08,22:37:04,0,Vacancy,0,Vacancy,True
6308,2024-09-08,22:37:21,0,Vacancy,0,Vacancy,True
6309,2024-09-08,22:37:36,0,Vacancy,0,Vacancy,True
6310,2024-09-08,22:37:53,0,Vacancy,0,Vacancy,True
6311,2024-09-08,22:38:08,0,Vacancy,0,Vacancy,True
6312,2024-09-08,22:38:25,0,Vacancy,0,Vacancy,True
6313,2024-09-08,22:38:40,0,Vacancy,0,Vacancy,True
6314,2024-09-08,22:38:57,0,Vacancy,0,Vacancy,True
6315,2024-09-08,22:39:12,0,Vacancy,0,Vacancy,True
6316,2024-09-08,22:39:29,0,Vacancy,0,Vacancy,True
6317,2024-09-08,22:39:45,0,Vacancy,0,Vacancy,True
6318,2024-09-08,22:40:01,0,Vacancy,0,Vacancy,True
6319,2024-09-08,22:40:17,0,Vacancy,0,Vacancy,True
6320,2024-09-08,22:40:33,0,Vacancy,0,Vacancy,True
6321,2024-09-08,22:40:49,0,Vacancy,0,Vacancy,True
6322,2024-09-08,22:41:05,0,Vacancy,0,Vacancy,True
6323,2024-09-08,22:41:21,0,Vacancy,0,Vacancy,True
6324,2024-09-08,22:41:37,0,Vacancy,0,Vacancy,True
6325,2024-09-08,22:41:53,0,Vacancy,0,Vacancy,True
6326,2024-09-08,22:42:09,0,Vacancy,0,Vacancy,True
6327,2024-09-08,22:42:25,0,Vacancy,0,Vacancy,True
6328,2024-09-08,22:42:41,0,Vacancy,0,Vacancy,True
6329,2024-09-08,22:42:57,0,Vacancy,0,Vacancy,True
6330,2024-09-08,22:43:13,0,Vacancy,0,Vacancy,True
6331,2024-09-08,22:43:29,0,Vacancy,0,Vacancy,True
6332,2024-09-08,22:43:45,0,Vacancy,0,Vacancy,True
6333,2024-09-08,22:44:01,0,Vacancy,0,Vacancy,True
6334,2024-09-08,22:44:17,0,Vacancy,0,Vacancy,True
6335,2024-09-08,22:44:33,0,Vacancy,0,Vacancy,True
6336,2024-09-08,22:44:49,0,Vacancy,0,Vacancy,True
6337,2024-09-08,22:45:05,0,Vacancy,0,Vacancy,True
6338,2024-09-08,22:45:21,0,Vacancy,0,Vacancy,True
6339,2024-09-08,22:45:37,0,Vacancy,0,Vacancy,True
6340,2024-09-08,22:45:53,0,Vacancy,0,Vacancy,True
6341,2024-09-08,22:46:09,0,Vacancy,0,Vacancy,True
6342,2024-09-08,22:46:25,0,Vacancy,0,Vacancy,True
6343,2024-09-08,22:46:41,0,Vacancy,0,Vacancy,True
6344,2024-09-08,22:46:57,0,Vacancy,0,Vacancy,True
6345,2024-09-08,22:47:13,0,Vacancy,0,Vacancy,True
6346,2024-09-08,22:47:29,0,Vacancy,0,Vacancy,True
6347,2024-09-08,22:47:45,0,Vacancy,0,Vacancy,True
6348,2024-09-08,22:48:01,0,Vacancy,0,Vacancy,True
6349,2024-09-08,22:48:17,0,Vacancy,0,Vacancy,True
6350,2024-09-08,22:48:33,0,Vacancy,0,Vacancy,True
6351,2024-09-08,22:48:49,0,Vacancy,0,Vacancy,True
6352,2024-09-08,22:49:05,0,Vacancy,0,Vacancy,True
6353,2024-09-08,22:49:21,0,Vacancy,0,Vacancy,True
6354,2024-09-08,22:49:37,0,Vacancy,0,Vacancy,True
6355,2024-09-08,22:49:53,0,Vacancy,0,Vacancy,True
6356,2024-09-08,22:50:09,0,Vacancy,0,Vacancy,True
6357,2024-09-08,22:50:25,0,Vacancy,0,Vacancy,True
6358,2024-09-08,22:50:41,0,Vacancy,0,Vacancy,True
6359,2024-09-08,22:50:57,0,Vacancy,0,Vacancy,True
6360,2024-09-08,22:51:13,0,Vacancy,0,Vacancy,True
6361,2024-09-08,22:51:29,0,Vacancy,0,Vacancy,True
6362,2024-09-08,22:51:45,0,Vacancy,0,Vacancy,True
6363,2024-09-08,22:52:01,0,Vacancy,0,Vacancy,True
6364,2024-09-08,22:52:17,0,Vacancy,0,Vacancy,True
6365,2024-09-08,22:52:33,0,Vacancy,0,Vacancy,True
6366,2024-09-08,22:52:49,0,Vacancy,0,Vacancy,True
6367,2024-09-08,22:53:05,0,Vacancy,0,Vacancy,True
6368,2024-09-08,22:53:21,0,Vacancy,0,Vacancy,True
6369,2024-09-08,22:53:37,0,Vacancy,0,Vacancy,True
6370,2024-09-08,22:53:53,0,Vacancy,0,Vacancy,True
6371,2024-09-08,22:54:09,0,Vacancy,0,Vacancy,True
6372,2024-09-08,22:54:25,0,Vacancy,0,Vacancy,True
6373,2024-09-08,22:54:41,0,Vacancy,0,Vacancy,True
6374,2024-09-08,22:54:57,0,Vacancy,0,Vacancy,True
6375,2024-09-08,22:55:13,0,Vacancy,0,Vacancy,True
6376,2024-09-08,22:55:29,0,Vacancy,0,Vacancy,True
6377,2024-09-08,22:55:45,0,Vacancy,0,Vacancy,True
6378,2024-09-08,22:56:01,0,Vacancy,0,Vacancy,True
6379,2024-09-08,22:56:17,0,Vacancy,0,Vacancy,True
6380,2024-09-08,22:56:33,0,Vacancy,0,Vacancy,True
6381,2024-09-08,22:56:49,0,Vacancy,0,Vacancy,True
6382,2024-09-08,22:57:05,0,Vacancy,0,Vacancy,True
6383,2024-09-08,22:57:21,0,Vacancy,0,Vacancy,True
6384,2024-09-08,22:57:37,0,Vacancy,0,Vacancy,True
6385,2024-09-08,22:57:53,0,Vacancy,0,Vacancy,True
6386,2024-09-08,22:58:09,0,Vacancy,0,Vacancy,True
6387,2024-09-08,22:58:25,0,Vacancy,0,Vacancy,True
6388,2024-09-08,22:58:41,0,Vacancy,0,Vacancy,True
6389,2024-09-08,22:58:57,0,Vacancy,0,Vacancy,True
6390,2024-09-08,22:59:13,0,Vacancy,0,Vacancy,True
6391,2024-09-08,22:59:29,0,Vacancy,0,Vacancy,True
6392,2024-09-08,22:59:45,0,Vacancy,0,Vacancy,True
6393,2024-09-08,23:00:01,0,Vacancy,0,Vacancy,True
6394,2024-09-08,23:00:17,0,Vacancy,0,Vacancy,True
6395,2024-09-08,23:00:33,0,Vacancy,0,Vacancy,True
6396,2024-09-08,23:00:49,0,Vacancy,0,Vacancy,True
6397,2024-09-08,23:01:05,0,Vacancy,0,Vacancy,True
6398,2024-09-08,23:01:21,0,Vacancy,0,Vacancy,True
6399,2024-09-08,23:01:37,0,Vacancy,0,Vacancy,True
6400,2024-09-08,23:01:53,0,Vacancy,0,Vacancy,True
6401,2024-09-08,23:02:09,0,Vacancy,0,Vacancy,True
6402,2024-09-08,23:02:25,0,Vacancy,0,Vacancy,True
6403,2024-09-08,23:02:41,0,Vacancy,0,Vacancy,True
6404,2024-09-08,23:02:57,0,Vacancy,0,Vacancy,True
6405,2024-09-08,23:03:13,0,Vacancy,0,Vacancy,True
6406,2024-09-08,23:03:29,0,Vacancy,0,Vacancy,True
6407,2024-09-08,23:03:45,0,Vacancy,0,Vacancy,True
6408,2024-09-08,23:04:01,0,Vacancy,0,Vacancy,True
6409,2024-09-08,23:04:17,0,Vacancy,0,Vacancy,True
6410,2024-09-08,23:04:33,0,Vacancy,0,Vacancy,True
6411,2024-09-08,23:04:49,0,Vacancy,0,Vacancy,True
6412,2024-09-08,23:05:05,0,Vacancy,0,Vacancy,True
6413,2024-09-08,23:05:21,0,Vacancy,0,Vacancy,True
6414,2024-09-08,23:05:37,0,Vacancy,0,Vacancy,True
6415,2024-09-08,23:05:53,0,Vacancy,0,Vacancy,True
6416,2024-09-08,23:06:09,0,Vacancy,0,Vacancy,True
6417,2024-09-08,23:06:25,0,Vacancy,0,Vacancy,True
6418,2024-09-08,23:06:41,0,Vacancy,0,Vacancy,True
6419,2024-09-08,23:06:57,0,Vacancy,0,Vacancy,True
6420,2024-09-08,23:07:13,0,Vacancy,0,Vacancy,True
6421,2024-09-08,23:07:29,0,Vacancy,0,Vacancy,True
6422,2024-09-08,23:07:45,0,Vacancy,0,Vacancy,True
6423,2024-09-08,23:08:01,0,Vacancy,0,Vacancy,True
6424,2024-09-08,23:08:17,0,Vacancy,0,Vacancy,True
6425,2024-09-08,23:08:33,0,Vacancy,0,Vacancy,True
6426,2024-09-08,23:08:49,0,Vacancy,0,Vacancy,True
6427,2024-09-08,23:09:05,0,Vacancy,0,Vacancy,True
6428,2024-09-08,23:09:21,0,Vacancy,0,Vacancy,True
6429,2024-09-08,23:09:37,0,Vacancy,0,Vacancy,True
6430,2024-09-08,23:09:53,0,Vacancy,0,Vacancy,True
6431,2024-09-08,23:10:09,0,Vacancy,0,Vacancy,True
6432,2024-09-08,23:10:25,0,Vacancy,0,Vacancy,True
6433,2024-09-08,23:10:41,0,Vacancy,0,Vacancy,True
6434,2024-09-08,23:10:57,0,Vacancy,0,Vacancy,True
6435,2024-09-08,23:11:13,0,Vacancy,0,Vacancy,True
6436,2024-09-08,23:11:29,0,Vacancy,0,Vacancy,True
6437,2024-09-08,23:11:45,0,Vacancy,0,Vacancy,True
6438,2024-09-08,23:12:01,0,Vacancy,0,Vacancy,True
6439,2024-09-08,23:12:17,0,Vacancy,0,Vacancy,True
6440,2024-09-08,23:12:33,0,Vacancy,0,Vacancy,True
6441,2024-09-08,23:12:49,0,Vacancy,0,Vacancy,True
6442,2024-09-08,23:13:05,0,Vacancy,0,Vacancy,True
6443,2024-09-08,23:13:21,0,Vacancy,0,Vacancy,True
6444,2024-09-08,23:13:37,0,Vacancy,0,Vacancy,True
6445,2024-09-08,23:13:53,0,Vacancy,0,Vacancy,True
6446,2024-09-08,23:14:09,0,Vacancy,0,Vacancy,True
6447,2024-09-08,23:14:25,0,Vacancy,0,Vacancy,True
6448,2024-09-08,23:14:41,0,Vacancy,0,Vacancy,True
6449,2024-09-08,23:14:57,0,Vacancy,0,Vacancy,True
6450,2024-09-08,23:15:13,0,Vacancy,0,Vacancy,True
6451,2024-09-08,23:15:29,0,Vacancy,0,Vacancy,True
6452,2024-09-08,23:15:45,0,Vacancy,0,Vacancy,True
6453,2024-09-08,23:16:01,0,Vacancy,0,Vacancy,True
6454,2024-09-08,23:16:17,0,Vacancy,0,Vacancy,True
6455,2024-09-08,23:16:33,0,Vacancy,0,Vacancy,True
6456,2024-09-08,23:16:49,0,Vacancy,0,Vacancy,True
6457,2024-09-08,23:17:05,0,Vacancy,0,Vacancy,True
6458,2024-09-08,23:17:21,0,Vacancy,0,Vacancy,True
6459,2024-09-08,23:17:37,0,Vacancy,0,Vacancy,True
6460,2024-09-08,23:17:53,0,Vacancy,0,Vacancy,True
6461,2024-09-08,23:18:09,0,Vacancy,0,Vacancy,True
6462,2024-09-08,23:18:25,0,Vacancy,0,Vacancy,True
6463,2024-09-08,23:18:41,0,Vacancy,0,Vacancy,True
6464,2024-09-08,23:18:57,0,Vacancy,0,Vacancy,True
6465,2024-09-08,23:19:13,0,Vacancy,0,Vacancy,True
6466,2024-09-08,23:19:29,0,Vacancy,0,Vacancy,True
6467,2024-09-08,23:19:45,0,Vacancy,0,Vacancy,True
6468,2024-09-08,23:20:01,0,Vacancy,0,Vacancy,True
6469,2024-09-08,23:20:17,0,Vacancy,0,Vacancy,True
6470,2024-09-08,23:20:34,0,Vacancy,0,Vacancy,True
6471,2024-09-08,23:20:49,0,Vacancy,0,Vacancy,True
6472,2024-09-08,23:21:06,0,Vacancy,0,Vacancy,True
6473,2024-09-08,23:21:21,0,Vacancy,0,Vacancy,True
6474,2024-09-08,23:21:37,0,Vacancy,0,Vacancy,True
6475,2024-09-08,23:21:53,0,Vacancy,0,Vacancy,True
6476,2024-09-08,23:22:09,0,Vacancy,0,Vacancy,True
6477,2024-09-08,23:22:26,0,Vacancy,0,Vacancy,True
6478,2024-09-08,23:22:41,0,Vacancy,0,Vacancy,True
6479,2024-09-08,23:22:58,0,Vacancy,0,Vacancy,True
6480,2024-09-08,23:23:13,0,Vacancy,0,Vacancy,True
6481,2024-09-08,23:23:30,0,Vacancy,0,Vacancy,True
6482,2024-09-08,23:23:45,0,Vacancy,0,Vacancy,True
6483,2024-09-08,23:24:02,0,Vacancy,0,Vacancy,True
6484,2024-09-08,23:24:18,0,Vacancy,0,Vacancy,True
6485,2024-09-08,23:24:34,0,Vacancy,0,Vacancy,True
6486,2024-09-08,23:24:50,0,Vacancy,0,Vacancy,True
6487,2024-09-08,23:25:06,0,Vacancy,0,Vacancy,True
6488,2024-09-08,23:25:22,0,Vacancy,0,Vacancy,True
6489,2024-09-08,23:25:38,0,Vacancy,0,Vacancy,True
6490,2024-09-08,23:25:54,0,Vacancy,0,Vacancy,True
6491,2024-09-08,23:26:10,0,Vacancy,0,Vacancy,True
6492,2024-09-08,23:26:26,0,Vacancy,0,Vacancy,True
6493,2024-09-08,23:26:42,0,Vacancy,0,Vacancy,True
6494,2024-09-08,23:26:58,0,Vacancy,0,Vacancy,True
6495,2024-09-08,23:27:14,0,Vacancy,0,Vacancy,True
6496,2024-09-08,23:27:30,0,Vacancy,0,Vacancy,True
6497,2024-09-08,23:27:46,0,Vacancy,0,Vacancy,True
6498,2024-09-08,23:28:02,0,Vacancy,0,Vacancy,True
6499,2024-09-08,23:28:18,0,Vacancy,0,Vacancy,True
6500,2024-09-08,23:28:34,0,Vacancy,0,Vacancy,True
6501,2024-09-08,23:28:50,0,Vacancy,0,Vacancy,True
6502,2024-09-08,23:29:06,0,Vacancy,0,Vacancy,True
6503,2024-09-08,23:29:22,0,Vacancy,0,Vacancy,True
6504,2024-09-08,23:29:38,0,Vacancy,0,Vacancy,True
6505,2024-09-08,23:29:54,0,Vacancy,0,Vacancy,True
6506,2024-09-08,23:30:10,0,Vacancy,0,Vacancy,True
6507,2024-09-08,23:30:26,0,Vacancy,0,Vacancy,True
6508,2024-09-08,23:30:42,0,Vacancy,0,Vacancy,True
6509,2024-09-08,23:30:58,0,Vacancy,0,Vacancy,True
6510,2024-09-08,23:31:14,0,Vacancy,0,Vacancy,True
6511,2024-09-08,23:31:30,0,Vacancy,0,Vacancy,True
6512,2024-09-08,23:31:46,0,Vacancy,0,Vacancy,True
6513,2024-09-08,23:32:02,0,Vacancy,0,Vacancy,True
6514,2024-09-08,23:32:18,0,Vacancy,0,Vacancy,True
6515,2024-09-08,23:32:34,0,Vacancy,0,Vacancy,True
6516,2024-09-08,23:32:50,0,Vacancy,0,Vacancy,True
6517,2024-09-08,23:33:06,0,Vacancy,0,Vacancy,True
6518,2024-09-08,23:33:22,0,Vacancy,0,Vacancy,True
6519,2024-09-08,23:33:38,0,Vacancy,0,Vacancy,True
6520,2024-09-08,23:33:54,0,Vacancy,0,Vacancy,True
6521,2024-09-08,23:34:10,0,Vacancy,0,Vacancy,True
6522,2024-09-08,23:34:26,0,Vacancy,0,Vacancy,True
6523,2024-09-08,23:34:42,0,Vacancy,0,Vacancy,True
6524,2024-09-08,23:34:58,0,Vacancy,0,Vacancy,True
6525,2024-09-08,23:35:14,0,Vacancy,0,Vacancy,True
6526,2024-09-08,23:35:30,0,Vacancy,0,Vacancy,True
6527,2024-09-08,23:35:46,0,Vacancy,0,Vacancy,True
6528,2024-09-08,23:36:02,0,Vacancy,0,Vacancy,True
6529,2024-09-08,23:36:18,0,Vacancy,0,Vacancy,True
6530,2024-09-08,23:36:34,0,Vacancy,0,Vacancy,True
6531,2024-09-08,23:36:50,0,Vacancy,0,Vacancy,True
6532,2024-09-08,23:37:06,0,Vacancy,0,Vacancy,True
6533,2024-09-08,23:37:22,0,Vacancy,0,Vacancy,True
6534,2024-09-08,23:37:38,0,Vacancy,0,Vacancy,True
6535,2024-09-08,23:37:54,0,Vacancy,0,Vacancy,True
6536,2024-09-08,23:38:10,0,Vacancy,0,Vacancy,True
6537,2024-09-08,23:38:26,0,Vacancy,0,Vacancy,True
6538,2024-09-08,23:38:42,0,Vacancy,0,Vacancy,True
6539,2024-09-08,23:38:58,0,Vacancy,0,Vacancy,True
6540,2024-09-08,23:39:14,0,Vacancy,0,Vacancy,True
6541,2024-09-08,23:39:30,0,Vacancy,0,Vacancy,True
6542,2024-09-08,23:39:46,0,Vacancy,0,Vacancy,True
6543,2024-09-08,23:40:02,0,Vacancy,0,Vacancy,True
6544,2024-09-08,23:40:18,0,Vacancy,0,Vacancy,True
6545,2024-09-08,23:40:34,0,Vacancy,0,Vacancy,True
6546,2024-09-08,23:40:50,0,Vacancy,0,Vacancy,True
6547,2024-09-08,23:41:06,0,Vacancy,0,Vacancy,True
6548,2024-09-08,23:41:22,0,Vacancy,0,Vacancy,True
6549,2024-09-08,23:41:38,0,Vacancy,0,Vacancy,True
6550,2024-09-08,23:41:54,0,Vacancy,0,Vacancy,True
6551,2024-09-08,23:42:10,0,Vacancy,0,Vacancy,True
6552,2024-09-08,23:42:26,0,Vacancy,0,Vacancy,True
6553,2024-09-08,23:42:42,0,Vacancy,0,Vacancy,True
6554,2024-09-08,23:42:58,0,Vacancy,0,Vacancy,True
6555,2024-09-08,23:43:14,0,Vacancy,0,Vacancy,True
6556,2024-09-08,23:43:30,0,Vacancy,0,Vacancy,True
6557,2024-09-08,23:43:46,0,Vacancy,0,Vacancy,True
6558,2024-09-08,23:44:02,0,Vacancy,0,Vacancy,True
6559,2024-09-08,23:44:18,0,Vacancy,0,Vacancy,True
6560,2024-09-08,23:44:34,0,Vacancy,0,Vacancy,True
6561,2024-09-08,23:44:50,0,Vacancy,0,Vacancy,True
6562,2024-09-08,23:45:06,0,Vacancy,0,Vacancy,True
6563,2024-09-08,23:45:22,0,Vacancy,0,Vacancy,True
6564,2024-09-08,23:45:38,0,Vacancy,0,Vacancy,True
6565,2024-09-08,23:45:54,0,Vacancy,0,Vacancy,True
6566,2024-09-08,23:46:10,0,Vacancy,0,Vacancy,True
6567,2024-09-08,23:46:26,0,Vacancy,0,Vacancy,True
6568,2024-09-08,23:46:42,0,Vacancy,0,Vacancy,True
6569,2024-09-08,23:46:58,0,Vacancy,0,Vacancy,True
6570,2024-09-08,23:47:14,0,Vacancy,0,Vacancy,True
6571,2024-09-08,23:47:30,0,Vacancy,0,Vacancy,True
6572,2024-09-08,23:47:46,0,Vacancy,0,Vacancy,True
6573,2024-09-08,23:48:02,0,Vacancy,0,Vacancy,True
6574,2024-09-08,23:48:18,0,Vacancy,0,Vacancy,True
6575,2024-09-08,23:48:34,0,Vacancy,0,Vacancy,True
6576,2024-09-08,23:48:50,0,Vacancy,0,Vacancy,True
6577,2024-09-08,23:49:06,0,Vacancy,0,Vacancy,True
6578,2024-09-08,23:49:22,0,Vacancy,0,Vacancy,True
6579,2024-09-08,23:49:38,0,Vacancy,0,Vacancy,True
6580,2024-09-08,23:49:54,0,Vacancy,0,Vacancy,True
6581,2024-09-08,23:50:10,0,Vacancy,0,Vacancy,True
6582,2024-09-08,23:50:26,0,Vacancy,0,Vacancy,True
6583,2024-09-08,23:50:42,0,Vacancy,0,Vacancy,True
6584,2024-09-08,23:50:58,0,Vacancy,0,Vacancy,True
6585,2024-09-08,23:51:14,0,Vacancy,0,Vacancy,True
6586,2024-09-08,23:51:30,0,Vacancy,0,Vacancy,True
6587,2024-09-08,23:51:46,0,Vacancy,0,Vacancy,True
6588,2024-09-08,23:52:02,0,Vacancy,0,Vacancy,True
6589,2024-09-08,23:52:18,0,Vacancy,0,Vacancy,True
6590,2024-09-08,23:52:34,0,Vacancy,0,Vacancy,True
6591,2024-09-08,23:52:50,0,Vacancy,0,Vacancy,True
6592,2024-09-08,23:53:06,0,Vacancy,0,Vacancy,True
6593,2024-09-08,23:53:22,0,Vacancy,0,Vacancy,True
6594,2024-09-08,23:53:38,0,Vacancy,0,Vacancy,True
6595,2024-09-08,23:53:54,0,Vacancy,0,Vacancy,True
6596,2024-09-08,23:54:10,0,Vacancy,0,Vacancy,True
6597,2024-09-08,23:54:26,0,Vacancy,0,Vacancy,True
6598,2024-09-08,23:54:42,0,Vacancy,0,Vacancy,True
6599,2024-09-08,23:54:58,0,Vacancy,0,Vacancy,True
6600,2024-09-08,23:55:14,0,Vacancy,0,Vacancy,True
6601,2024-09-08,23:55:30,0,Vacancy,0,Vacancy,True
6602,2024-09-08,23:55:46,0,Vacancy,0,Vacancy,True
6603,2024-09-08,23:56:02,0,Vacancy,0,Vacancy,True
6604,2024-09-08,23:56:18,0,Vacancy,0,Vacancy,True
6605,2024-09-08,23:56:34,0,Vacancy,0,Vacancy,True
6606,2024-09-08,23:56:50,0,Vacancy,0,Vacancy,True
6607,2024-09-08,23:57:06,0,Vacancy,0,Vacancy,True
6608,2024-09-08,23:57:22,0,Vacancy,0,Vacancy,True
6609,2024-09-08,23:57:38,0,Vacancy,0,Vacancy,True
6610,2024-09-08,23:57:54,0,Vacancy,0,Vacancy,True
6611,2024-09-08,23:58:10,0,Vacancy,0,Vacancy,True
6612,2024-09-08,23:58:26,0,Vacancy,0,Vacancy,True
6613,2024-09-08,23:58:42,0,Vacancy,0,Vacancy,True
6614,2024-09-08,23:58:58,0,Vacancy,0,Vacancy,True
6615,2024-09-08,23:59:14,0,Vacancy,0,Vacancy,True
6616,2024-09-08,23:59:30,0,Vacancy,0,Vacancy,True
6617,2024-09-08,23:59:46,0,Vacancy,0,Vacancy,True
6618,2024-10-08,00:00:02,0,Vacancy,0,Vacancy,True
6619,2024-10-08,00:00:18,0,Vacancy,0,Vacancy,True
6620,2024-10-08,00:00:34,0,Vacancy,0,Vacancy,True
6621,2024-10-08,00:00:50,0,Vacancy,0,Vacancy,True
6622,2024-10-08,00:01:06,0,Vacancy,0,Vacancy,True
6623,2024-10-08,00:01:22,0,Vacancy,0,Vacancy,True
6624,2024-10-08,00:01:38,0,Vacancy,0,Vacancy,True
6625,2024-10-08,00:01:54,0,Vacancy,0,Vacancy,True
6626,2024-10-08,00:02:10,0,Vacancy,0,Vacancy,True
6627,2024-10-08,00:02:26,0,Vacancy,0,Vacancy,True
6628,2024-10-08,00:02:42,0,Vacancy,0,Vacancy,True
6629,2024-10-08,00:02:58,0,Vacancy,0,Vacancy,True
6630,2024-10-08,00:03:14,0,Vacancy,0,Vacancy,True
6631,2024-10-08,00:03:30,0,Vacancy,0,Vacancy,True
6632,2024-10-08,00:03:46,0,Vacancy,0,Vacancy,True
6633,2024-10-08,00:04:02,0,Vacancy,0,Vacancy,True
6634,2024-10-08,00:04:18,0,Vacancy,0,Vacancy,True
6635,2024-10-08,00:04:34,0,Vacancy,0,Vacancy,True
6636,2024-10-08,00:04:50,0,Vacancy,0,Vacancy,True
6637,2024-10-08,00:05:06,0,Vacancy,0,Vacancy,True
6638,2024-10-08,00:05:22,0,Vacancy,0,Vacancy,True
6639,2024-10-08,00:05:38,0,Vacancy,0,Vacancy,True
6640,2024-10-08,00:05:54,0,Vacancy,0,Vacancy,True
6641,2024-10-08,00:06:11,0,Vacancy,0,Vacancy,True
6642,2024-10-08,00:06:26,0,Vacancy,0,Vacancy,True
6643,2024-10-08,00:06:43,0,Vacancy,0,Vacancy,True
6644,2024-10-08,00:06:58,0,Vacancy,0,Vacancy,True
6645,2024-10-08,00:07:15,0,Vacancy,0,Vacancy,True
6646,2024-10-08,00:07:30,0,Vacancy,0,Vacancy,True
6647,2024-10-08,00:07:47,0,Vacancy,0,Vacancy,True
6648,2024-10-08,00:08:02,0,Vacancy,0,Vacancy,True
6649,2024-10-08,00:08:19,0,Vacancy,0,Vacancy,True
6650,2024-10-08,00:08:34,0,Vacancy,0,Vacancy,True
6651,2024-10-08,00:08:51,0,Vacancy,0,Vacancy,True
6652,2024-10-08,00:09:06,0,Vacancy,0,Vacancy,True
6653,2024-10-08,00:09:23,0,Vacancy,0,Vacancy,True
6654,2024-10-08,00:09:38,0,Vacancy,0,Vacancy,True
6655,2024-10-08,00:09:55,0,Vacancy,0,Vacancy,True
6656,2024-10-08,00:10:11,0,Vacancy,0,Vacancy,True
6657,2024-10-08,00:10:27,0,Vacancy,0,Vacancy,True
6658,2024-10-08,00:10:43,0,Vacancy,0,Vacancy,True
6659,2024-10-08,00:10:59,0,Vacancy,0,Vacancy,True
6660,2024-10-08,00:11:15,0,Vacancy,0,Vacancy,True
6661,2024-10-08,00:11:31,0,Vacancy,0,Vacancy,True
6662,2024-10-08,00:11:47,0,Vacancy,0,Vacancy,True
6663,2024-10-08,00:12:03,0,Vacancy,0,Vacancy,True
6664,2024-10-08,00:12:19,0,Vacancy,0,Vacancy,True
6665,2024-10-08,00:12:35,0,Vacancy,0,Vacancy,True
6666,2024-10-08,00:12:51,0,Vacancy,0,Vacancy,True
6667,2024-10-08,00:13:07,0,Vacancy,0,Vacancy,True
6668,2024-10-08,00:13:23,0,Vacancy,0,Vacancy,True
6669,2024-10-08,00:13:39,0,Vacancy,0,Vacancy,True
6670,2024-10-08,00:13:55,0,Vacancy,0,Vacancy,True
6671,2024-10-08,00:14:11,0,Vacancy,0,Vacancy,True
6672,2024-10-08,00:14:27,0,Vacancy,0,Vacancy,True
6673,2024-10-08,00:14:43,0,Vacancy,0,Vacancy,True
6674,2024-10-08,00:14:59,0,Vacancy,0,Vacancy,True
6675,2024-10-08,00:15:15,0,Vacancy,0,Vacancy,True
6676,2024-10-08,00:15:31,0,Vacancy,0,Vacancy,True
6677,2024-10-08,00:15:47,0,Vacancy,0,Vacancy,True
6678,2024-10-08,00:16:03,0,Vacancy,0,Vacancy,True
6679,2024-10-08,00:16:19,0,Vacancy,0,Vacancy,True
6680,2024-10-08,00:16:35,0,Vacancy,0,Vacancy,True
6681,2024-10-08,00:16:51,0,Vacancy,0,Vacancy,True
6682,2024-10-08,00:17:07,0,Vacancy,0,Vacancy,True
6683,2024-10-08,00:17:23,0,Vacancy,0,Vacancy,True
6684,2024-10-08,00:17:39,0,Vacancy,0,Vacancy,True
6685,2024-10-08,00:17:55,0,Vacancy,0,Vacancy,True
6686,2024-10-08,00:18:11,0,Vacancy,0,Vacancy,True
6687,2024-10-08,00:18:27,0,Vacancy,0,Vacancy,True
6688,2024-10-08,00:18:43,0,Vacancy,0,Vacancy,True
6689,2024-10-08,00:18:59,0,Vacancy,0,Vacancy,True
6690,2024-10-08,00:19:15,0,Vacancy,0,Vacancy,True
6691,2024-10-08,00:19:31,0,Vacancy,0,Vacancy,True
6692,2024-10-08,00:19:47,0,Vacancy,0,Vacancy,True
6693,2024-10-08,00:20:03,0,Vacancy,0,Vacancy,True
6694,2024-10-08,00:20:19,0,Vacancy,0,Vacancy,True
6695,2024-10-08,00:20:35,0,Vacancy,0,Vacancy,True
6696,2024-10-08,00:20:51,0,Vacancy,0,Vacancy,True
6697,2024-10-08,00:21:07,0,Vacancy,0,Vacancy,True
6698,2024-10-08,00:21:23,0,Vacancy,0,Vacancy,True
6699,2024-10-08,00:21:39,0,Vacancy,0,Vacancy,True
6700,2024-10-08,00:21:55,0,Vacancy,0,Vacancy,True
6701,2024-10-08,00:22:11,0,Vacancy,0,Vacancy,True
6702,2024-10-08,00:22:27,0,Vacancy,0,Vacancy,True
6703,2024-10-08,00:22:43,0,Vacancy,0,Vacancy,True
6704,2024-10-08,00:22:59,0,Vacancy,0,Vacancy,True
6705,2024-10-08,00:23:15,0,Vacancy,0,Vacancy,True
6706,2024-10-08,00:23:31,0,Vacancy,0,Vacancy,True
6707,2024-10-08,00:23:47,0,Vacancy,0,Vacancy,True
6708,2024-10-08,00:24:03,0,Vacancy,0,Vacancy,True
6709,2024-10-08,00:24:19,0,Vacancy,0,Vacancy,True
6710,2024-10-08,00:24:35,0,Vacancy,0,Vacancy,True
6711,2024-10-08,00:24:51,0,Vacancy,0,Vacancy,True
6712,2024-10-08,00:25:07,0,Vacancy,0,Vacancy,True
6713,2024-10-08,00:25:23,0,Vacancy,0,Vacancy,True
6714,2024-10-08,00:25:39,0,Vacancy,0,Vacancy,True
6715,2024-10-08,00:25:55,0,Vacancy,0,Vacancy,True
6716,2024-10-08,00:26:11,0,Vacancy,0,Vacancy,True
6717,2024-10-08,00:26:27,0,Vacancy,0,Vacancy,True
6718,2024-10-08,00:26:43,0,Vacancy,0,Vacancy,True
6719,2024-10-08,00:26:59,0,Vacancy,0,Vacancy,True
6720,2024-10-08,00:27:15,0,Vacancy,0,Vacancy,True
6721,2024-10-08,00:27:31,0,Vacancy,0,Vacancy,True
6722,2024-10-08,00:27:47,0,Vacancy,0,Vacancy,True
6723,2024-10-08,00:28:03,0,Vacancy,0,Vacancy,True
6724,2024-10-08,00:28:19,0,Vacancy,0,Vacancy,True
6725,2024-10-08,00:28:35,0,Vacancy,0,Vacancy,True
6726,2024-10-08,00:28:51,0,Vacancy,0,Vacancy,True
6727,2024-10-08,00:29:07,0,Vacancy,0,Vacancy,True
6728,2024-10-08,00:29:23,0,Vacancy,0,Vacancy,True
6729,2024-10-08,00:29:39,0,Vacancy,0,Vacancy,True
6730,2024-10-08,00:29:55,0,Vacancy,0,Vacancy,True
6731,2024-10-08,00:30:11,0,Vacancy,0,Vacancy,True
6732,2024-10-08,00:30:27,0,Vacancy,0,Vacancy,True
6733,2024-10-08,00:30:43,0,Vacancy,0,Vacancy,True
6734,2024-10-08,00:30:59,0,Vacancy,0,Vacancy,True
6735,2024-10-08,00:31:15,0,Vacancy,0,Vacancy,True
6736,2024-10-08,00:31:31,0,Vacancy,0,Vacancy,True
6737,2024-10-08,00:31:47,0,Vacancy,0,Vacancy,True
6738,2024-10-08,00:32:03,0,Vacancy,0,Vacancy,True
6739,2024-10-08,00:32:19,0,Vacancy,0,Vacancy,True
6740,2024-10-08,00:32:35,0,Vacancy,0,Vacancy,True
6741,2024-10-08,00:32:51,0,Vacancy,0,Vacancy,True
6742,2024-10-08,00:33:07,0,Vacancy,0,Vacancy,True
6743,2024-10-08,00:33:23,0,Vacancy,0,Vacancy,True
6744,2024-10-08,00:33:39,0,Vacancy,0,Vacancy,True
6745,2024-10-08,00:33:55,0,Vacancy,0,Vacancy,True
6746,2024-10-08,00:34:11,0,Vacancy,0,Vacancy,True
6747,2024-10-08,00:34:27,0,Vacancy,0,Vacancy,True
6748,2024-10-08,00:34:43,0,Vacancy,0,Vacancy,True
6749,2024-10-08,00:34:59,0,Vacancy,0,Vacancy,True
6750,2024-10-08,00:35:15,0,Vacancy,0,Vacancy,True
6751,2024-10-08,00:35:31,0,Vacancy,0,Vacancy,True
6752,2024-10-08,00:35:47,0,Vacancy,0,Vacancy,True
6753,2024-10-08,00:36:03,0,Vacancy,0,Vacancy,True
6754,2024-10-08,00:36:19,0,Vacancy,0,Vacancy,True
6755,2024-10-08,00:36:35,0,Vacancy,0,Vacancy,True
6756,2024-10-08,00:36:51,0,Vacancy,0,Vacancy,True
6757,2024-10-08,00:37:07,0,Vacancy,0,Vacancy,True
6758,2024-10-08,00:37:23,0,Vacancy,0,Vacancy,True
6759,2024-10-08,00:37:39,0,Vacancy,0,Vacancy,True
6760,2024-10-08,00:37:55,0,Vacancy,0,Vacancy,True
6761,2024-10-08,00:38:11,0,Vacancy,0,Vacancy,True
6762,2024-10-08,00:38:27,0,Vacancy,0,Vacancy,True
6763,2024-10-08,00:38:43,0,Vacancy,0,Vacancy,True
6764,2024-10-08,00:38:59,0,Vacancy,0,Vacancy,True
6765,2024-10-08,00:39:15,0,Vacancy,0,Vacancy,True
6766,2024-10-08,00:39:31,0,Vacancy,0,Vacancy,True
6767,2024-10-08,00:39:47,0,Vacancy,0,Vacancy,True
6768,2024-10-08,00:40:03,0,Vacancy,0,Vacancy,True
6769,2024-10-08,00:40:19,0,Vacancy,0,Vacancy,True
6770,2024-10-08,00:40:35,0,Vacancy,0,Vacancy,True
6771,2024-10-08,00:40:51,0,Vacancy,0,Vacancy,True
6772,2024-10-08,00:41:07,0,Vacancy,0,Vacancy,True
6773,2024-10-08,00:41:23,0,Vacancy,0,Vacancy,True
6774,2024-10-08,00:41:39,0,Vacancy,0,Vacancy,True
6775,2024-10-08,00:41:55,0,Vacancy,0,Vacancy,True
6776,2024-10-08,00:42:11,0,Vacancy,0,Vacancy,True
6777,2024-10-08,00:42:27,0,Vacancy,0,Vacancy,True
6778,2024-10-08,00:42:43,0,Vacancy,0,Vacancy,True
6779,2024-10-08,00:42:59,0,Vacancy,0,Vacancy,True
6780,2024-10-08,00:43:15,0,Vacancy,0,Vacancy,True
6781,2024-10-08,00:43:31,0,Vacancy,0,Vacancy,True
6782,2024-10-08,00:43:47,0,Vacancy,0,Vacancy,True
6783,2024-10-08,00:44:03,0,Vacancy,0,Vacancy,True
6784,2024-10-08,00:44:19,0,Vacancy,0,Vacancy,True
6785,2024-10-08,00:44:35,0,Vacancy,0,Vacancy,True
6786,2024-10-08,00:44:51,0,Vacancy,0,Vacancy,True
6787,2024-10-08,00:45:07,0,Vacancy,0,Vacancy,True
6788,2024-10-08,00:45:23,0,Vacancy,0,Vacancy,True
6789,2024-10-08,00:45:39,0,Vacancy,0,Vacancy,True
6790,2024-10-08,00:45:55,0,Vacancy,0,Vacancy,True
6791,2024-10-08,00:46:11,0,Vacancy,0,Vacancy,True
6792,2024-10-08,00:46:27,0,Vacancy,0,Vacancy,True
6793,2024-10-08,00:46:43,0,Vacancy,0,Vacancy,True
6794,2024-10-08,00:46:59,0,Vacancy,0,Vacancy,True
6795,2024-10-08,00:47:15,0,Vacancy,0,Vacancy,True
6796,2024-10-08,00:47:31,0,Vacancy,0,Vacancy,True
6797,2024-10-08,00:47:47,0,Vacancy,0,Vacancy,True
6798,2024-10-08,00:48:03,0,Vacancy,0,Vacancy,True
6799,2024-10-08,00:48:19,0,Vacancy,0,Vacancy,True
6800,2024-10-08,00:48:35,0,Vacancy,0,Vacancy,True
6801,2024-10-08,00:48:51,0,Vacancy,0,Vacancy,True
6802,2024-10-08,00:49:07,0,Vacancy,0,Vacancy,True
6803,2024-10-08,00:49:23,0,Vacancy,0,Vacancy,True
6804,2024-10-08,00:49:39,0,Vacancy,0,Vacancy,True
6805,2024-10-08,00:49:55,0,Vacancy,0,Vacancy,True
6806,2024-10-08,00:50:11,0,Vacancy,0,Vacancy,True
6807,2024-10-08,00:50:27,0,Vacancy,0,Vacancy,True
6808,2024-10-08,00:50:43,0,Vacancy,0,Vacancy,True
6809,2024-10-08,00:50:59,0,Vacancy,0,Vacancy,True
6810,2024-10-08,00:51:16,0,Vacancy,0,Vacancy,True
6811,2024-10-08,00:51:31,0,Vacancy,0,Vacancy,True
6812,2024-10-08,00:51:47,0,Vacancy,0,Vacancy,True
6813,2024-10-08,00:52:03,0,Vacancy,0,Vacancy,True
6814,2024-10-08,00:52:20,0,Vacancy,0,Vacancy,True
6815,2024-10-08,00:52:35,0,Vacancy,0,Vacancy,True
6816,2024-10-08,00:52:52,0,Vacancy,0,Vacancy,True
6817,2024-10-08,00:53:08,0,Vacancy,0,Vacancy,True
6818,2024-10-08,00:53:23,0,Vacancy,0,Vacancy,True
6819,2024-10-08,00:53:40,0,Vacancy,0,Vacancy,True
6820,2024-10-08,00:53:55,0,Vacancy,0,Vacancy,True
6821,2024-10-08,00:54:12,0,Vacancy,0,Vacancy,True
6822,2024-10-08,00:54:28,0,Vacancy,0,Vacancy,True
6823,2024-10-08,00:54:44,0,Vacancy,0,Vacancy,True
6824,2024-10-08,00:55:00,0,Vacancy,0,Vacancy,True
6825,2024-10-08,00:55:16,0,Vacancy,0,Vacancy,True
6826,2024-10-08,00:55:32,0,Vacancy,0,Vacancy,True
6827,2024-10-08,00:55:48,0,Vacancy,0,Vacancy,True
6828,2024-10-08,00:56:04,0,Vacancy,0,Vacancy,True
6829,2024-10-08,00:56:20,0,Vacancy,0,Vacancy,True
6830,2024-10-08,00:56:36,0,Vacancy,0,Vacancy,True
6831,2024-10-08,00:56:52,0,Vacancy,0,Vacancy,True
6832,2024-10-08,00:57:08,0,Vacancy,0,Vacancy,True
6833,2024-10-08,00:57:24,0,Vacancy,0,Vacancy,True
6834,2024-10-08,00:57:40,0,Vacancy,0,Vacancy,True
6835,2024-10-08,00:57:56,0,Vacancy,0,Vacancy,True
6836,2024-10-08,00:58:12,0,Vacancy,0,Vacancy,True
6837,2024-10-08,00:58:28,0,Vacancy,0,Vacancy,True
6838,2024-10-08,00:58:44,0,Vacancy,0,Vacancy,True
6839,2024-10-08,00:59:00,0,Vacancy,0,Vacancy,True
6840,2024-10-08,00:59:16,0,Vacancy,0,Vacancy,True
6841,2024-10-08,00:59:32,0,Vacancy,0,Vacancy,True
6842,2024-10-08,00:59:48,0,Vacancy,0,Vacancy,True
6843,2024-10-08,01:00:04,0,Vacancy,0,Vacancy,True
6844,2024-10-08,01:00:20,0,Vacancy,0,Vacancy,True
6845,2024-10-08,01:00:36,0,Vacancy,0,Vacancy,True
6846,2024-10-08,01:00:52,0,Vacancy,0,Vacancy,True
6847,2024-10-08,01:01:08,0,Vacancy,0,Vacancy,True
6848,2024-10-08,01:01:24,0,Vacancy,0,Vacancy,True
6849,2024-10-08,01:01:40,0,Vacancy,0,Vacancy,True
6850,2024-10-08,01:01:56,0,Vacancy,0,Vacancy,True
6851,2024-10-08,01:02:12,0,Vacancy,0,Vacancy,True
6852,2024-10-08,01:02:28,0,Vacancy,0,Vacancy,True
6853,2024-10-08,01:02:44,0,Vacancy,0,Vacancy,True
6854,2024-10-08,01:03:00,0,Vacancy,0,Vacancy,True
6855,2024-10-08,01:03:16,0,Vacancy,0,Vacancy,True
6856,2024-10-08,01:03:32,0,Vacancy,0,Vacancy,True
6857,2024-10-08,01:03:48,0,Vacancy,0,Vacancy,True
6858,2024-10-08,01:04:04,0,Vacancy,0,Vacancy,True
6859,2024-10-08,01:04:20,0,Vacancy,0,Vacancy,True
6860,2024-10-08,01:04:36,0,Vacancy,0,Vacancy,True
6861,2024-10-08,01:04:52,0,Vacancy,0,Vacancy,True
6862,2024-10-08,01:05:08,0,Vacancy,0,Vacancy,True
6863,2024-10-08,01:05:24,0,Vacancy,0,Vacancy,True
6864,2024-10-08,01:05:40,0,Vacancy,0,Vacancy,True
6865,2024-10-08,01:05:56,0,Vacancy,0,Vacancy,True
6866,2024-10-08,01:06:12,0,Vacancy,0,Vacancy,True
6867,2024-10-08,01:06:28,0,Vacancy,0,Vacancy,True
6868,2024-10-08,01:06:44,0,Vacancy,0,Vacancy,True
6869,2024-10-08,01:07:00,0,Vacancy,0,Vacancy,True
6870,2024-10-08,01:07:16,0,Vacancy,0,Vacancy,True
6871,2024-10-08,01:07:32,0,Vacancy,0,Vacancy,True
6872,2024-10-08,01:07:48,0,Vacancy,0,Vacancy,True
6873,2024-10-08,01:08:04,0,Vacancy,0,Vacancy,True
6874,2024-10-08,01:08:20,0,Vacancy,0,Vacancy,True
6875,2024-10-08,01:08:36,0,Vacancy,0,Vacancy,True
6876,2024-10-08,01:08:52,0,Vacancy,0,Vacancy,True
6877,2024-10-08,01:09:08,0,Vacancy,0,Vacancy,True
6878,2024-10-08,01:09:24,0,Vacancy,0,Vacancy,True
6879,2024-10-08,01:09:40,0,Vacancy,0,Vacancy,True
6880,2024-10-08,01:09:56,0,Vacancy,0,Vacancy,True
6881,2024-10-08,01:10:12,0,Vacancy,0,Vacancy,True
6882,2024-10-08,01:10:28,0,Vacancy,0,Vacancy,True
6883,2024-10-08,01:10:44,0,Vacancy,0,Vacancy,True
6884,2024-10-08,01:11:00,0,Vacancy,0,Vacancy,True
6885,2024-10-08,01:11:16,0,Vacancy,0,Vacancy,True
6886,2024-10-08,01:11:32,0,Vacancy,0,Vacancy,True
6887,2024-10-08,01:11:48,0,Vacancy,0,Vacancy,True
6888,2024-10-08,01:12:04,0,Vacancy,0,Vacancy,True
6889,2024-10-08,01:12:20,0,Vacancy,0,Vacancy,True
6890,2024-10-08,01:12:36,0,Vacancy,0,Vacancy,True
6891,2024-10-08,01:12:52,0,Vacancy,0,Vacancy,True
6892,2024-10-08,01:13:08,0,Vacancy,0,Vacancy,True
6893,2024-10-08,01:13:24,0,Vacancy,0,Vacancy,True
6894,2024-10-08,01:13:40,0,Vacancy,0,Vacancy,True
6895,2024-10-08,01:13:56,0,Vacancy,0,Vacancy,True
6896,2024-10-08,01:14:12,0,Vacancy,0,Vacancy,True
6897,2024-10-08,01:14:28,0,Vacancy,0,Vacancy,True
6898,2024-10-08,01:14:44,0,Vacancy,0,Vacancy,True
6899,2024-10-08,01:15:00,0,Vacancy,0,Vacancy,True
6900,2024-10-08,01:15:16,0,Vacancy,0,Vacancy,True
6901,2024-10-08,01:15:32,0,Vacancy,0,Vacancy,True
6902,2024-10-08,01:15:48,0,Vacancy,0,Vacancy,True
6903,2024-10-08,01:16:04,0,Vacancy,0,Vacancy,True
6904,2024-10-08,01:16:20,0,Vacancy,0,Vacancy,True
6905,2024-10-08,01:16:36,0,Vacancy,0,Vacancy,True
6906,2024-10-08,01:16:52,0,Vacancy,0,Vacancy,True
6907,2024-10-08,01:17:08,0,Vacancy,0,Vacancy,True
6908,2024-10-08,01:17:24,0,Vacancy,0,Vacancy,True
6909,2024-10-08,01:17:40,0,Vacancy,0,Vacancy,True
6910,2024-10-08,01:17:56,0,Vacancy,0,Vacancy,True
6911,2024-10-08,01:18:12,0,Vacancy,0,Vacancy,True
6912,2024-10-08,01:18:28,0,Vacancy,0,Vacancy,True
6913,2024-10-08,01:18:44,0,Vacancy,0,Vacancy,True
6914,2024-10-08,01:19:00,0,Vacancy,0,Vacancy,True
6915,2024-10-08,01:19:16,0,Vacancy,0,Vacancy,True
6916,2024-10-08,01:19:32,0,Vacancy,0,Vacancy,True
6917,2024-10-08,01:19:48,0,Vacancy,0,Vacancy,True
6918,2024-10-08,01:20:04,0,Vacancy,0,Vacancy,True
6919,2024-10-08,01:20:20,0,Vacancy,0,Vacancy,True
6920,2024-10-08,01:20:36,0,Vacancy,0,Vacancy,True
6921,2024-10-08,01:20:52,0,Vacancy,0,Vacancy,True
6922,2024-10-08,01:21:08,0,Vacancy,0,Vacancy,True
6923,2024-10-08,01:21:24,0,Vacancy,0,Vacancy,True
6924,2024-10-08,01:21:40,0,Vacancy,0,Vacancy,True
6925,2024-10-08,01:21:56,0,Vacancy,0,Vacancy,True
6926,2024-10-08,01:22:12,0,Vacancy,0,Vacancy,True
6927,2024-10-08,01:22:28,0,Vacancy,0,Vacancy,True
6928,2024-10-08,01:22:44,0,Vacancy,0,Vacancy,True
6929,2024-10-08,01:23:00,0,Vacancy,0,Vacancy,True
6930,2024-10-08,01:23:16,0,Vacancy,0,Vacancy,True
6931,2024-10-08,01:23:32,0,Vacancy,0,Vacancy,True
6932,2024-10-08,01:23:48,0,Vacancy,0,Vacancy,True
6933,2024-10-08,01:24:04,0,Vacancy,0,Vacancy,True
6934,2024-10-08,01:24:20,0,Vacancy,0,Vacancy,True
6935,2024-10-08,01:24:36,0,Vacancy,0,Vacancy,True
6936,2024-10-08,01:24:52,0,Vacancy,0,Vacancy,True
6937,2024-10-08,01:25:08,0,Vacancy,0,Vacancy,True
6938,2024-10-08,01:25:24,0,Vacancy,0,Vacancy,True
6939,2024-10-08,01:25:40,0,Vacancy,0,Vacancy,True
6940,2024-10-08,01:25:56,0,Vacancy,0,Vacancy,True
6941,2024-10-08,01:26:12,0,Vacancy,0,Vacancy,True
6942,2024-10-08,01:26:28,0,Vacancy,0,Vacancy,True
6943,2024-10-08,01:26:44,0,Vacancy,0,Vacancy,True
6944,2024-10-08,01:27:00,0,Vacancy,0,Vacancy,True
6945,2024-10-08,01:27:16,0,Vacancy,0,Vacancy,True
6946,2024-10-08,01:27:32,0,Vacancy,0,Vacancy,True
6947,2024-10-08,01:27:48,0,Vacancy,0,Vacancy,True
6948,2024-10-08,01:28:04,0,Vacancy,0,Vacancy,True
6949,2024-10-08,01:28:20,0,Vacancy,0,Vacancy,True
6950,2024-10-08,01:28:36,0,Vacancy,0,Vacancy,True
6951,2024-10-08,01:28:52,0,Vacancy,0,Vacancy,True
6952,2024-10-08,01:29:08,0,Vacancy,0,Vacancy,True
6953,2024-10-08,01:29:24,0,Vacancy,0,Vacancy,True
6954,2024-10-08,01:29:40,0,Vacancy,0,Vacancy,True
6955,2024-10-08,01:29:56,0,Vacancy,0,Vacancy,True
6956,2024-10-08,01:30:12,0,Vacancy,0,Vacancy,True
6957,2024-10-08,01:30:28,0,Vacancy,0,Vacancy,True
6958,2024-10-08,01:30:44,0,Vacancy,0,Vacancy,True
6959,2024-10-08,01:31:00,0,Vacancy,0,Vacancy,True
6960,2024-10-08,01:31:16,0,Vacancy,0,Vacancy,True
6961,2024-10-08,01:31:32,0,Vacancy,0,Vacancy,True
6962,2024-10-08,01:31:48,0,Vacancy,0,Vacancy,True
6963,2024-10-08,01:32:04,0,Vacancy,0,Vacancy,True
6964,2024-10-08,01:32:20,0,Vacancy,0,Vacancy,True
6965,2024-10-08,01:32:36,0,Vacancy,0,Vacancy,True
6966,2024-10-08,01:32:52,0,Vacancy,0,Vacancy,True
6967,2024-10-08,01:33:08,0,Vacancy,0,Vacancy,True
6968,2024-10-08,01:33:24,0,Vacancy,0,Vacancy,True
6969,2024-10-08,01:33:40,0,Vacancy,0,Vacancy,True
6970,2024-10-08,01:33:56,0,Vacancy,0,Vacancy,True
6971,2024-10-08,01:34:12,0,Vacancy,0,Vacancy,True
6972,2024-10-08,01:34:28,0,Vacancy,0,Vacancy,True
6973,2024-10-08,01:34:44,0,Vacancy,0,Vacancy,True
6974,2024-10-08,01:35:00,0,Vacancy,0,Vacancy,True
6975,2024-10-08,01:35:16,0,Vacancy,0,Vacancy,True
6976,2024-10-08,01:35:32,0,Vacancy,0,Vacancy,True
6977,2024-10-08,01:35:48,0,Vacancy,0,Vacancy,True
6978,2024-10-08,01:36:05,0,Vacancy,0,Vacancy,True
6979,2024-10-08,01:36:20,0,Vacancy,0,Vacancy,True
6980,2024-10-08,01:36:36,0,Vacancy,0,Vacancy,True
6981,2024-10-08,01:36:53,0,Vacancy,0,Vacancy,True
6982,2024-10-08,01:37:08,0,Vacancy,0,Vacancy,True
6983,2024-10-08,01:37:25,0,Vacancy,0,Vacancy,True
6984,2024-10-08,01:37:40,0,Vacancy,0,Vacancy,True
6985,2024-10-08,01:37:57,0,Vacancy,0,Vacancy,True
6986,2024-10-08,01:38:13,0,Vacancy,0,Vacancy,True
6987,2024-10-08,01:38:28,0,Vacancy,0,Vacancy,True
6988,2024-10-08,01:38:45,0,Vacancy,0,Vacancy,True
6989,2024-10-08,01:39:01,0,Vacancy,0,Vacancy,True
6990,2024-10-08,01:39:17,0,Vacancy,0,Vacancy,True
6991,2024-10-08,01:39:33,0,Vacancy,0,Vacancy,True
6992,2024-10-08,01:39:49,0,Vacancy,0,Vacancy,True
6993,2024-10-08,01:40:05,0,Vacancy,0,Vacancy,True
6994,2024-10-08,01:40:21,0,Vacancy,0,Vacancy,True
6995,2024-10-08,01:40:37,0,Vacancy,0,Vacancy,True
6996,2024-10-08,01:40:53,0,Vacancy,0,Vacancy,True
6997,2024-10-08,01:41:09,0,Vacancy,0,Vacancy,True
6998,2024-10-08,01:41:25,0,Vacancy,0,Vacancy,True
6999,2024-10-08,01:41:41,0,Vacancy,0,Vacancy,True
7000,2024-10-08,01:41:57,0,Vacancy,0,Vacancy,True
7001,2024-10-08,01:42:13,0,Vacancy,0,Vacancy,True
7002,2024-10-08,01:42:29,0,Vacancy,0,Vacancy,True
7003,2024-10-08,01:42:45,0,Vacancy,0,Vacancy,True
7004,2024-10-08,01:43:01,0,Vacancy,0,Vacancy,True
7005,2024-10-08,01:43:17,0,Vacancy,0,Vacancy,True
7006,2024-10-08,01:43:33,0,Vacancy,0,Vacancy,True
7007,2024-10-08,01:43:49,0,Vacancy,0,Vacancy,True
7008,2024-10-08,01:44:05,0,Vacancy,0,Vacancy,True
7009,2024-10-08,01:44:21,0,Vacancy,0,Vacancy,True
7010,2024-10-08,01:44:37,0,Vacancy,0,Vacancy,True
7011,2024-10-08,01:44:53,0,Vacancy,0,Vacancy,True
7012,2024-10-08,01:45:09,0,Vacancy,0,Vacancy,True
7013,2024-10-08,01:45:25,0,Vacancy,0,Vacancy,True
7014,2024-10-08,01:45:41,0,Vacancy,0,Vacancy,True
7015,2024-10-08,01:45:57,0,Vacancy,0,Vacancy,True
7016,2024-10-08,01:46:13,0,Vacancy,0,Vacancy,True
7017,2024-10-08,01:46:29,0,Vacancy,0,Vacancy,True
7018,2024-10-08,01:46:45,0,Vacancy,0,Vacancy,True
7019,2024-10-08,01:47:01,0,Vacancy,0,Vacancy,True
7020,2024-10-08,01:47:17,0,Vacancy,0,Vacancy,True
7021,2024-10-08,01:47:33,0,Vacancy,0,Vacancy,True
7022,2024-10-08,01:47:49,0,Vacancy,0,Vacancy,True
7023,2024-10-08,01:48:05,0,Vacancy,0,Vacancy,True
7024,2024-10-08,01:48:21,0,Vacancy,0,Vacancy,True
7025,2024-10-08,01:48:37,0,Vacancy,0,Vacancy,True
7026,2024-10-08,01:48:53,0,Vacancy,0,Vacancy,True
7027,2024-10-08,01:49:09,0,Vacancy,0,Vacancy,True
7028,2024-10-08,01:49:25,0,Vacancy,0,Vacancy,True
7029,2024-10-08,01:49:41,0,Vacancy,0,Vacancy,True
7030,2024-10-08,01:49:57,0,Vacancy,0,Vacancy,True
7031,2024-10-08,01:50:13,0,Vacancy,0,Vacancy,True
7032,2024-10-08,01:50:29,0,Vacancy,0,Vacancy,True
7033,2024-10-08,01:50:45,0,Vacancy,0,Vacancy,True
7034,2024-10-08,01:51:01,0,Vacancy,0,Vacancy,True
7035,2024-10-08,01:51:17,0,Vacancy,0,Vacancy,True
7036,2024-10-08,01:51:33,0,Vacancy,0,Vacancy,True
7037,2024-10-08,01:51:49,0,Vacancy,0,Vacancy,True
7038,2024-10-08,01:52:05,0,Vacancy,0,Vacancy,True
7039,2024-10-08,01:52:21,0,Vacancy,0,Vacancy,True
7040,2024-10-08,01:52:37,0,Vacancy,0,Vacancy,True
7041,2024-10-08,01:52:53,0,Vacancy,0,Vacancy,True
7042,2024-10-08,01:53:09,0,Vacancy,0,Vacancy,True
7043,2024-10-08,01:53:25,0,Vacancy,0,Vacancy,True
7044,2024-10-08,01:53:41,0,Vacancy,0,Vacancy,True
7045,2024-10-08,01:53:57,0,Vacancy,0,Vacancy,True
7046,2024-10-08,01:54:13,0,Vacancy,0,Vacancy,True
7047,2024-10-08,01:54:29,0,Vacancy,0,Vacancy,True
7048,2024-10-08,01:54:45,0,Vacancy,0,Vacancy,True
7049,2024-10-08,01:55:01,0,Vacancy,0,Vacancy,True
7050,2024-10-08,01:55:17,0,Vacancy,0,Vacancy,True
7051,2024-10-08,01:55:33,0,Vacancy,0,Vacancy,True
7052,2024-10-08,01:55:49,0,Vacancy,0,Vacancy,True
7053,2024-10-08,01:56:05,0,Vacancy,0,Vacancy,True
7054,2024-10-08,01:56:21,0,Vacancy,0,Vacancy,True
7055,2024-10-08,01:56:37,0,Vacancy,0,Vacancy,True
7056,2024-10-08,01:56:53,0,Vacancy,0,Vacancy,True
7057,2024-10-08,01:57:09,0,Vacancy,0,Vacancy,True
7058,2024-10-08,01:57:25,0,Vacancy,0,Vacancy,True
7059,2024-10-08,01:57:41,0,Vacancy,0,Vacancy,True
7060,2024-10-08,01:57:57,0,Vacancy,0,Vacancy,True
7061,2024-10-08,01:58:13,0,Vacancy,0,Vacancy,True
7062,2024-10-08,01:58:29,0,Vacancy,0,Vacancy,True
7063,2024-10-08,01:58:45,0,Vacancy,0,Vacancy,True
7064,2024-10-08,01:59:01,0,Vacancy,0,Vacancy,True
7065,2024-10-08,01:59:17,0,Vacancy,0,Vacancy,True
7066,2024-10-08,01:59:33,0,Vacancy,0,Vacancy,True
7067,2024-10-08,01:59:49,0,Vacancy,0,Vacancy,True
7068,2024-10-08,02:00:05,0,Vacancy,0,Vacancy,True
7069,2024-10-08,02:00:21,0,Vacancy,0,Vacancy,True
7070,2024-10-08,02:00:37,0,Vacancy,0,Vacancy,True
7071,2024-10-08,02:00:53,0,Vacancy,0,Vacancy,True
7072,2024-10-08,02:01:09,0,Vacancy,0,Vacancy,True
7073,2024-10-08,02:01:25,0,Vacancy,0,Vacancy,True
7074,2024-10-08,02:01:41,0,Vacancy,0,Vacancy,True
7075,2024-10-08,02:01:57,0,Vacancy,0,Vacancy,True
7076,2024-10-08,02:02:13,0,Vacancy,0,Vacancy,True
7077,2024-10-08,02:02:29,0,Vacancy,0,Vacancy,True
7078,2024-10-08,02:02:45,0,Vacancy,0,Vacancy,True
7079,2024-10-08,02:03:01,0,Vacancy,0,Vacancy,True
7080,2024-10-08,02:03:17,0,Vacancy,0,Vacancy,True
7081,2024-10-08,02:03:33,0,Vacancy,0,Vacancy,True
7082,2024-10-08,02:03:49,0,Vacancy,0,Vacancy,True
7083,2024-10-08,02:04:05,0,Vacancy,0,Vacancy,True
7084,2024-10-08,02:04:21,0,Vacancy,0,Vacancy,True
7085,2024-10-08,02:04:37,0,Vacancy,0,Vacancy,True
7086,2024-10-08,02:04:53,0,Vacancy,0,Vacancy,True
7087,2024-10-08,02:05:09,0,Vacancy,0,Vacancy,True
7088,2024-10-08,02:05:25,0,Vacancy,0,Vacancy,True
7089,2024-10-08,02:05:41,0,Vacancy,0,Vacancy,True
7090,2024-10-08,02:05:57,0,Vacancy,0,Vacancy,True
7091,2024-10-08,02:06:13,0,Vacancy,0,Vacancy,True
7092,2024-10-08,02:06:29,0,Vacancy,0,Vacancy,True
7093,2024-10-08,02:06:45,0,Vacancy,0,Vacancy,True
7094,2024-10-08,02:07:01,0,Vacancy,0,Vacancy,True
7095,2024-10-08,02:07:17,0,Vacancy,0,Vacancy,True
7096,2024-10-08,02:07:33,0,Vacancy,0,Vacancy,True
7097,2024-10-08,02:07:49,0,Vacancy,0,Vacancy,True
7098,2024-10-08,02:08:05,0,Vacancy,0,Vacancy,True
7099,2024-10-08,02:08:21,0,Vacancy,0,Vacancy,True
7100,2024-10-08,02:08:37,0,Vacancy,0,Vacancy,True
7101,2024-10-08,02:08:53,0,Vacancy,0,Vacancy,True
7102,2024-10-08,02:09:09,0,Vacancy,0,Vacancy,True
7103,2024-10-08,02:09:25,0,Vacancy,0,Vacancy,True
7104,2024-10-08,02:09:41,0,Vacancy,0,Vacancy,True
7105,2024-10-08,02:09:57,0,Vacancy,0,Vacancy,True
7106,2024-10-08,02:10:13,0,Vacancy,0,Vacancy,True
7107,2024-10-08,02:10:29,0,Vacancy,0,Vacancy,True
7108,2024-10-08,02:10:45,0,Vacancy,0,Vacancy,True
7109,2024-10-08,02:11:01,0,Vacancy,0,Vacancy,True
7110,2024-10-08,02:11:17,0,Vacancy,0,Vacancy,True
7111,2024-10-08,02:11:33,0,Vacancy,0,Vacancy,True
7112,2024-10-08,02:11:49,0,Vacancy,0,Vacancy,True
7113,2024-10-08,02:12:05,0,Vacancy,0,Vacancy,True
7114,2024-10-08,02:12:21,0,Vacancy,0,Vacancy,True
7115,2024-10-08,02:12:37,0,Vacancy,0,Vacancy,True
7116,2024-10-08,02:12:53,0,Vacancy,0,Vacancy,True
7117,2024-10-08,02:13:09,0,Vacancy,0,Vacancy,True
7118,2024-10-08,02:13:25,0,Vacancy,0,Vacancy,True
7119,2024-10-08,02:13:41,0,Vacancy,0,Vacancy,True
7120,2024-10-08,02:13:57,0,Vacancy,0,Vacancy,True
7121,2024-10-08,02:14:13,0,Vacancy,0,Vacancy,True
7122,2024-10-08,02:14:29,0,Vacancy,0,Vacancy,True
7123,2024-10-08,02:14:45,0,Vacancy,0,Vacancy,True
7124,2024-10-08,02:15:01,0,Vacancy,0,Vacancy,True
7125,2024-10-08,02:15:17,0,Vacancy,0,Vacancy,True
7126,2024-10-08,02:15:33,0,Vacancy,0,Vacancy,True
7127,2024-10-08,02:15:49,0,Vacancy,0,Vacancy,True
7128,2024-10-08,02:16:05,0,Vacancy,0,Vacancy,True
7129,2024-10-08,02:16:21,0,Vacancy,0,Vacancy,True
7130,2024-10-08,02:16:37,0,Vacancy,0,Vacancy,True
7131,2024-10-08,02:16:53,0,Vacancy,0,Vacancy,True
7132,2024-10-08,02:17:09,0,Vacancy,0,Vacancy,True
7133,2024-10-08,02:17:25,0,Vacancy,0,Vacancy,True
7134,2024-10-08,02:17:41,0,Vacancy,0,Vacancy,True
7135,2024-10-08,02:17:57,0,Vacancy,0,Vacancy,True
7136,2024-10-08,02:18:13,0,Vacancy,0,Vacancy,True
7137,2024-10-08,02:18:30,0,Vacancy,0,Vacancy,True
7138,2024-10-08,02:18:45,0,Vacancy,0,Vacancy,True
7139,2024-10-08,02:19:01,0,Vacancy,0,Vacancy,True
7140,2024-10-08,02:19:17,0,Vacancy,0,Vacancy,True
7141,2024-10-08,02:19:33,0,Vacancy,0,Vacancy,True
7142,2024-10-08,02:19:50,0,Vacancy,0,Vacancy,True
7143,2024-10-08,02:20:05,0,Vacancy,0,Vacancy,True
7144,2024-10-08,02:20:21,0,Vacancy,0,Vacancy,True
7145,2024-10-08,02:20:37,0,Vacancy,0,Vacancy,True
7146,2024-10-08,02:20:53,0,Vacancy,0,Vacancy,True
7147,2024-10-08,02:21:09,0,Vacancy,0,Vacancy,True
7148,2024-10-08,02:21:26,0,Vacancy,0,Vacancy,True
7149,2024-10-08,02:21:41,0,Vacancy,0,Vacancy,True
7150,2024-10-08,02:21:58,0,Vacancy,0,Vacancy,True
7151,2024-10-08,02:22:14,0,Vacancy,0,Vacancy,True
7152,2024-10-08,02:22:29,0,Vacancy,0,Vacancy,True
7153,2024-10-08,02:22:46,0,Vacancy,0,Vacancy,True
7154,2024-10-08,02:23:02,0,Vacancy,0,Vacancy,True
7155,2024-10-08,02:23:18,0,Vacancy,0,Vacancy,True
7156,2024-10-08,02:23:34,0,Vacancy,0,Vacancy,True
7157,2024-10-08,02:23:50,0,Vacancy,0,Vacancy,True
7158,2024-10-08,02:24:06,0,Vacancy,0,Vacancy,True
7159,2024-10-08,02:24:22,0,Vacancy,0,Vacancy,True
7160,2024-10-08,02:24:38,0,Vacancy,0,Vacancy,True
7161,2024-10-08,02:24:54,0,Vacancy,0,Vacancy,True
7162,2024-10-08,02:25:10,0,Vacancy,0,Vacancy,True
7163,2024-10-08,02:25:26,0,Vacancy,0,Vacancy,True
7164,2024-10-08,02:25:42,0,Vacancy,0,Vacancy,True
7165,2024-10-08,02:25:58,0,Vacancy,0,Vacancy,True
7166,2024-10-08,02:26:14,0,Vacancy,0,Vacancy,True
7167,2024-10-08,02:26:30,0,Vacancy,0,Vacancy,True
7168,2024-10-08,02:26:46,0,Vacancy,0,Vacancy,True
7169,2024-10-08,02:27:02,0,Vacancy,0,Vacancy,True
7170,2024-10-08,02:27:18,0,Vacancy,0,Vacancy,True
7171,2024-10-08,02:27:34,0,Vacancy,0,Vacancy,True
7172,2024-10-08,02:27:50,0,Vacancy,0,Vacancy,True
7173,2024-10-08,02:28:06,0,Vacancy,0,Vacancy,True
7174,2024-10-08,02:28:22,0,Vacancy,0,Vacancy,True
7175,2024-10-08,02:28:38,0,Vacancy,0,Vacancy,True
7176,2024-10-08,02:28:54,0,Vacancy,0,Vacancy,True
7177,2024-10-08,02:29:10,0,Vacancy,0,Vacancy,True
7178,2024-10-08,02:29:26,0,Vacancy,0,Vacancy,True
7179,2024-10-08,02:29:42,0,Vacancy,0,Vacancy,True
7180,2024-10-08,02:29:58,0,Vacancy,0,Vacancy,True
7181,2024-10-08,02:30:14,0,Vacancy,0,Vacancy,True
7182,2024-10-08,02:30:30,0,Vacancy,0,Vacancy,True
7183,2024-10-08,02:30:46,0,Vacancy,0,Vacancy,True
7184,2024-10-08,02:31:02,0,Vacancy,0,Vacancy,True
7185,2024-10-08,02:31:18,0,Vacancy,0,Vacancy,True
7186,2024-10-08,02:31:34,0,Vacancy,0,Vacancy,True
7187,2024-10-08,02:31:50,0,Vacancy,0,Vacancy,True
7188,2024-10-08,02:32:06,0,Vacancy,0,Vacancy,True
7189,2024-10-08,02:32:22,0,Vacancy,0,Vacancy,True
7190,2024-10-08,02:32:38,0,Vacancy,0,Vacancy,True
7191,2024-10-08,02:32:54,0,Vacancy,0,Vacancy,True
7192,2024-10-08,02:33:10,0,Vacancy,0,Vacancy,True
7193,2024-10-08,02:33:26,0,Vacancy,0,Vacancy,True
7194,2024-10-08,02:33:42,0,Vacancy,0,Vacancy,True
7195,2024-10-08,02:33:58,0,Vacancy,0,Vacancy,True
7196,2024-10-08,02:34:14,0,Vacancy,0,Vacancy,True
7197,2024-10-08,02:34:30,0,Vacancy,0,Vacancy,True
7198,2024-10-08,02:34:46,0,Vacancy,0,Vacancy,True
7199,2024-10-08,02:35:02,0,Vacancy,0,Vacancy,True
7200,2024-10-08,02:35:18,0,Vacancy,0,Vacancy,True
7201,2024-10-08,02:35:34,0,Vacancy,0,Vacancy,True
7202,2024-10-08,02:35:50,0,Vacancy,0,Vacancy,True
7203,2024-10-08,02:36:06,0,Vacancy,0,Vacancy,True
7204,2024-10-08,02:36:22,0,Vacancy,0,Vacancy,True
7205,2024-10-08,02:36:38,0,Vacancy,0,Vacancy,True
7206,2024-10-08,02:36:54,0,Vacancy,0,Vacancy,True
7207,2024-10-08,02:37:10,0,Vacancy,0,Vacancy,True
7208,2024-10-08,02:37:26,0,Vacancy,0,Vacancy,True
7209,2024-10-08,02:37:42,0,Vacancy,0,Vacancy,True
7210,2024-10-08,02:37:58,0,Vacancy,0,Vacancy,True
7211,2024-10-08,02:38:14,0,Vacancy,0,Vacancy,True
7212,2024-10-08,02:38:30,0,Vacancy,0,Vacancy,True
7213,2024-10-08,02:38:46,0,Vacancy,0,Vacancy,True
7214,2024-10-08,02:39:02,0,Vacancy,0,Vacancy,True
7215,2024-10-08,02:39:18,0,Vacancy,0,Vacancy,True
7216,2024-10-08,02:39:34,0,Vacancy,0,Vacancy,True
7217,2024-10-08,02:39:50,0,Vacancy,0,Vacancy,True
7218,2024-10-08,02:40:06,0,Vacancy,0,Vacancy,True
7219,2024-10-08,02:40:22,0,Vacancy,0,Vacancy,True
7220,2024-10-08,02:40:38,0,Vacancy,0,Vacancy,True
7221,2024-10-08,02:40:54,0,Vacancy,0,Vacancy,True
7222,2024-10-08,02:41:10,0,Vacancy,0,Vacancy,True
7223,2024-10-08,02:41:26,0,Vacancy,0,Vacancy,True
7224,2024-10-08,02:41:42,0,Vacancy,0,Vacancy,True
7225,2024-10-08,02:41:58,0,Vacancy,0,Vacancy,True
7226,2024-10-08,02:42:14,0,Vacancy,0,Vacancy,True
7227,2024-10-08,02:42:30,0,Vacancy,0,Vacancy,True
7228,2024-10-08,02:42:46,0,Vacancy,0,Vacancy,True
7229,2024-10-08,02:43:02,0,Vacancy,0,Vacancy,True
7230,2024-10-08,02:43:18,0,Vacancy,0,Vacancy,True
7231,2024-10-08,02:43:34,0,Vacancy,0,Vacancy,True
7232,2024-10-08,02:43:50,0,Vacancy,0,Vacancy,True
7233,2024-10-08,02:44:06,0,Vacancy,0,Vacancy,True
7234,2024-10-08,02:44:22,0,Vacancy,0,Vacancy,True
7235,2024-10-08,02:44:38,0,Vacancy,0,Vacancy,True
7236,2024-10-08,02:44:54,0,Vacancy,0,Vacancy,True
7237,2024-10-08,02:45:10,0,Vacancy,0,Vacancy,True
7238,2024-10-08,02:45:26,0,Vacancy,0,Vacancy,True
7239,2024-10-08,02:45:42,0,Vacancy,0,Vacancy,True
7240,2024-10-08,02:45:58,0,Vacancy,0,Vacancy,True
7241,2024-10-08,02:46:14,0,Vacancy,0,Vacancy,True
7242,2024-10-08,02:46:30,0,Vacancy,0,Vacancy,True
7243,2024-10-08,02:46:46,0,Vacancy,0,Vacancy,True
7244,2024-10-08,02:47:02,0,Vacancy,0,Vacancy,True
7245,2024-10-08,02:47:18,0,Vacancy,0,Vacancy,True
7246,2024-10-08,02:47:34,0,Vacancy,0,Vacancy,True
7247,2024-10-08,02:47:50,0,Vacancy,0,Vacancy,True
7248,2024-10-08,02:48:06,0,Vacancy,0,Vacancy,True
7249,2024-10-08,02:48:22,0,Vacancy,0,Vacancy,True
7250,2024-10-08,02:48:38,0,Vacancy,0,Vacancy,True
7251,2024-10-08,02:48:54,0,Vacancy,0,Vacancy,True
7252,2024-10-08,02:49:10,0,Vacancy,0,Vacancy,True
7253,2024-10-08,02:49:26,0,Vacancy,0,Vacancy,True
7254,2024-10-08,02:49:42,0,Vacancy,0,Vacancy,True
7255,2024-10-08,02:49:58,0,Vacancy,0,Vacancy,True
7256,2024-10-08,02:50:14,0,Vacancy,0,Vacancy,True
7257,2024-10-08,02:50:30,0,Vacancy,0,Vacancy,True
7258,2024-10-08,02:50:46,0,Vacancy,0,Vacancy,True
7259,2024-10-08,02:51:02,0,Vacancy,0,Vacancy,True
7260,2024-10-08,02:51:18,0,Vacancy,0,Vacancy,True
7261,2024-10-08,02:51:34,0,Vacancy,0,Vacancy,True
7262,2024-10-08,02:51:50,0,Vacancy,0,Vacancy,True
7263,2024-10-08,02:52:06,0,Vacancy,0,Vacancy,True
7264,2024-10-08,02:52:22,0,Vacancy,0,Vacancy,True
7265,2024-10-08,02:52:38,0,Vacancy,0,Vacancy,True
7266,2024-10-08,02:52:54,0,Vacancy,0,Vacancy,True
7267,2024-10-08,02:53:10,0,Vacancy,0,Vacancy,True
7268,2024-10-08,02:53:26,0,Vacancy,0,Vacancy,True
7269,2024-10-08,02:53:42,0,Vacancy,0,Vacancy,True
7270,2024-10-08,02:53:58,0,Vacancy,0,Vacancy,True
7271,2024-10-08,02:54:14,0,Vacancy,0,Vacancy,True
7272,2024-10-08,02:54:30,0,Vacancy,0,Vacancy,True
7273,2024-10-08,02:54:46,0,Vacancy,0,Vacancy,True
7274,2024-10-08,02:55:02,0,Vacancy,0,Vacancy,True
7275,2024-10-08,02:55:18,0,Vacancy,0,Vacancy,True
7276,2024-10-08,02:55:34,0,Vacancy,0,Vacancy,True
7277,2024-10-08,02:55:50,0,Vacancy,0,Vacancy,True
7278,2024-10-08,02:56:06,0,Vacancy,0,Vacancy,True
7279,2024-10-08,02:56:22,0,Vacancy,0,Vacancy,True
7280,2024-10-08,02:56:38,0,Vacancy,0,Vacancy,True
7281,2024-10-08,02:56:54,0,Vacancy,0,Vacancy,True
7282,2024-10-08,02:57:10,0,Vacancy,0,Vacancy,True
7283,2024-10-08,02:57:26,0,Vacancy,0,Vacancy,True
7284,2024-10-08,02:57:42,0,Vacancy,0,Vacancy,True
7285,2024-10-08,02:57:58,0,Vacancy,0,Vacancy,True
7286,2024-10-08,02:58:14,0,Vacancy,0,Vacancy,True
7287,2024-10-08,02:58:30,0,Vacancy,0,Vacancy,True
7288,2024-10-08,02:58:46,0,Vacancy,0,Vacancy,True
7289,2024-10-08,02:59:02,0,Vacancy,0,Vacancy,True
7290,2024-10-08,02:59:18,0,Vacancy,0,Vacancy,True
7291,2024-10-08,02:59:34,0,Vacancy,0,Vacancy,True
7292,2024-10-08,02:59:50,0,Vacancy,0,Vacancy,True
7293,2024-10-08,03:00:06,0,Vacancy,0,Vacancy,True
7294,2024-10-08,03:00:22,0,Vacancy,0,Vacancy,True
7295,2024-10-08,03:00:38,0,Vacancy,0,Vacancy,True
7296,2024-10-08,03:00:54,0,Vacancy,0,Vacancy,True
7297,2024-10-08,03:01:10,0,Vacancy,0,Vacancy,True
7298,2024-10-08,03:01:26,0,Vacancy,0,Vacancy,True
7299,2024-10-08,03:01:42,0,Vacancy,0,Vacancy,True
7300,2024-10-08,03:01:58,0,Vacancy,0,Vacancy,True
7301,2024-10-08,03:02:14,0,Vacancy,0,Vacancy,True
7302,2024-10-08,03:02:30,0,Vacancy,0,Vacancy,True
7303,2024-10-08,03:02:46,0,Vacancy,0,Vacancy,True
7304,2024-10-08,03:03:03,0,Vacancy,0,Vacancy,True
7305,2024-10-08,03:03:18,0,Vacancy,0,Vacancy,True
7306,2024-10-08,03:03:34,0,Vacancy,0,Vacancy,True
7307,2024-10-08,03:03:51,0,Vacancy,0,Vacancy,True
7308,2024-10-08,03:04:06,0,Vacancy,0,Vacancy,True
7309,2024-10-08,03:04:22,0,Vacancy,0,Vacancy,True
7310,2024-10-08,03:04:39,0,Vacancy,0,Vacancy,True
7311,2024-10-08,03:04:54,0,Vacancy,0,Vacancy,True
7312,2024-10-08,03:05:10,0,Vacancy,0,Vacancy,True
7313,2024-10-08,03:05:27,0,Vacancy,0,Vacancy,True
7314,2024-10-08,03:05:42,0,Vacancy,0,Vacancy,True
7315,2024-10-08,03:05:59,0,Vacancy,0,Vacancy,True
7316,2024-10-08,03:06:15,0,Vacancy,0,Vacancy,True
7317,2024-10-08,03:06:30,0,Vacancy,0,Vacancy,True
7318,2024-10-08,03:06:47,0,Vacancy,0,Vacancy,True
7319,2024-10-08,03:07:03,0,Vacancy,0,Vacancy,True
7320,2024-10-08,03:07:19,0,Vacancy,0,Vacancy,True
7321,2024-10-08,03:07:35,0,Vacancy,0,Vacancy,True
7322,2024-10-08,03:07:51,0,Vacancy,0,Vacancy,True
7323,2024-10-08,03:08:07,0,Vacancy,0,Vacancy,True
7324,2024-10-08,03:08:23,0,Vacancy,0,Vacancy,True
7325,2024-10-08,03:08:39,0,Vacancy,0,Vacancy,True
7326,2024-10-08,03:08:55,0,Vacancy,0,Vacancy,True
7327,2024-10-08,03:09:11,0,Vacancy,0,Vacancy,True
7328,2024-10-08,03:09:27,0,Vacancy,0,Vacancy,True
7329,2024-10-08,03:09:43,0,Vacancy,0,Vacancy,True
7330,2024-10-08,03:09:59,0,Vacancy,0,Vacancy,True
7331,2024-10-08,03:10:15,0,Vacancy,0,Vacancy,True
7332,2024-10-08,03:10:31,0,Vacancy,0,Vacancy,True
7333,2024-10-08,03:10:47,0,Vacancy,0,Vacancy,True
7334,2024-10-08,03:11:03,0,Vacancy,0,Vacancy,True
7335,2024-10-08,03:11:19,0,Vacancy,0,Vacancy,True
7336,2024-10-08,03:11:35,0,Vacancy,0,Vacancy,True
7337,2024-10-08,03:11:51,0,Vacancy,0,Vacancy,True
7338,2024-10-08,03:12:07,0,Vacancy,0,Vacancy,True
7339,2024-10-08,03:12:23,0,Vacancy,0,Vacancy,True
7340,2024-10-08,03:12:39,0,Vacancy,0,Vacancy,True
7341,2024-10-08,03:12:55,0,Vacancy,0,Vacancy,True
7342,2024-10-08,03:13:11,0,Vacancy,0,Vacancy,True
7343,2024-10-08,03:13:27,0,Vacancy,0,Vacancy,True
7344,2024-10-08,03:13:43,0,Vacancy,0,Vacancy,True
7345,2024-10-08,03:13:59,0,Vacancy,0,Vacancy,True
7346,2024-10-08,03:14:15,0,Vacancy,0,Vacancy,True
7347,2024-10-08,03:14:31,0,Vacancy,0,Vacancy,True
7348,2024-10-08,03:14:47,0,Vacancy,0,Vacancy,True
7349,2024-10-08,03:15:03,0,Vacancy,0,Vacancy,True
7350,2024-10-08,03:15:19,0,Vacancy,0,Vacancy,True
7351,2024-10-08,03:15:35,0,Vacancy,0,Vacancy,True
7352,2024-10-08,03:15:51,0,Vacancy,0,Vacancy,True
7353,2024-10-08,03:16:07,0,Vacancy,0,Vacancy,True
7354,2024-10-08,03:16:23,0,Vacancy,0,Vacancy,True
7355,2024-10-08,03:16:39,0,Vacancy,0,Vacancy,True
7356,2024-10-08,03:16:55,0,Vacancy,0,Vacancy,True
7357,2024-10-08,03:17:11,0,Vacancy,0,Vacancy,True
7358,2024-10-08,03:17:27,0,Vacancy,0,Vacancy,True
7359,2024-10-08,03:17:43,0,Vacancy,0,Vacancy,True
7360,2024-10-08,03:17:59,0,Vacancy,0,Vacancy,True
7361,2024-10-08,03:18:15,0,Vacancy,0,Vacancy,True
7362,2024-10-08,03:18:31,0,Vacancy,0,Vacancy,True
7363,2024-10-08,03:18:47,0,Vacancy,0,Vacancy,True
7364,2024-10-08,03:19:03,0,Vacancy,0,Vacancy,True
7365,2024-10-08,03:19:19,0,Vacancy,0,Vacancy,True
7366,2024-10-08,03:19:35,0,Vacancy,0,Vacancy,True
7367,2024-10-08,03:19:51,0,Vacancy,0,Vacancy,True
7368,2024-10-08,03:20:07,0,Vacancy,0,Vacancy,True
7369,2024-10-08,03:20:23,0,Vacancy,0,Vacancy,True
7370,2024-10-08,03:20:39,0,Vacancy,0,Vacancy,True
7371,2024-10-08,03:20:55,0,Vacancy,0,Vacancy,True
7372,2024-10-08,03:21:11,0,Vacancy,0,Vacancy,True
7373,2024-10-08,03:21:27,0,Vacancy,0,Vacancy,True
7374,2024-10-08,03:21:43,0,Vacancy,0,Vacancy,True
7375,2024-10-08,03:21:59,0,Vacancy,0,Vacancy,True
7376,2024-10-08,03:22:15,0,Vacancy,0,Vacancy,True
7377,2024-10-08,03:22:31,0,Vacancy,0,Vacancy,True
7378,2024-10-08,03:22:47,0,Vacancy,0,Vacancy,True
7379,2024-10-08,03:23:03,0,Vacancy,0,Vacancy,True
7380,2024-10-08,03:23:19,0,Vacancy,0,Vacancy,True
7381,2024-10-08,03:23:35,0,Vacancy,0,Vacancy,True
7382,2024-10-08,03:23:51,0,Vacancy,0,Vacancy,True
7383,2024-10-08,03:24:07,0,Vacancy,0,Vacancy,True
7384,2024-10-08,03:24:23,0,Vacancy,0,Vacancy,True
7385,2024-10-08,03:24:39,0,Vacancy,0,Vacancy,True
7386,2024-10-08,03:24:55,0,Vacancy,0,Vacancy,True
7387,2024-10-08,03:25:11,0,Vacancy,0,Vacancy,True
7388,2024-10-08,03:25:27,0,Vacancy,0,Vacancy,True
7389,2024-10-08,03:25:43,0,Vacancy,0,Vacancy,True
7390,2024-10-08,03:25:59,0,Vacancy,0,Vacancy,True
7391,2024-10-08,03:26:15,0,Vacancy,0,Vacancy,True
7392,2024-10-08,03:26:31,0,Vacancy,0,Vacancy,True
7393,2024-10-08,03:26:47,0,Vacancy,0,Vacancy,True
7394,2024-10-08,03:27:03,0,Vacancy,0,Vacancy,True
7395,2024-10-08,03:27:19,0,Vacancy,0,Vacancy,True
7396,2024-10-08,03:27:35,0,Vacancy,0,Vacancy,True
7397,2024-10-08,03:27:51,0,Vacancy,0,Vacancy,True
7398,2024-10-08,03:28:07,0,Vacancy,0,Vacancy,True
7399,2024-10-08,03:28:23,0,Vacancy,0,Vacancy,True
7400,2024-10-08,03:28:39,0,Vacancy,0,Vacancy,True
7401,2024-10-08,03:28:55,0,Vacancy,0,Vacancy,True
7402,2024-10-08,03:29:11,0,Vacancy,0,Vacancy,True
7403,2024-10-08,03:29:27,0,Vacancy,0,Vacancy,True
7404,2024-10-08,03:29:43,0,Vacancy,0,Vacancy,True
7405,2024-10-08,03:29:59,0,Vacancy,0,Vacancy,True
7406,2024-10-08,03:30:15,0,Vacancy,0,Vacancy,True
7407,2024-10-08,03:30:31,0,Vacancy,0,Vacancy,True
7408,2024-10-08,03:30:47,0,Vacancy,0,Vacancy,True
7409,2024-10-08,03:31:03,0,Vacancy,0,Vacancy,True
7410,2024-10-08,03:31:19,0,Vacancy,0,Vacancy,True
7411,2024-10-08,03:31:35,0,Vacancy,0,Vacancy,True
7412,2024-10-08,03:31:51,0,Vacancy,0,Vacancy,True
7413,2024-10-08,03:32:07,0,Vacancy,0,Vacancy,True
7414,2024-10-08,03:32:23,0,Vacancy,0,Vacancy,True
7415,2024-10-08,03:32:39,0,Vacancy,0,Vacancy,True
7416,2024-10-08,03:32:55,0,Vacancy,0,Vacancy,True
7417,2024-10-08,03:33:11,0,Vacancy,0,Vacancy,True
7418,2024-10-08,03:33:27,0,Vacancy,0,Vacancy,True
7419,2024-10-08,03:33:43,0,Vacancy,0,Vacancy,True
7420,2024-10-08,03:33:59,0,Vacancy,0,Vacancy,True
7421,2024-10-08,03:34:15,0,Vacancy,0,Vacancy,True
7422,2024-10-08,03:34:31,0,Vacancy,0,Vacancy,True
7423,2024-10-08,03:34:47,0,Vacancy,0,Vacancy,True
7424,2024-10-08,03:35:03,0,Vacancy,0,Vacancy,True
7425,2024-10-08,03:35:19,0,Vacancy,0,Vacancy,True
7426,2024-10-08,03:35:35,0,Vacancy,0,Vacancy,True
7427,2024-10-08,03:35:51,0,Vacancy,0,Vacancy,True
7428,2024-10-08,03:36:07,0,Vacancy,0,Vacancy,True
7429,2024-10-08,03:36:23,0,Vacancy,0,Vacancy,True
7430,2024-10-08,03:36:39,0,Vacancy,0,Vacancy,True
7431,2024-10-08,03:36:55,0,Vacancy,0,Vacancy,True
7432,2024-10-08,03:37:11,0,Vacancy,0,Vacancy,True
7433,2024-10-08,03:37:27,0,Vacancy,0,Vacancy,True
7434,2024-10-08,03:37:43,0,Vacancy,0,Vacancy,True
7435,2024-10-08,03:37:59,0,Vacancy,0,Vacancy,True
7436,2024-10-08,03:38:15,0,Vacancy,0,Vacancy,True
7437,2024-10-08,03:38:31,0,Vacancy,0,Vacancy,True
7438,2024-10-08,03:38:47,0,Vacancy,0,Vacancy,True
7439,2024-10-08,03:39:03,0,Vacancy,0,Vacancy,True
7440,2024-10-08,03:39:19,0,Vacancy,0,Vacancy,True
7441,2024-10-08,03:39:35,0,Vacancy,0,Vacancy,True
7442,2024-10-08,03:39:51,0,Vacancy,0,Vacancy,True
7443,2024-10-08,03:40:07,0,Vacancy,0,Vacancy,True
7444,2024-10-08,03:40:23,0,Vacancy,0,Vacancy,True
7445,2024-10-08,03:40:39,0,Vacancy,0,Vacancy,True
7446,2024-10-08,03:40:55,0,Vacancy,0,Vacancy,True
7447,2024-10-08,03:41:11,0,Vacancy,0,Vacancy,True
7448,2024-10-08,03:41:27,0,Vacancy,0,Vacancy,True
7449,2024-10-08,03:41:43,0,Vacancy,0,Vacancy,True
7450,2024-10-08,03:41:59,0,Vacancy,0,Vacancy,True
7451,2024-10-08,03:42:15,0,Vacancy,0,Vacancy,True
7452,2024-10-08,03:42:31,0,Vacancy,0,Vacancy,True
7453,2024-10-08,03:42:47,0,Vacancy,0,Vacancy,True
7454,2024-10-08,03:43:03,0,Vacancy,0,Vacancy,True
7455,2024-10-08,03:43:19,0,Vacancy,0,Vacancy,True
7456,2024-10-08,03:43:35,0,Vacancy,0,Vacancy,True
7457,2024-10-08,03:43:51,0,Vacancy,0,Vacancy,True
7458,2024-10-08,03:44:07,0,Vacancy,0,Vacancy,True
7459,2024-10-08,03:44:23,0,Vacancy,0,Vacancy,True
7460,2024-10-08,03:44:39,0,Vacancy,0,Vacancy,True
7461,2024-10-08,03:44:55,0,Vacancy,0,Vacancy,True
7462,2024-10-08,03:45:11,0,Vacancy,0,Vacancy,True
7463,2024-10-08,03:45:27,0,Vacancy,0,Vacancy,True
7464,2024-10-08,03:45:43,0,Vacancy,0,Vacancy,True
7465,2024-10-08,03:45:59,0,Vacancy,0,Vacancy,True
7466,2024-10-08,03:46:15,0,Vacancy,0,Vacancy,True
7467,2024-10-08,03:46:31,0,Vacancy,0,Vacancy,True
7468,2024-10-08,03:46:48,0,Vacancy,0,Vacancy,True
7469,2024-10-08,03:47:03,0,Vacancy,0,Vacancy,True
7470,2024-10-08,03:47:20,0,Vacancy,0,Vacancy,True
7471,2024-10-08,03:47:36,0,Vacancy,0,Vacancy,True
7472,2024-10-08,03:47:51,0,Vacancy,0,Vacancy,True
7473,2024-10-08,03:48:07,0,Vacancy,0,Vacancy,True
7474,2024-10-08,03:48:24,0,Vacancy,0,Vacancy,True
7475,2024-10-08,03:48:39,0,Vacancy,0,Vacancy,True
7476,2024-10-08,03:48:56,0,Vacancy,0,Vacancy,True
7477,2024-10-08,03:49:12,0,Vacancy,0,Vacancy,True
7478,2024-10-08,03:49:28,0,Vacancy,0,Vacancy,True
7479,2024-10-08,03:49:44,0,Vacancy,0,Vacancy,True
7480,2024-10-08,03:50:00,0,Vacancy,0,Vacancy,True
7481,2024-10-08,03:50:16,0,Vacancy,0,Vacancy,True
7482,2024-10-08,03:50:32,0,Vacancy,0,Vacancy,True
7483,2024-10-08,03:50:48,0,Vacancy,0,Vacancy,True
7484,2024-10-08,03:51:04,0,Vacancy,0,Vacancy,True
7485,2024-10-08,03:51:20,0,Vacancy,0,Vacancy,True
7486,2024-10-08,03:51:36,0,Vacancy,0,Vacancy,True
7487,2024-10-08,03:51:52,0,Vacancy,0,Vacancy,True
7488,2024-10-08,03:52:08,0,Vacancy,0,Vacancy,True
7489,2024-10-08,03:52:24,0,Vacancy,0,Vacancy,True
7490,2024-10-08,03:52:40,0,Vacancy,0,Vacancy,True
7491,2024-10-08,03:52:56,0,Vacancy,0,Vacancy,True
7492,2024-10-08,03:53:12,0,Vacancy,0,Vacancy,True
7493,2024-10-08,03:53:28,0,Vacancy,0,Vacancy,True
7494,2024-10-08,03:53:44,0,Vacancy,0,Vacancy,True
7495,2024-10-08,03:54:00,0,Vacancy,0,Vacancy,True
7496,2024-10-08,03:54:16,0,Vacancy,0,Vacancy,True
7497,2024-10-08,03:54:32,0,Vacancy,0,Vacancy,True
7498,2024-10-08,03:54:48,0,Vacancy,0,Vacancy,True
7499,2024-10-08,03:55:04,0,Vacancy,0,Vacancy,True
7500,2024-10-08,03:55:20,0,Vacancy,0,Vacancy,True
7501,2024-10-08,03:55:36,0,Vacancy,0,Vacancy,True
7502,2024-10-08,03:55:52,0,Vacancy,0,Vacancy,True
7503,2024-10-08,03:56:08,0,Vacancy,0,Vacancy,True
7504,2024-10-08,03:56:24,0,Vacancy,0,Vacancy,True
7505,2024-10-08,03:56:40,0,Vacancy,0,Vacancy,True
7506,2024-10-08,03:56:56,0,Vacancy,0,Vacancy,True
7507,2024-10-08,03:57:12,0,Vacancy,0,Vacancy,True
7508,2024-10-08,03:57:28,0,Vacancy,0,Vacancy,True
7509,2024-10-08,03:57:44,0,Vacancy,0,Vacancy,True
7510,2024-10-08,03:58:00,0,Vacancy,0,Vacancy,True
7511,2024-10-08,03:58:16,0,Vacancy,0,Vacancy,True
7512,2024-10-08,03:58:32,0,Vacancy,0,Vacancy,True
7513,2024-10-08,03:58:48,0,Vacancy,0,Vacancy,True
7514,2024-10-08,03:59:04,0,Vacancy,0,Vacancy,True
7515,2024-10-08,03:59:20,0,Vacancy,0,Vacancy,True
7516,2024-10-08,03:59:36,0,Vacancy,0,Vacancy,True
7517,2024-10-08,03:59:52,0,Vacancy,0,Vacancy,True
7518,2024-10-08,04:00:08,0,Vacancy,0,Vacancy,True
7519,2024-10-08,04:00:24,0,Vacancy,0,Vacancy,True
7520,2024-10-08,04:00:40,0,Vacancy,0,Vacancy,True
7521,2024-10-08,04:00:56,0,Vacancy,0,Vacancy,True
7522,2024-10-08,04:01:12,0,Vacancy,0,Vacancy,True
7523,2024-10-08,04:01:28,0,Vacancy,0,Vacancy,True
7524,2024-10-08,04:01:44,0,Vacancy,0,Vacancy,True
7525,2024-10-08,04:02:00,0,Vacancy,0,Vacancy,True
7526,2024-10-08,04:02:16,0,Vacancy,0,Vacancy,True
7527,2024-10-08,04:02:32,0,Vacancy,0,Vacancy,True
7528,2024-10-08,04:02:48,0,Vacancy,0,Vacancy,True
7529,2024-10-08,04:03:04,0,Vacancy,0,Vacancy,True
7530,2024-10-08,04:03:20,0,Vacancy,0,Vacancy,True
7531,2024-10-08,04:03:36,0,Vacancy,0,Vacancy,True
7532,2024-10-08,04:03:52,0,Vacancy,0,Vacancy,True
7533,2024-10-08,04:04:08,0,Vacancy,0,Vacancy,True
7534,2024-10-08,04:04:24,0,Vacancy,0,Vacancy,True
7535,2024-10-08,04:04:40,0,Vacancy,0,Vacancy,True
7536,2024-10-08,04:04:56,0,Vacancy,0,Vacancy,True
7537,2024-10-08,04:05:12,0,Vacancy,0,Vacancy,True
7538,2024-10-08,04:05:28,0,Vacancy,0,Vacancy,True
7539,2024-10-08,04:05:44,0,Vacancy,0,Vacancy,True
7540,2024-10-08,04:06:00,0,Vacancy,0,Vacancy,True
7541,2024-10-08,04:06:16,0,Vacancy,0,Vacancy,True
7542,2024-10-08,04:06:32,0,Vacancy,0,Vacancy,True
7543,2024-10-08,04:06:48,0,Vacancy,0,Vacancy,True
7544,2024-10-08,04:07:04,0,Vacancy,0,Vacancy,True
7545,2024-10-08,04:07:20,0,Vacancy,0,Vacancy,True
7546,2024-10-08,04:07:36,0,Vacancy,0,Vacancy,True
7547,2024-10-08,04:07:52,0,Vacancy,0,Vacancy,True
7548,2024-10-08,04:08:08,0,Vacancy,0,Vacancy,True
7549,2024-10-08,04:08:24,0,Vacancy,0,Vacancy,True
7550,2024-10-08,04:08:40,0,Vacancy,0,Vacancy,True
7551,2024-10-08,04:08:56,0,Vacancy,0,Vacancy,True
7552,2024-10-08,04:09:12,0,Vacancy,0,Vacancy,True
7553,2024-10-08,04:09:28,0,Vacancy,0,Vacancy,True
7554,2024-10-08,04:09:44,0,Vacancy,0,Vacancy,True
7555,2024-10-08,04:10:00,0,Vacancy,0,Vacancy,True
7556,2024-10-08,04:10:16,0,Vacancy,0,Vacancy,True
7557,2024-10-08,04:10:32,0,Vacancy,0,Vacancy,True
7558,2024-10-08,04:10:48,0,Vacancy,0,Vacancy,True
7559,2024-10-08,04:11:04,0,Vacancy,0,Vacancy,True
7560,2024-10-08,04:11:20,0,Vacancy,0,Vacancy,True
7561,2024-10-08,04:11:36,0,Vacancy,0,Vacancy,True
7562,2024-10-08,04:11:52,0,Vacancy,0,Vacancy,True
7563,2024-10-08,04:12:08,0,Vacancy,0,Vacancy,True
7564,2024-10-08,04:12:24,0,Vacancy,0,Vacancy,True
7565,2024-10-08,04:12:40,0,Vacancy,0,Vacancy,True
7566,2024-10-08,04:12:56,0,Vacancy,0,Vacancy,True
7567,2024-10-08,04:13:12,0,Vacancy,0,Vacancy,True
7568,2024-10-08,04:13:28,0,Vacancy,0,Vacancy,True
7569,2024-10-08,04:13:44,0,Vacancy,0,Vacancy,True
7570,2024-10-08,04:14:00,0,Vacancy,0,Vacancy,True
7571,2024-10-08,04:14:16,0,Vacancy,0,Vacancy,True
7572,2024-10-08,04:14:32,0,Vacancy,0,Vacancy,True
7573,2024-10-08,04:14:48,0,Vacancy,0,Vacancy,True
7574,2024-10-08,04:15:04,0,Vacancy,0,Vacancy,True
7575,2024-10-08,04:15:20,0,Vacancy,0,Vacancy,True
7576,2024-10-08,04:15:36,0,Vacancy,0,Vacancy,True
7577,2024-10-08,04:15:52,0,Vacancy,0,Vacancy,True
7578,2024-10-08,04:16:08,0,Vacancy,0,Vacancy,True
7579,2024-10-08,04:16:24,0,Vacancy,0,Vacancy,True
7580,2024-10-08,04:16:40,0,Vacancy,0,Vacancy,True
7581,2024-10-08,04:16:56,0,Vacancy,0,Vacancy,True
7582,2024-10-08,04:17:12,0,Vacancy,0,Vacancy,True
7583,2024-10-08,04:17:28,0,Vacancy,0,Vacancy,True
7584,2024-10-08,04:17:44,0,Vacancy,0,Vacancy,True
7585,2024-10-08,04:18:00,0,Vacancy,0,Vacancy,True
7586,2024-10-08,04:18:16,0,Vacancy,0,Vacancy,True
7587,2024-10-08,04:18:32,0,Vacancy,0,Vacancy,True
7588,2024-10-08,04:18:48,0,Vacancy,0,Vacancy,True
7589,2024-10-08,04:19:04,0,Vacancy,0,Vacancy,True
7590,2024-10-08,04:19:20,0,Vacancy,0,Vacancy,True
7591,2024-10-08,04:19:36,0,Vacancy,0,Vacancy,True
7592,2024-10-08,04:19:52,0,Vacancy,0,Vacancy,True
7593,2024-10-08,04:20:08,0,Vacancy,0,Vacancy,True
7594,2024-10-08,04:20:24,0,Vacancy,0,Vacancy,True
7595,2024-10-08,04:20:40,0,Vacancy,0,Vacancy,True
7596,2024-10-08,04:20:56,0,Vacancy,0,Vacancy,True
7597,2024-10-08,04:21:12,0,Vacancy,0,Vacancy,True
7598,2024-10-08,04:21:28,0,Vacancy,0,Vacancy,True
7599,2024-10-08,04:21:44,0,Vacancy,0,Vacancy,True
7600,2024-10-08,04:22:00,0,Vacancy,0,Vacancy,True
7601,2024-10-08,04:22:16,0,Vacancy,0,Vacancy,True
7602,2024-10-08,04:22:32,0,Vacancy,0,Vacancy,True
7603,2024-10-08,04:22:48,0,Vacancy,0,Vacancy,True
7604,2024-10-08,04:23:04,0,Vacancy,0,Vacancy,True
7605,2024-10-08,04:23:20,0,Vacancy,0,Vacancy,True
7606,2024-10-08,04:23:36,0,Vacancy,0,Vacancy,True
7607,2024-10-08,04:23:52,0,Vacancy,0,Vacancy,True
7608,2024-10-08,04:24:08,0,Vacancy,0,Vacancy,True
7609,2024-10-08,04:24:24,0,Vacancy,0,Vacancy,True
7610,2024-10-08,04:24:40,0,Vacancy,0,Vacancy,True
7611,2024-10-08,04:24:56,0,Vacancy,0,Vacancy,True
7612,2024-10-08,04:25:12,0,Vacancy,0,Vacancy,True
7613,2024-10-08,04:25:28,0,Vacancy,0,Vacancy,True
7614,2024-10-08,04:25:44,0,Vacancy,0,Vacancy,True
7615,2024-10-08,04:26:00,0,Vacancy,0,Vacancy,True
7616,2024-10-08,04:26:16,0,Vacancy,0,Vacancy,True
7617,2024-10-08,04:26:32,0,Vacancy,0,Vacancy,True
7618,2024-10-08,04:26:48,0,Vacancy,0,Vacancy,True
7619,2024-10-08,04:27:04,0,Vacancy,0,Vacancy,True
7620,2024-10-08,04:27:20,0,Vacancy,0,Vacancy,True
7621,2024-10-08,04:27:36,0,Vacancy,0,Vacancy,True
7622,2024-10-08,04:27:52,0,Vacancy,0,Vacancy,True
7623,2024-10-08,04:28:08,0,Vacancy,0,Vacancy,True
7624,2024-10-08,04:28:24,0,Vacancy,0,Vacancy,True
7625,2024-10-08,04:28:40,0,Vacancy,0,Vacancy,True
7626,2024-10-08,04:28:56,0,Vacancy,0,Vacancy,True
7627,2024-10-08,04:29:12,0,Vacancy,0,Vacancy,True
7628,2024-10-08,04:29:29,0,Vacancy,0,Vacancy,True
7629,2024-10-08,04:29:44,0,Vacancy,0,Vacancy,True
7630,2024-10-08,04:30:00,0,Vacancy,0,Vacancy,True
7631,2024-10-08,04:30:16,0,Vacancy,0,Vacancy,True
7632,2024-10-08,04:30:32,0,Vacancy,0,Vacancy,True
7633,2024-10-08,04:30:48,0,Vacancy,0,Vacancy,True
7634,2024-10-08,04:31:05,0,Vacancy,0,Vacancy,True
7635,2024-10-08,04:31:20,0,Vacancy,0,Vacancy,True
7636,2024-10-08,04:31:36,0,Vacancy,0,Vacancy,True
7637,2024-10-08,04:31:53,0,Vacancy,0,Vacancy,True
7638,2024-10-08,04:32:09,0,Vacancy,0,Vacancy,True
7639,2024-10-08,04:32:24,0,Vacancy,0,Vacancy,True
7640,2024-10-08,04:32:41,0,Vacancy,0,Vacancy,True
7641,2024-10-08,04:32:57,0,Vacancy,0,Vacancy,True
7642,2024-10-08,04:33:13,0,Vacancy,0,Vacancy,True
7643,2024-10-08,04:33:29,0,Vacancy,0,Vacancy,True
7644,2024-10-08,04:33:45,0,Vacancy,0,Vacancy,True
7645,2024-10-08,04:34:01,0,Vacancy,0,Vacancy,True
7646,2024-10-08,04:34:17,0,Vacancy,0,Vacancy,True
7647,2024-10-08,04:34:33,0,Vacancy,0,Vacancy,True
7648,2024-10-08,04:34:49,0,Vacancy,0,Vacancy,True
7649,2024-10-08,04:35:05,0,Vacancy,0,Vacancy,True
7650,2024-10-08,04:35:21,0,Vacancy,0,Vacancy,True
